quadrat_number,note_new_quadrat,herbs_present,herb_species-all_unknown_unidentifiable,herb_species-selected_herb_species_uuids,herb_species-count_herb_species,herb_species-note_herb_species_count,additional_species_present,species_list-known_species_list,species_list-additional_species_list,species_list-all_species_list,species_list-note_species_summary_heading,species_list-note_species_list,quadrat_image,location_quadrat-Latitude,location_quadrat-Longitude,location_quadrat-Altitude,location_quadrat-Accuracy,quadrat_comment,PARENT_KEY,KEY
1,,yes,no,3c3ff64b-92fd-4d60-9022-63a7c599e108 e3454aa0-e2f6-495b-9aea-90847fdd1858,2,,yes,Indigofera schimperi<br/>Ocimum americanum,herb_002<br/>Pogonarthria fleckii<br/>Oldenladia corymbosa,Indigofera schimperi<br/>Ocimum americanum<br/>herb_002<br/>Pogonarthria fleckii<br/>Oldenladia corymbosa,,,1779867822715.jpg,0.2196134,37.4810664,973.0716350743628,2.4,,uuid:599e04cf-832f-4535-8305-967918d12026,uuid:599e04cf-832f-4535-8305-967918d12026/observations/quadrat_repeat[1]
2,,yes,no,f407986d-94a5-4fa9-a058-b9f183687960,1,,yes,Sida cordifolia,Tephrosia purpurea<br/>Pogonarthria fleckii<br/>herb_007<br/>herb_054,Sida cordifolia<br/>Tephrosia purpurea<br/>Pogonarthria fleckii<br/>herb_007<br/>herb_054,,,1779868056548.jpg,0.2196214,37.4810609,983.9,1.65,,uuid:599e04cf-832f-4535-8305-967918d12026,uuid:599e04cf-832f-4535-8305-967918d12026/observations/quadrat_repeat[2]
3,,yes,no,3c3ff64b-92fd-4d60-9022-63a7c599e108 e3454aa0-e2f6-495b-9aea-90847fdd1858,2,,yes,Indigofera schimperi<br/>Ocimum americanum,Evolvulus alsinoides <br/>Tephrosia purpurea<br/>Pogonarthria fleckii<br/>herb_011,Indigofera schimperi<br/>Ocimum americanum<br/>Evolvulus alsinoides <br/>Tephrosia purpurea<br/>Pogonarthria fleckii<br/>herb_011,,,1779868189471.jpg,0.2196333,37.4811243,988.8,3.1,,uuid:599e04cf-832f-4535-8305-967918d12026,uuid:599e04cf-832f-4535-8305-967918d12026/observations/quadrat_repeat[3]
4,,yes,no,8fb56826-0f75-4fd9-afc2-f995f704dbcf e3454aa0-e2f6-495b-9aea-90847fdd1858 3c3ff64b-92fd-4d60-9022-63a7c599e108,3,,yes,Indigofera schimperi<br/>Ocimum americanum<br/>Hibiscus micranthus,Tephrosia purpurea<br/>Pogonarthria fleckii<br/>Xenostegia tridentata,Indigofera schimperi<br/>Ocimum americanum<br/>Hibiscus micranthus<br/>Tephrosia purpurea<br/>Pogonarthria fleckii<br/>Xenostegia tridentata,,,1779868332712.jpg,0.2195920,37.4811610,988.7056423300718,2.9,,uuid:599e04cf-832f-4535-8305-967918d12026,uuid:599e04cf-832f-4535-8305-967918d12026/observations/quadrat_repeat[4]
5,,yes,no,e3454aa0-e2f6-495b-9aea-90847fdd1858 3c3ff64b-92fd-4d60-9022-63a7c599e108,2,,yes,Indigofera schimperi<br/>Ocimum americanum,Tephrosia purpurea<br/>Pogonarthria fleckii<br/>herb_054<br/>herb_103,Indigofera schimperi<br/>Ocimum americanum<br/>Tephrosia purpurea<br/>Pogonarthria fleckii<br/>herb_054<br/>herb_103,,,1779868804725.jpg,0.2195610,37.4812170,962.1999999999999,3.2,,uuid:599e04cf-832f-4535-8305-967918d12026,uuid:599e04cf-832f-4535-8305-967918d12026/observations/quadrat_repeat[5]
6,,yes,no,8fb56826-0f75-4fd9-afc2-f995f704dbcf,1,,yes,Hibiscus micranthus,Xenostegia tridentata<br/>Rhynchosia totta<br/>herb_054,Hibiscus micranthus<br/>Xenostegia tridentata<br/>Rhynchosia totta<br/>herb_054,,,1779869023316.jpg,0.2195852,37.4813500,985.6118631018016,3.2,,uuid:599e04cf-832f-4535-8305-967918d12026,uuid:599e04cf-832f-4535-8305-967918d12026/observations/quadrat_repeat[6]
7,,yes,no,008f3da5-910b-4d85-a844-c5ab8b75fcd8 cdc30e17-bf4f-4243-9c0b-0698d69bc373,2,,yes,Aristida adscensionis<br/>Pogonarthria squarrosa,Rhynchosia totta<br/>Tephrosia purpurea<br/>herb_011,Aristida adscensionis<br/>Pogonarthria squarrosa<br/>Rhynchosia totta<br/>Tephrosia purpurea<br/>herb_011,,,1779869180655.jpg,0.2195408,37.4813202,988.7056423300718,4.3,,uuid:599e04cf-832f-4535-8305-967918d12026,uuid:599e04cf-832f-4535-8305-967918d12026/observations/quadrat_repeat[7]
8,,yes,no,e3454aa0-e2f6-495b-9aea-90847fdd1858 008f3da5-910b-4d85-a844-c5ab8b75fcd8,2,,yes,Aristida adscensionis<br/>Indigofera schimperi,Rhynchosia totta,Aristida adscensionis<br/>Indigofera schimperi<br/>Rhynchosia totta,,,1779869241450.jpg,0.2195781,37.4813206,988.8,3.3,,uuid:599e04cf-832f-4535-8305-967918d12026,uuid:599e04cf-832f-4535-8305-967918d12026/observations/quadrat_repeat[8]
9,,yes,no,008f3da5-910b-4d85-a844-c5ab8b75fcd8,1,,yes,Aristida adscensionis,herb_010<br/>Evolvulus alsinoides <br/>Rhynchosia totta,Aristida adscensionis<br/>herb_010<br/>Evolvulus alsinoides <br/>Rhynchosia totta,,,1779869353131.jpg,0.2195770,37.4813717,988.9887184457428,2.6,,uuid:599e04cf-832f-4535-8305-967918d12026,uuid:599e04cf-832f-4535-8305-967918d12026/observations/quadrat_repeat[9]
10,,yes,no,008f3da5-910b-4d85-a844-c5ab8b75fcd8 e3454aa0-e2f6-495b-9aea-90847fdd1858,2,,yes,Aristida adscensionis<br/>Indigofera schimperi,Xenostegia tridentata<br/>Pogonarthria fleckii,Aristida adscensionis<br/>Indigofera schimperi<br/>Xenostegia tridentata<br/>Pogonarthria fleckii,,,1779869456161.jpg,0.2195871,37.4814846,988.8,3.5,,uuid:599e04cf-832f-4535-8305-967918d12026,uuid:599e04cf-832f-4535-8305-967918d12026/observations/quadrat_repeat[10]
11,,yes,no,e3454aa0-e2f6-495b-9aea-90847fdd1858 8fb56826-0f75-4fd9-afc2-f995f704dbcf,2,,yes,Indigofera schimperi<br/>Hibiscus micranthus,herb_103<br/>Sida chrysantha<br/>Pogonarthria fleckii,Indigofera schimperi<br/>Hibiscus micranthus<br/>herb_103<br/>Sida chrysantha<br/>Pogonarthria fleckii,,,1779869608133.jpg,0.2195415,37.4814700,989.1943576699282,2.7,,uuid:599e04cf-832f-4535-8305-967918d12026,uuid:599e04cf-832f-4535-8305-967918d12026/observations/quadrat_repeat[11]
12,,yes,no,3c3ff64b-92fd-4d60-9022-63a7c599e108 918a4122-ccf7-4781-8448-7eae7aac7c44,2,,yes,Hermannia tomentosa<br/>Ocimum americanum,Pogonarthria fleckii<br/>Sida chrysantha,Hermannia tomentosa<br/>Ocimum americanum<br/>Pogonarthria fleckii<br/>Sida chrysantha,,,1779869704266.jpg,0.2195423,37.4813797,990.1,2.6,,uuid:599e04cf-832f-4535-8305-967918d12026,uuid:599e04cf-832f-4535-8305-967918d12026/observations/quadrat_repeat[12]
13,,yes,no,3c3ff64b-92fd-4d60-9022-63a7c599e108,1,,yes,Ocimum americanum,Tephrosia purpurea<br/>Pogonarthria fleckii,Ocimum americanum<br/>Tephrosia purpurea<br/>Pogonarthria fleckii,,,1779869760693.jpg,0.2195300,37.4813736,990.1943597405275,3.4,,uuid:599e04cf-832f-4535-8305-967918d12026,uuid:599e04cf-832f-4535-8305-967918d12026/observations/quadrat_repeat[13]
14,,yes,no,e3454aa0-e2f6-495b-9aea-90847fdd1858 3c3ff64b-92fd-4d60-9022-63a7c599e108 cdc30e17-bf4f-4243-9c0b-0698d69bc373,3,,yes,Indigofera schimperi<br/>Ocimum americanum<br/>Pogonarthria squarrosa,Tephrosia purpurea<br/>Rhynchosia totta<br/>herb_011,Indigofera schimperi<br/>Ocimum americanum<br/>Pogonarthria squarrosa<br/>Tephrosia purpurea<br/>Rhynchosia totta<br/>herb_011,,,1779869884921.jpg,0.2195512,37.4813543,989.5717987027452,3.0,,uuid:599e04cf-832f-4535-8305-967918d12026,uuid:599e04cf-832f-4535-8305-967918d12026/observations/quadrat_repeat[14]
15,,yes,yes,,0,,yes,,Rhynchosia totta,Rhynchosia totta,,,1779869971400.jpg,0.2195590,37.4812145,989.7599500386722,2.95,,uuid:599e04cf-832f-4535-8305-967918d12026,uuid:599e04cf-832f-4535-8305-967918d12026/observations/quadrat_repeat[15]
16,,yes,yes,,0,,yes,,Tephrosia purpurea<br/>Xenostegia tridentata<br/>herb_104 (Justicia divaricata ),Tephrosia purpurea<br/>Xenostegia tridentata<br/>herb_104 (Justicia divaricata ),,,1779870363094.jpg,0.2195259,37.4812171,990.419950724763,3.1,,uuid:599e04cf-832f-4535-8305-967918d12026,uuid:599e04cf-832f-4535-8305-967918d12026/observations/quadrat_repeat[16]
17,,yes,no,3c3ff64b-92fd-4d60-9022-63a7c599e108 e3454aa0-e2f6-495b-9aea-90847fdd1858 42b6fdde-7193-48e4-8a16-488eae05fab9,3,,yes,Indigofera schimperi<br/>Ipomoea coptica<br/>Ocimum americanum,herb_103<br/>Tephrosia purpurea,Indigofera schimperi<br/>Ipomoea coptica<br/>Ocimum americanum<br/>herb_103<br/>Tephrosia purpurea,,,1779870495523.jpg,0.2195667,37.4811882,990.5143228781566,4.0,,uuid:599e04cf-832f-4535-8305-967918d12026,uuid:599e04cf-832f-4535-8305-967918d12026/observations/quadrat_repeat[17]
18,,yes,no,3c3ff64b-92fd-4d60-9022-63a7c599e108 cdc30e17-bf4f-4243-9c0b-0698d69bc373 e3454aa0-e2f6-495b-9aea-90847fdd1858 008f3da5-910b-4d85-a844-c5ab8b75fcd8,4,,no,Aristida adscensionis<br/>Indigofera schimperi<br/>Ocimum americanum<br/>Pogonarthria squarrosa,,Aristida adscensionis<br/>Indigofera schimperi<br/>Ocimum americanum<br/>Pogonarthria squarrosa,,,1779870588555.jpg,0.2195685,37.4811700,991.2769235015039,3.6,,uuid:599e04cf-832f-4535-8305-967918d12026,uuid:599e04cf-832f-4535-8305-967918d12026/observations/quadrat_repeat[18]
19,,yes,no,e3454aa0-e2f6-495b-9aea-90847fdd1858 8fb56826-0f75-4fd9-afc2-f995f704dbcf 3c3ff64b-92fd-4d60-9022-63a7c599e108 cdc30e17-bf4f-4243-9c0b-0698d69bc373,4,,yes,Indigofera schimperi<br/>Ocimum americanum<br/>Pogonarthria squarrosa<br/>Hibiscus micranthus,Tephrosia purpurea,Indigofera schimperi<br/>Ocimum americanum<br/>Pogonarthria squarrosa<br/>Hibiscus micranthus<br/>Tephrosia purpurea,,,1779870648432.jpg,0.2196045,37.4810893,991.5143539166419,4.3,,uuid:599e04cf-832f-4535-8305-967918d12026,uuid:599e04cf-832f-4535-8305-967918d12026/observations/quadrat_repeat[19]
20,,yes,no,883b0fcc-8eea-4779-b237-22e299be16fc 3c3ff64b-92fd-4d60-9022-63a7c599e108 e3454aa0-e2f6-495b-9aea-90847fdd1858,3,,yes,Indigofera schimperi<br/>Commelina benghalensis<br/>Ocimum americanum,herb_054<br/>Tephrosia purpurea<br/>Pogonarthria fleckii,Indigofera schimperi<br/>Commelina benghalensis<br/>Ocimum americanum<br/>herb_054<br/>Tephrosia purpurea<br/>Pogonarthria fleckii,,,1779870730388.jpg,0.2195417,37.4810221,989.8825534132098,3.8,,uuid:599e04cf-832f-4535-8305-967918d12026,uuid:599e04cf-832f-4535-8305-967918d12026/observations/quadrat_repeat[20]
1,,yes,no,008f3da5-910b-4d85-a844-c5ab8b75fcd8,1,,yes,Aristida adscensionis,herb_009,Aristida adscensionis<br/>herb_009,,,1779799847425.jpg,0.2256285,37.4567051,979.4197015350375,4.65,,uuid:c6cc7231-7af6-4bc5-b281-565c53f21763,uuid:c6cc7231-7af6-4bc5-b281-565c53f21763/observations/quadrat_repeat[1]
2,,yes,no,008f3da5-910b-4d85-a844-c5ab8b75fcd8 883b0fcc-8eea-4779-b237-22e299be16fc,2,,no,Aristida adscensionis<br/>Commelina benghalensis,,Aristida adscensionis<br/>Commelina benghalensis,,,1779799929559.jpg,0.2256489,37.4567650,978.933355728595,3.8,,uuid:c6cc7231-7af6-4bc5-b281-565c53f21763,uuid:c6cc7231-7af6-4bc5-b281-565c53f21763/observations/quadrat_repeat[2]
3,,yes,no,008f3da5-910b-4d85-a844-c5ab8b75fcd8 02095f2b-f29e-40ef-a5df-74afebed7960 883b0fcc-8eea-4779-b237-22e299be16fc,3,,yes,Aristida adscensionis<br/>Commelina benghalensis<br/>Kalanchoe lanceolata,herb_010<br/>Rhynchosia totta,Aristida adscensionis<br/>Commelina benghalensis<br/>Kalanchoe lanceolata<br/>herb_010<br/>Rhynchosia totta,,,1779800036273.jpg,0.2257003,37.4567409,979.3,4.45,,uuid:c6cc7231-7af6-4bc5-b281-565c53f21763,uuid:c6cc7231-7af6-4bc5-b281-565c53f21763/observations/quadrat_repeat[3]
4,,yes,yes,,0,,yes,,herb_009<br/>Macrotalyma daltonii,herb_009<br/>Macrotalyma daltonii,,,1779800086963.jpg,0.2256408,37.4567273,978.7105347145392,4.233,,uuid:c6cc7231-7af6-4bc5-b281-565c53f21763,uuid:c6cc7231-7af6-4bc5-b281-565c53f21763/observations/quadrat_repeat[4]
5,,yes,no,02095f2b-f29e-40ef-a5df-74afebed7960 d28bc79a-42b8-4cf2-991b-acd944f819fa,2,,yes,Kalanchoe lanceolata<br/>Pupalia lappacea,herb_010<br/>herb_016<br/>herb_045,Kalanchoe lanceolata<br/>Pupalia lappacea<br/>herb_010<br/>herb_016<br/>herb_045,,,1779800179772.jpg,0.2255965,37.4569156,978.6888897217551,3.1,,uuid:c6cc7231-7af6-4bc5-b281-565c53f21763,uuid:c6cc7231-7af6-4bc5-b281-565c53f21763/observations/quadrat_repeat[5]
6,,yes,no,e3454aa0-e2f6-495b-9aea-90847fdd1858,1,,yes,Indigofera schimperi,herb_094<br/>Tephrosia purpurea<br/>Pogonarthria fleckii,Indigofera schimperi<br/>herb_094<br/>Tephrosia purpurea<br/>Pogonarthria fleckii,,,1779800260736.jpg,0.2256187,37.4569513,978.7086246125536,3.9,,uuid:c6cc7231-7af6-4bc5-b281-565c53f21763,uuid:c6cc7231-7af6-4bc5-b281-565c53f21763/observations/quadrat_repeat[6]
7,,yes,no,e3454aa0-e2f6-495b-9aea-90847fdd1858 3c3ff64b-92fd-4d60-9022-63a7c599e108 8fb56826-0f75-4fd9-afc2-f995f704dbcf,3,,yes,Indigofera schimperi<br/>Ocimum americanum<br/>Hibiscus micranthus,herb_010,Indigofera schimperi<br/>Ocimum americanum<br/>Hibiscus micranthus<br/>herb_010,,,1779800314400.jpg,0.2256126,37.4569340,978.6138893673143,4.2,,uuid:c6cc7231-7af6-4bc5-b281-565c53f21763,uuid:c6cc7231-7af6-4bc5-b281-565c53f21763/observations/quadrat_repeat[7]
8,,yes,no,e3454aa0-e2f6-495b-9aea-90847fdd1858 f407986d-94a5-4fa9-a058-b9f183687960,2,,yes,Indigofera schimperi<br/>Sida cordifolia,Pogonarthria fleckii<br/>Tephrosia purpurea<br/>herb_017,Indigofera schimperi<br/>Sida cordifolia<br/>Pogonarthria fleckii<br/>Tephrosia purpurea<br/>herb_017,,,1779800365088.jpg,0.2255835,37.4570809,978.8947352452393,3.866,,uuid:c6cc7231-7af6-4bc5-b281-565c53f21763,uuid:c6cc7231-7af6-4bc5-b281-565c53f21763/observations/quadrat_repeat[8]
9,,yes,no,e3454aa0-e2f6-495b-9aea-90847fdd1858,1,,yes,Indigofera schimperi,Tephrosia purpurea<br/>Pogonarthria fleckii<br/>herb_017,Indigofera schimperi<br/>Tephrosia purpurea<br/>Pogonarthria fleckii<br/>herb_017,,,1779800413978.jpg,0.2255243,37.4570849,979.0888918025032,4.1,,uuid:c6cc7231-7af6-4bc5-b281-565c53f21763,uuid:c6cc7231-7af6-4bc5-b281-565c53f21763/observations/quadrat_repeat[9]
10,,yes,no,e3454aa0-e2f6-495b-9aea-90847fdd1858 c1a4c299-0f56-4c4b-92f9-b39be88b0291,2,,yes,Indigofera schimperi<br/>Oxygonum alatum,Pogonarthria fleckii<br/>Tephrosia purpurea<br/>herb_101,Indigofera schimperi<br/>Oxygonum alatum<br/>Pogonarthria fleckii<br/>Tephrosia purpurea<br/>herb_101,,,1779800494945.jpg,0.2254955,37.4571451,978.9894715340679,3.75,,uuid:c6cc7231-7af6-4bc5-b281-565c53f21763,uuid:c6cc7231-7af6-4bc5-b281-565c53f21763/observations/quadrat_repeat[10]
11,,yes,no,e3454aa0-e2f6-495b-9aea-90847fdd1858,1,,yes,Indigofera schimperi,herb_016<br/>herb_017<br/>Evolvulus alsinoides ,Indigofera schimperi<br/>herb_016<br/>herb_017<br/>Evolvulus alsinoides ,,,1779800536043.jpg,0.2254954,37.4571657,976.5842119973474,3.4,,uuid:c6cc7231-7af6-4bc5-b281-565c53f21763,uuid:c6cc7231-7af6-4bc5-b281-565c53f21763/observations/quadrat_repeat[11]
12,,yes,no,42b6fdde-7193-48e4-8a16-488eae05fab9 e3454aa0-e2f6-495b-9aea-90847fdd1858,2,,yes,Indigofera schimperi<br/>Ipomoea coptica,herb_017<br/>Tephrosia purpurea,Indigofera schimperi<br/>Ipomoea coptica<br/>herb_017<br/>Tephrosia purpurea,,,1779800580188.jpg,0.2254772,37.4570606,975.9731141915856,4.2,,uuid:c6cc7231-7af6-4bc5-b281-565c53f21763,uuid:c6cc7231-7af6-4bc5-b281-565c53f21763/observations/quadrat_repeat[12]
13,,yes,no,e3454aa0-e2f6-495b-9aea-90847fdd1858 42b6fdde-7193-48e4-8a16-488eae05fab9,2,,yes,Indigofera schimperi<br/>Ipomoea coptica,Xenostegia tridentata<br/>herb_017<br/>herb_102 (Cyperus margaritaceus),Indigofera schimperi<br/>Ipomoea coptica<br/>Xenostegia tridentata<br/>herb_017<br/>herb_102 (Cyperus margaritaceus),,,1779800678419.jpg,0.2254886,37.4569792,977.0573418250681,3.2,,uuid:c6cc7231-7af6-4bc5-b281-565c53f21763,uuid:c6cc7231-7af6-4bc5-b281-565c53f21763/observations/quadrat_repeat[13]
14,,yes,no,e3454aa0-e2f6-495b-9aea-90847fdd1858 3c3ff64b-92fd-4d60-9022-63a7c599e108,2,,yes,Indigofera schimperi<br/>Ocimum americanum,herb_010<br/>Pogonarthria fleckii<br/>Tephrosia purpurea,Indigofera schimperi<br/>Ocimum americanum<br/>herb_010<br/>Pogonarthria fleckii<br/>Tephrosia purpurea,,,1779800741742.jpg,0.2255210,37.4570050,977.2468321328855,4.4,,uuid:c6cc7231-7af6-4bc5-b281-565c53f21763,uuid:c6cc7231-7af6-4bc5-b281-565c53f21763/observations/quadrat_repeat[14]
15,,yes,no,8fb56826-0f75-4fd9-afc2-f995f704dbcf e3454aa0-e2f6-495b-9aea-90847fdd1858,2,,yes,Indigofera schimperi<br/>Hibiscus micranthus,herb_054<br/>Pogonarthria fleckii,Indigofera schimperi<br/>Hibiscus micranthus<br/>herb_054<br/>Pogonarthria fleckii,,,1779800837998.jpg,0.2255504,37.4569477,976.4468321328856,4.3,,uuid:c6cc7231-7af6-4bc5-b281-565c53f21763,uuid:c6cc7231-7af6-4bc5-b281-565c53f21763/observations/quadrat_repeat[15]
16,,yes,no,1dc71d7e-f47b-47f5-8dbb-7e82c9867534 008f3da5-910b-4d85-a844-c5ab8b75fcd8,2,,yes,Aristida adscensionis<br/>Melinis repens,herb_009<br/>herb_010,Aristida adscensionis<br/>Melinis repens<br/>herb_009<br/>herb_010,,,1779800901097.jpg,0.2255476,37.4569119,976.3357363706891,4.633,,uuid:c6cc7231-7af6-4bc5-b281-565c53f21763,uuid:c6cc7231-7af6-4bc5-b281-565c53f21763/observations/quadrat_repeat[16]
17,,yes,no,008f3da5-910b-4d85-a844-c5ab8b75fcd8 d28bc79a-42b8-4cf2-991b-acd944f819fa,2,,yes,Aristida adscensionis<br/>Pupalia lappacea,herb_010<br/>herb_024<br/>herb_029,Aristida adscensionis<br/>Pupalia lappacea<br/>herb_010<br/>herb_024<br/>herb_029,,,1779800963308.jpg,0.2255742,37.4569071,976.3357488825542,4.7,,uuid:c6cc7231-7af6-4bc5-b281-565c53f21763,uuid:c6cc7231-7af6-4bc5-b281-565c53f21763/observations/quadrat_repeat[17]
18,,yes,no,883b0fcc-8eea-4779-b237-22e299be16fc,1,,yes,Commelina benghalensis,Rhynchosia totta<br/>Pogonarthria fleckii,Commelina benghalensis<br/>Rhynchosia totta<br/>Pogonarthria fleckii,,,1779801014741.jpg,0.2254634,37.4568688,976.3983753168525,4.05,,uuid:c6cc7231-7af6-4bc5-b281-565c53f21763,uuid:c6cc7231-7af6-4bc5-b281-565c53f21763/observations/quadrat_repeat[18]
19,,yes,no,008f3da5-910b-4d85-a844-c5ab8b75fcd8,1,,yes,Aristida adscensionis,,Aristida adscensionis,,,1779801064165.jpg,0.2255895,37.4567621,976.5199984171531,4.35,,uuid:c6cc7231-7af6-4bc5-b281-565c53f21763,uuid:c6cc7231-7af6-4bc5-b281-565c53f21763/observations/quadrat_repeat[19]
20,,yes,no,5cc38ec9-36c1-4825-8985-275b3ac4eb8f 008f3da5-910b-4d85-a844-c5ab8b75fcd8,2,,yes,Aristida adscensionis<br/>Dicoma tomentosa,Rhynchosia totta<br/>herb_010<br/>herb_011,Aristida adscensionis<br/>Dicoma tomentosa<br/>Rhynchosia totta<br/>herb_010<br/>herb_011,,,1779801145616.jpg,0.2255876,37.4567467,976.2088724953772,3.8,,uuid:c6cc7231-7af6-4bc5-b281-565c53f21763,uuid:c6cc7231-7af6-4bc5-b281-565c53f21763/observations/quadrat_repeat[20]
1,,yes,no,008f3da5-910b-4d85-a844-c5ab8b75fcd8 883b0fcc-8eea-4779-b237-22e299be16fc,2,,yes,Aristida adscensionis<br/>Commelina benghalensis,herb_010<br/>herb_045<br/>Rhynchosia totta,Aristida adscensionis<br/>Commelina benghalensis<br/>herb_010<br/>herb_045<br/>Rhynchosia totta,,,1779781774236.jpg,0.2255892,37.4567434,993.6,3.3,,uuid:49d73df9-2d36-4a1e-aa29-6f94f23a7513,uuid:49d73df9-2d36-4a1e-aa29-6f94f23a7513/observations/quadrat_repeat[1]
2,,yes,no,42b6fdde-7193-48e4-8a16-488eae05fab9 883b0fcc-8eea-4779-b237-22e299be16fc 008f3da5-910b-4d85-a844-c5ab8b75fcd8,3,,yes,Aristida adscensionis<br/>Ipomoea coptica<br/>Commelina benghalensis,herb_010,Aristida adscensionis<br/>Ipomoea coptica<br/>Commelina benghalensis<br/>herb_010,,,1779781949251.jpg,0.2256391,37.4568140,993.6,4.2,,uuid:49d73df9-2d36-4a1e-aa29-6f94f23a7513,uuid:49d73df9-2d36-4a1e-aa29-6f94f23a7513/observations/quadrat_repeat[2]
3,,yes,no,02095f2b-f29e-40ef-a5df-74afebed7960 883b0fcc-8eea-4779-b237-22e299be16fc 008f3da5-910b-4d85-a844-c5ab8b75fcd8 d28bc79a-42b8-4cf2-991b-acd944f819fa,4,,yes,Aristida adscensionis<br/>Commelina benghalensis<br/>Kalanchoe lanceolata<br/>Pupalia lappacea,herb_010<br/>Rhynchosia totta,Aristida adscensionis<br/>Commelina benghalensis<br/>Kalanchoe lanceolata<br/>Pupalia lappacea<br/>herb_010<br/>Rhynchosia totta,,,1779782285201.jpg,0.2256171,37.4568735,993.1056309469717,2.05,,uuid:49d73df9-2d36-4a1e-aa29-6f94f23a7513,uuid:49d73df9-2d36-4a1e-aa29-6f94f23a7513/observations/quadrat_repeat[3]
4,,yes,yes,,0,,yes,,herb_009<br/>herb_010<br/>Rhynchosia totta<br/>Pogonarthria fleckii,herb_009<br/>herb_010<br/>Rhynchosia totta<br/>Pogonarthria fleckii,,,1779782509249.jpg,0.2256478,37.4569092,993.011262929457,2.4,,uuid:49d73df9-2d36-4a1e-aa29-6f94f23a7513,uuid:49d73df9-2d36-4a1e-aa29-6f94f23a7513/observations/quadrat_repeat[4]
5,,yes,no,02095f2b-f29e-40ef-a5df-74afebed7960,1,,yes,Kalanchoe lanceolata,herb_010<br/>herb_016<br/>Pogonarthria fleckii,Kalanchoe lanceolata<br/>herb_010<br/>herb_016<br/>Pogonarthria fleckii,,,1779782742732.jpg,0.2255784,37.4569336,992.8,2.0,,uuid:49d73df9-2d36-4a1e-aa29-6f94f23a7513,uuid:49d73df9-2d36-4a1e-aa29-6f94f23a7513/observations/quadrat_repeat[5]
6,,yes,no,e3454aa0-e2f6-495b-9aea-90847fdd1858 8fb56826-0f75-4fd9-afc2-f995f704dbcf 883b0fcc-8eea-4779-b237-22e299be16fc 4c3c1743-5505-4c19-8499-5f3f89bcc48f,4,,yes,Indigofera schimperi<br/>Commelina benghalensis<br/>Perotis patens<br/>Hibiscus micranthus,herb_002<br/>Tephrosia purpurea,Indigofera schimperi<br/>Commelina benghalensis<br/>Perotis patens<br/>Hibiscus micranthus<br/>herb_002<br/>Tephrosia purpurea,,,1779782868944.jpg,0.2256317,37.4569875,992.9056309469718,3.1,,uuid:49d73df9-2d36-4a1e-aa29-6f94f23a7513,uuid:49d73df9-2d36-4a1e-aa29-6f94f23a7513/observations/quadrat_repeat[6]
7,,yes,no,3c3ff64b-92fd-4d60-9022-63a7c599e108 e3454aa0-e2f6-495b-9aea-90847fdd1858,2,,yes,Indigofera schimperi<br/>Ocimum americanum,Oldenladia corymbosa,Indigofera schimperi<br/>Ocimum americanum<br/>Oldenladia corymbosa,,,1779783042249.jpg,0.2255892,37.4570585,992.611262929457,2.35,,uuid:49d73df9-2d36-4a1e-aa29-6f94f23a7513,uuid:49d73df9-2d36-4a1e-aa29-6f94f23a7513/observations/quadrat_repeat[7]
8,,yes,no,e3454aa0-e2f6-495b-9aea-90847fdd1858 8fb56826-0f75-4fd9-afc2-f995f704dbcf,2,,yes,Indigofera schimperi<br/>Hibiscus micranthus,Tephrosia purpurea<br/>Pogonarthria fleckii,Indigofera schimperi<br/>Hibiscus micranthus<br/>Tephrosia purpurea<br/>Pogonarthria fleckii,,,1779783283684.jpg,0.2255794,37.4571170,991.3,3.1,,uuid:49d73df9-2d36-4a1e-aa29-6f94f23a7513,uuid:49d73df9-2d36-4a1e-aa29-6f94f23a7513/observations/quadrat_repeat[8]
9,,yes,no,e3454aa0-e2f6-495b-9aea-90847fdd1858 42b6fdde-7193-48e4-8a16-488eae05fab9,2,,yes,Indigofera schimperi<br/>Ipomoea coptica,herb_101<br/>herb_017<br/>Tephrosia purpurea<br/>Pogonarthria fleckii,Indigofera schimperi<br/>Ipomoea coptica<br/>herb_101<br/>herb_017<br/>Tephrosia purpurea<br/>Pogonarthria fleckii,,,1779783750954.jpg,0.2255679,37.4571049,986.5,2.8,,uuid:49d73df9-2d36-4a1e-aa29-6f94f23a7513,uuid:49d73df9-2d36-4a1e-aa29-6f94f23a7513/observations/quadrat_repeat[9]
10,,yes,no,e3454aa0-e2f6-495b-9aea-90847fdd1858 cdc30e17-bf4f-4243-9c0b-0698d69bc373 c1a4c299-0f56-4c4b-92f9-b39be88b0291,3,,yes,Indigofera schimperi<br/>Oxygonum alatum<br/>Pogonarthria squarrosa,herb_017<br/>Tephrosia purpurea<br/>Pogonarthria fleckii<br/>herb_101,Indigofera schimperi<br/>Oxygonum alatum<br/>Pogonarthria squarrosa<br/>herb_017<br/>Tephrosia purpurea<br/>Pogonarthria fleckii<br/>herb_101,,,1779783908104.jpg,0.2256220,37.4571945,990.0,2.95,,uuid:49d73df9-2d36-4a1e-aa29-6f94f23a7513,uuid:49d73df9-2d36-4a1e-aa29-6f94f23a7513/observations/quadrat_repeat[10]
11,,yes,no,e3454aa0-e2f6-495b-9aea-90847fdd1858 42b6fdde-7193-48e4-8a16-488eae05fab9,2,,yes,Indigofera schimperi<br/>Ipomoea coptica,herb_016<br/>herb_017<br/>Evolvulus alsinoides ,Indigofera schimperi<br/>Ipomoea coptica<br/>herb_016<br/>herb_017<br/>Evolvulus alsinoides ,,,1779784018327.jpg,0.2255534,37.4571277,989.511262929457,2.7,,uuid:49d73df9-2d36-4a1e-aa29-6f94f23a7513,uuid:49d73df9-2d36-4a1e-aa29-6f94f23a7513/observations/quadrat_repeat[11]
12,,yes,no,e3454aa0-e2f6-495b-9aea-90847fdd1858 42b6fdde-7193-48e4-8a16-488eae05fab9 8fb56826-0f75-4fd9-afc2-f995f704dbcf,3,,yes,Indigofera schimperi<br/>Ipomoea coptica<br/>Hibiscus micranthus,Tephrosia purpurea<br/>herb_017<br/>herb_101,Indigofera schimperi<br/>Ipomoea coptica<br/>Hibiscus micranthus<br/>Tephrosia purpurea<br/>herb_017<br/>herb_101,,,1779784137685.jpg,0.2255124,37.4571154,990.3774699991158,3.65,,uuid:49d73df9-2d36-4a1e-aa29-6f94f23a7513,uuid:49d73df9-2d36-4a1e-aa29-6f94f23a7513/observations/quadrat_repeat[12]
13,,yes,no,883b0fcc-8eea-4779-b237-22e299be16fc 42b6fdde-7193-48e4-8a16-488eae05fab9 e3454aa0-e2f6-495b-9aea-90847fdd1858,3,,yes,Indigofera schimperi<br/>Ipomoea coptica<br/>Commelina benghalensis,herb_017<br/>herb_102 (Cyperus margaritaceus),Indigofera schimperi<br/>Ipomoea coptica<br/>Commelina benghalensis<br/>herb_017<br/>herb_102 (Cyperus margaritaceus),,,1779784598643.jpg,0.2255290,37.4570685,993.4,2.8,,uuid:49d73df9-2d36-4a1e-aa29-6f94f23a7513,uuid:49d73df9-2d36-4a1e-aa29-6f94f23a7513/observations/quadrat_repeat[13]
14,,yes,no,e3454aa0-e2f6-495b-9aea-90847fdd1858 3c3ff64b-92fd-4d60-9022-63a7c599e108 cdc30e17-bf4f-4243-9c0b-0698d69bc373,3,,yes,Indigofera schimperi<br/>Ocimum americanum<br/>Pogonarthria squarrosa,herb_017<br/>herb_009<br/>Tephrosia purpurea,Indigofera schimperi<br/>Ocimum americanum<br/>Pogonarthria squarrosa<br/>herb_017<br/>herb_009<br/>Tephrosia purpurea,,,1779784720956.jpg,0.2255707,37.4569901,989.5718969840907,2.8,,uuid:49d73df9-2d36-4a1e-aa29-6f94f23a7513,uuid:49d73df9-2d36-4a1e-aa29-6f94f23a7513/observations/quadrat_repeat[14]
15,,yes,no,e3454aa0-e2f6-495b-9aea-90847fdd1858 8fb56826-0f75-4fd9-afc2-f995f704dbcf cdc30e17-bf4f-4243-9c0b-0698d69bc373,3,,yes,Indigofera schimperi<br/>Pogonarthria squarrosa<br/>Hibiscus micranthus,herb_054<br/>herb_010,Indigofera schimperi<br/>Pogonarthria squarrosa<br/>Hibiscus micranthus<br/>herb_054<br/>herb_010,,,1779784898371.jpg,0.2255521,37.4569120,989.9200954854015,2.8,,uuid:49d73df9-2d36-4a1e-aa29-6f94f23a7513,uuid:49d73df9-2d36-4a1e-aa29-6f94f23a7513/observations/quadrat_repeat[15]
16,,yes,no,d28bc79a-42b8-4cf2-991b-acd944f819fa 008f3da5-910b-4d85-a844-c5ab8b75fcd8 fef04a86-9057-43e3-a920-1cc20a78d566,3,,yes,Aristida adscensionis<br/>Eragrostis trichophora<br/>Pupalia lappacea,herb_045<br/>herb_009<br/>herb_010,Aristida adscensionis<br/>Eragrostis trichophora<br/>Pupalia lappacea<br/>herb_045<br/>herb_009<br/>herb_010,,,1779785114473.jpg,0.2255661,37.4569004,992.5571571298254,2.6,,uuid:49d73df9-2d36-4a1e-aa29-6f94f23a7513,uuid:49d73df9-2d36-4a1e-aa29-6f94f23a7513/observations/quadrat_repeat[16]
17,,yes,no,008f3da5-910b-4d85-a844-c5ab8b75fcd8 d28bc79a-42b8-4cf2-991b-acd944f819fa,2,,yes,Aristida adscensionis<br/>Pupalia lappacea,herb_029<br/>herb_009,Aristida adscensionis<br/>Pupalia lappacea<br/>herb_029<br/>herb_009,,,1779785203592.jpg,0.2255758,37.4568484,992.934730605484,3.3,,uuid:49d73df9-2d36-4a1e-aa29-6f94f23a7513,uuid:49d73df9-2d36-4a1e-aa29-6f94f23a7513/observations/quadrat_repeat[17]
18,,yes,no,883b0fcc-8eea-4779-b237-22e299be16fc 215c8636-1978-42aa-86a1-9c3b5962055b,2,,yes,Commelina benghalensis<br/>Portulaca kermesina,Rhynchosia totta,Commelina benghalensis<br/>Portulaca kermesina<br/>Rhynchosia totta,,,1779785281378.jpg,0.2256085,37.4568223,996.9,2.8,,uuid:49d73df9-2d36-4a1e-aa29-6f94f23a7513,uuid:49d73df9-2d36-4a1e-aa29-6f94f23a7513/observations/quadrat_repeat[18]
19,,yes,no,1dc71d7e-f47b-47f5-8dbb-7e82c9867534,1,,no,Melinis repens,,Melinis repens,,,1779785380619.jpg,0.2255604,37.4567484,996.0944011336709,2.85,,uuid:49d73df9-2d36-4a1e-aa29-6f94f23a7513,uuid:49d73df9-2d36-4a1e-aa29-6f94f23a7513/observations/quadrat_repeat[19]
20,,yes,no,918a4122-ccf7-4781-8448-7eae7aac7c44,1,,yes,Hermannia tomentosa,herb_009<br/>Tephrosia purpurea,Hermannia tomentosa<br/>herb_009<br/>Tephrosia purpurea,,,1779785480371.jpg,0.2255731,37.4567575,996.0944011336709,2.9,,uuid:49d73df9-2d36-4a1e-aa29-6f94f23a7513,uuid:49d73df9-2d36-4a1e-aa29-6f94f23a7513/observations/quadrat_repeat[20]
1,,yes,no,4c3c1743-5505-4c19-8499-5f3f89bcc48f 8fb56826-0f75-4fd9-afc2-f995f704dbcf,2,,yes,Perotis patens<br/>Hibiscus micranthus,Tephrosia purpurea,Perotis patens<br/>Hibiscus micranthus<br/>Tephrosia purpurea,,,1779776708016.jpg,0.2226181,37.4389360,996.6,2.35,,uuid:cf362fbc-991a-4db1-8d49-6c1d29fd49c8,uuid:cf362fbc-991a-4db1-8d49-6c1d29fd49c8/observations/quadrat_repeat[1]
2,,yes,no,4c3c1743-5505-4c19-8499-5f3f89bcc48f 8fb56826-0f75-4fd9-afc2-f995f704dbcf 883b0fcc-8eea-4779-b237-22e299be16fc,3,,yes,Commelina benghalensis<br/>Perotis patens<br/>Hibiscus micranthus,herb_011<br/>Oldenladia corymbosa<br/>Tephrosia purpurea<br/>Oldenladia corymbosa,Commelina benghalensis<br/>Perotis patens<br/>Hibiscus micranthus<br/>herb_011<br/>Oldenladia corymbosa<br/>Tephrosia purpurea<br/>Oldenladia corymbosa,,,1779776888292.jpg,0.2225888,37.4389850,997.0,3.7,,uuid:cf362fbc-991a-4db1-8d49-6c1d29fd49c8,uuid:cf362fbc-991a-4db1-8d49-6c1d29fd49c8/observations/quadrat_repeat[2]
3,,yes,no,f407986d-94a5-4fa9-a058-b9f183687960 4c3c1743-5505-4c19-8499-5f3f89bcc48f fef04a86-9057-43e3-a920-1cc20a78d566,3,,yes,Eragrostis trichophora<br/>Perotis patens<br/>Sida cordifolia,Tephrosia purpurea<br/>Oldenladia corymbosa<br/>Zornia glochidiala,Eragrostis trichophora<br/>Perotis patens<br/>Sida cordifolia<br/>Tephrosia purpurea<br/>Oldenladia corymbosa<br/>Zornia glochidiala,,,1779777263576.jpg,0.2225634,37.4389929,996.4340726212911,3.5,,uuid:cf362fbc-991a-4db1-8d49-6c1d29fd49c8,uuid:cf362fbc-991a-4db1-8d49-6c1d29fd49c8/observations/quadrat_repeat[3]
4,,yes,yes,,0,,yes,,Evolvulus alsinoides <br/>Aristida scabrivalvis<br/>Tephrosia purpurea<br/>herb_100,Evolvulus alsinoides <br/>Aristida scabrivalvis<br/>Tephrosia purpurea<br/>herb_100,,,1779777889284.jpg,0.2225399,37.4390628,987.6999999999999,2.3,,uuid:cf362fbc-991a-4db1-8d49-6c1d29fd49c8,uuid:cf362fbc-991a-4db1-8d49-6c1d29fd49c8/observations/quadrat_repeat[4]
5,,yes,no,fef04a86-9057-43e3-a920-1cc20a78d566,1,,yes,Eragrostis trichophora,Evolvulus alsinoides ,Eragrostis trichophora<br/>Evolvulus alsinoides ,,,1779778007795.jpg,0.2225511,37.4391239,995.3849480201773,3.4,,uuid:cf362fbc-991a-4db1-8d49-6c1d29fd49c8,uuid:cf362fbc-991a-4db1-8d49-6c1d29fd49c8/observations/quadrat_repeat[5]
6,,yes,no,fef04a86-9057-43e3-a920-1cc20a78d566 4c3c1743-5505-4c19-8499-5f3f89bcc48f,2,,yes,Eragrostis trichophora<br/>Perotis patens,Pogonarthria fleckii<br/>Evolvulus alsinoides ,Eragrostis trichophora<br/>Perotis patens<br/>Pogonarthria fleckii<br/>Evolvulus alsinoides ,,,1779778202128.jpg,0.2225178,37.4391590,994.8023295751257,2.8,,uuid:cf362fbc-991a-4db1-8d49-6c1d29fd49c8,uuid:cf362fbc-991a-4db1-8d49-6c1d29fd49c8/observations/quadrat_repeat[6]
7,,yes,no,c1a4c299-0f56-4c4b-92f9-b39be88b0291 4c3c1743-5505-4c19-8499-5f3f89bcc48f,2,,yes,Oxygonum alatum<br/>Perotis patens,Aristida scabrivalvis<br/>Pogonarthria fleckii,Oxygonum alatum<br/>Perotis patens<br/>Aristida scabrivalvis<br/>Pogonarthria fleckii,,,1779778383939.jpg,0.2224523,37.4392416,992.5167997076214,3.1,,uuid:cf362fbc-991a-4db1-8d49-6c1d29fd49c8,uuid:cf362fbc-991a-4db1-8d49-6c1d29fd49c8/observations/quadrat_repeat[7]
8,,yes,yes,,0,,yes,,Phyllanthus pantandrus<br/>herb_017,Phyllanthus pantandrus<br/>herb_017,,,1779778556464.jpg,0.2225170,37.4392372,989.2906586363742,3.4,,uuid:cf362fbc-991a-4db1-8d49-6c1d29fd49c8,uuid:cf362fbc-991a-4db1-8d49-6c1d29fd49c8/observations/quadrat_repeat[8]
9,,yes,no,7bad79fe-2bdc-435c-acab-1246afb4fc19,1,,yes,Eragrostis rigidior,herb_016<br/>herb_029,Eragrostis rigidior<br/>herb_016<br/>herb_029,,,1779778647372.jpg,0.2224676,37.4392577,989.3,2.55,,uuid:cf362fbc-991a-4db1-8d49-6c1d29fd49c8,uuid:cf362fbc-991a-4db1-8d49-6c1d29fd49c8/observations/quadrat_repeat[9]
10,,yes,no,7bad79fe-2bdc-435c-acab-1246afb4fc19,1,,yes,Eragrostis rigidior,herb_016,Eragrostis rigidior<br/>herb_016,,,1779778747831.jpg,0.2224482,37.4393593,989.2056061130666,2.8,,uuid:cf362fbc-991a-4db1-8d49-6c1d29fd49c8,uuid:cf362fbc-991a-4db1-8d49-6c1d29fd49c8/observations/quadrat_repeat[10]
11,,yes,no,008f3da5-910b-4d85-a844-c5ab8b75fcd8,1,,yes,Aristida adscensionis,herb_016<br/>herb_017<br/>Erlangea misera,Aristida adscensionis<br/>herb_016<br/>herb_017<br/>Erlangea misera,,,1779778842840.jpg,0.2224151,37.4393866,989.1112132621948,4.1,,uuid:cf362fbc-991a-4db1-8d49-6c1d29fd49c8,uuid:cf362fbc-991a-4db1-8d49-6c1d29fd49c8/observations/quadrat_repeat[11]
12,,yes,yes,,0,,yes,,Aristida scabrivalvis<br/>herb_016<br/>herb_017,Aristida scabrivalvis<br/>herb_016<br/>herb_017,,,1779778920568.jpg,0.2224134,37.4392698,991.7622200682637,2.55,,uuid:cf362fbc-991a-4db1-8d49-6c1d29fd49c8,uuid:cf362fbc-991a-4db1-8d49-6c1d29fd49c8/observations/quadrat_repeat[12]
13,,yes,yes,,0,,yes,,herb_076,herb_076,,,1779779032153.jpg,0.2224274,37.4392596,992.2168245554699,3.95,,uuid:cf362fbc-991a-4db1-8d49-6c1d29fd49c8,uuid:cf362fbc-991a-4db1-8d49-6c1d29fd49c8/observations/quadrat_repeat[13]
14,,yes,yes,,0,,yes,,Phyllanthus pantandrus<br/>herb_017,Phyllanthus pantandrus<br/>herb_017,,,1779779134613.jpg,0.2225088,37.4391954,992.1684058695071,2.6,,uuid:cf362fbc-991a-4db1-8d49-6c1d29fd49c8,uuid:cf362fbc-991a-4db1-8d49-6c1d29fd49c8/observations/quadrat_repeat[14]
15,,yes,no,4c3c1743-5505-4c19-8499-5f3f89bcc48f,1,,yes,Perotis patens,herb_017<br/>Evolvulus alsinoides ,Perotis patens<br/>herb_017<br/>Evolvulus alsinoides ,,,1779779216845.jpg,0.2224983,37.4391878,992.2622200682637,2.9,,uuid:cf362fbc-991a-4db1-8d49-6c1d29fd49c8,uuid:cf362fbc-991a-4db1-8d49-6c1d29fd49c8/observations/quadrat_repeat[15]
16,,yes,no,8fb56826-0f75-4fd9-afc2-f995f704dbcf,1,,yes,Hibiscus micranthus,Aristida scabrivalvis<br/>Evolvulus alsinoides ,Hibiscus micranthus<br/>Aristida scabrivalvis<br/>Evolvulus alsinoides ,,,1779779293750.jpg,0.2225133,37.4391133,993.5969779040853,2.45,,uuid:cf362fbc-991a-4db1-8d49-6c1d29fd49c8,uuid:cf362fbc-991a-4db1-8d49-6c1d29fd49c8/observations/quadrat_repeat[16]
17,,yes,no,4c3c1743-5505-4c19-8499-5f3f89bcc48f db3a7687-15f8-4b28-875a-6d5012afcc88,2,,yes,Perotis patens<br/>Tephrosia lupinifolia,herb_012<br/>Zornia glochidiala<br/>Crotolaria sphaerocarpa<br/>Evolvulus alsinoides <br/>Aristida scabrivalvis,Perotis patens<br/>Tephrosia lupinifolia<br/>herb_012<br/>Zornia glochidiala<br/>Crotolaria sphaerocarpa<br/>Evolvulus alsinoides <br/>Aristida scabrivalvis,,,1779779446984.jpg,0.2225400,37.4390333,992.8882029119357,4.7,,uuid:cf362fbc-991a-4db1-8d49-6c1d29fd49c8,uuid:cf362fbc-991a-4db1-8d49-6c1d29fd49c8/observations/quadrat_repeat[17]
18,,yes,no,4c3c1743-5505-4c19-8499-5f3f89bcc48f cdc30e17-bf4f-4243-9c0b-0698d69bc373 42b6fdde-7193-48e4-8a16-488eae05fab9,3,,yes,Ipomoea coptica<br/>Perotis patens<br/>Pogonarthria squarrosa,Tephrosia purpurea<br/>Aristida scabrivalvis,Ipomoea coptica<br/>Perotis patens<br/>Pogonarthria squarrosa<br/>Tephrosia purpurea<br/>Aristida scabrivalvis,,,1779779600833.jpg,0.2225616,37.4389783,993.6999999999999,2.2,,uuid:cf362fbc-991a-4db1-8d49-6c1d29fd49c8,uuid:cf362fbc-991a-4db1-8d49-6c1d29fd49c8/observations/quadrat_repeat[18]
19,,yes,no,4c3c1743-5505-4c19-8499-5f3f89bcc48f,1,,yes,Perotis patens,herb_017<br/>herb_002<br/>Tephrosia purpurea,Perotis patens<br/>herb_017<br/>herb_002<br/>Tephrosia purpurea,,,1779779686803.jpg,0.2225157,37.4389515,992.1999999999999,3.3,,uuid:cf362fbc-991a-4db1-8d49-6c1d29fd49c8,uuid:cf362fbc-991a-4db1-8d49-6c1d29fd49c8/observations/quadrat_repeat[19]
20,,yes,no,4c3c1743-5505-4c19-8499-5f3f89bcc48f,1,,yes,Perotis patens,Tephrosia purpurea<br/>Pogonarthria fleckii<br/>Zornia glochidiala,Perotis patens<br/>Tephrosia purpurea<br/>Pogonarthria fleckii<br/>Zornia glochidiala,,,1779779772655.jpg,0.2225911,37.4388781,992.1056081851632,3.0,,uuid:cf362fbc-991a-4db1-8d49-6c1d29fd49c8,uuid:cf362fbc-991a-4db1-8d49-6c1d29fd49c8/observations/quadrat_repeat[20]
1,,yes,no,42b6fdde-7193-48e4-8a16-488eae05fab9,1,,yes,Ipomoea coptica,Tephrosia purpurea<br/>Macrotalyma daltonii,Ipomoea coptica<br/>Tephrosia purpurea<br/>Macrotalyma daltonii,,,1779802617545.jpg,0.2224588,37.4663725,982.8,4.76,,uuid:9e1251bb-84c1-4b7a-a8bb-bafcf7afc82c,uuid:9e1251bb-84c1-4b7a-a8bb-bafcf7afc82c/observations/quadrat_repeat[1]
2,,yes,no,42b6fdde-7193-48e4-8a16-488eae05fab9,1,,yes,Ipomoea coptica,Rhynchosia totta<br/>herb_054<br/>herb_054<br/>herb_002,Ipomoea coptica<br/>Rhynchosia totta<br/>herb_054<br/>herb_054<br/>herb_002,,,1779803009923.jpg,0.2224181,37.4663807,983.2573784041632,3.8,,uuid:9e1251bb-84c1-4b7a-a8bb-bafcf7afc82c,uuid:9e1251bb-84c1-4b7a-a8bb-bafcf7afc82c/observations/quadrat_repeat[2]
3,,yes,no,f407986d-94a5-4fa9-a058-b9f183687960,1,,yes,Sida cordifolia,Pechuel-loeschea leubnitziae<br/>Rhynchosia totta<br/>herb_029,Sida cordifolia<br/>Pechuel-loeschea leubnitziae<br/>Rhynchosia totta<br/>herb_029,,,1779803554869.jpg,0.2223647,37.4664640,983.5567923816883,3.5,,uuid:9e1251bb-84c1-4b7a-a8bb-bafcf7afc82c,uuid:9e1251bb-84c1-4b7a-a8bb-bafcf7afc82c/observations/quadrat_repeat[3]
4,,yes,yes,,0,,yes,,herb_017<br/>herb_049<br/>Rhynchosia totta,herb_017<br/>herb_049<br/>Rhynchosia totta,,,1779803758299.jpg,0.2226705,37.4664381,984.9947481644633,4.6,,uuid:9e1251bb-84c1-4b7a-a8bb-bafcf7afc82c,uuid:9e1251bb-84c1-4b7a-a8bb-bafcf7afc82c/observations/quadrat_repeat[4]
5,,yes,no,f407986d-94a5-4fa9-a058-b9f183687960,1,,yes,Sida cordifolia,Rhynchosia totta<br/>Phyllanthus pantandrus,Sida cordifolia<br/>Rhynchosia totta<br/>Phyllanthus pantandrus,,,1779803889836.jpg,0.2224417,37.4666096,987.1842507567303,3.7,,uuid:9e1251bb-84c1-4b7a-a8bb-bafcf7afc82c,uuid:9e1251bb-84c1-4b7a-a8bb-bafcf7afc82c/observations/quadrat_repeat[5]
6,,yes,yes,,0,,yes,,Aristida scabrivalvis<br/>Tephrosia purpurea,Aristida scabrivalvis<br/>Tephrosia purpurea,,,1779804016764.jpg,0.2224135,37.4666077,993.8894994605744,4.95,,uuid:9e1251bb-84c1-4b7a-a8bb-bafcf7afc82c,uuid:9e1251bb-84c1-4b7a-a8bb-bafcf7afc82c/observations/quadrat_repeat[6]
7,,yes,no,8fb56826-0f75-4fd9-afc2-f995f704dbcf c1a4c299-0f56-4c4b-92f9-b39be88b0291,2,,yes,Oxygonum alatum<br/>Hibiscus micranthus,Aristida scabrivalvis<br/>Pogonarthria fleckii<br/>Sida chrysantha,Oxygonum alatum<br/>Hibiscus micranthus<br/>Aristida scabrivalvis<br/>Pogonarthria fleckii<br/>Sida chrysantha,,,1779804148784.jpg,0.2223130,37.4666207,993.7947492083376,3.9,,uuid:9e1251bb-84c1-4b7a-a8bb-bafcf7afc82c,uuid:9e1251bb-84c1-4b7a-a8bb-bafcf7afc82c/observations/quadrat_repeat[7]
8,,yes,yes,,0,,yes,,Aristida scabrivalvis<br/>Sida chrysantha<br/>Erlangea misera<br/>herb_002,Aristida scabrivalvis<br/>Sida chrysantha<br/>Erlangea misera<br/>herb_002,,,1779804329223.jpg,0.2223499,37.4666474,989.5842476250377,4.75,,uuid:9e1251bb-84c1-4b7a-a8bb-bafcf7afc82c,uuid:9e1251bb-84c1-4b7a-a8bb-bafcf7afc82c/observations/quadrat_repeat[8]
9,,yes,yes,,0,,yes,,Aristida scabrivalvis<br/>Pogonarthria fleckii<br/>Phyllanthus pantandrus<br/>Erlangea misera,Aristida scabrivalvis<br/>Pogonarthria fleckii<br/>Phyllanthus pantandrus<br/>Erlangea misera,,,1779804428191.jpg,0.2223320,37.4666850,989.6789989211936,4.55,,uuid:9e1251bb-84c1-4b7a-a8bb-bafcf7afc82c,uuid:9e1251bb-84c1-4b7a-a8bb-bafcf7afc82c/observations/quadrat_repeat[9]
10,,yes,yes,,0,,yes,,Sida chrysantha<br/>Rhynchosia totta<br/>herb_002,Sida chrysantha<br/>Rhynchosia totta<br/>herb_002,,,1779804511793.jpg,0.2223063,37.4667361,986.2947512961558,4.233,,uuid:9e1251bb-84c1-4b7a-a8bb-bafcf7afc82c,uuid:9e1251bb-84c1-4b7a-a8bb-bafcf7afc82c/observations/quadrat_repeat[10]
11,,yes,no,fef04a86-9057-43e3-a920-1cc20a78d566 e3454aa0-e2f6-495b-9aea-90847fdd1858,2,,yes,Eragrostis trichophora<br/>Indigofera schimperi,Phyllanthus pantandrus<br/>Evolvulus alsinoides <br/>herb_029,Eragrostis trichophora<br/>Indigofera schimperi<br/>Phyllanthus pantandrus<br/>Evolvulus alsinoides <br/>herb_029,,,1779804603214.jpg,0.2223042,37.4667261,985.8947523401014,3.8,,uuid:9e1251bb-84c1-4b7a-a8bb-bafcf7afc82c,uuid:9e1251bb-84c1-4b7a-a8bb-bafcf7afc82c/observations/quadrat_repeat[11]
12,,yes,no,fef04a86-9057-43e3-a920-1cc20a78d566,1,,yes,Eragrostis trichophora,Pogonarthria fleckii<br/>Evolvulus alsinoides ,Eragrostis trichophora<br/>Pogonarthria fleckii<br/>Evolvulus alsinoides ,,,1779804733515.jpg,0.2222898,37.4667774,986.0836823781565,3.9,,uuid:9e1251bb-84c1-4b7a-a8bb-bafcf7afc82c,uuid:9e1251bb-84c1-4b7a-a8bb-bafcf7afc82c/observations/quadrat_repeat[12]
13,,yes,no,42b6fdde-7193-48e4-8a16-488eae05fab9,1,,yes,Ipomoea coptica,Aristida scabrivalvis<br/>Tephrosia purpurea<br/>herb_002,Ipomoea coptica<br/>Aristida scabrivalvis<br/>Tephrosia purpurea<br/>herb_002,,,1779804821357.jpg,0.2222972,37.4666929,986.4836792526221,3.2,,uuid:9e1251bb-84c1-4b7a-a8bb-bafcf7afc82c,uuid:9e1251bb-84c1-4b7a-a8bb-bafcf7afc82c/observations/quadrat_repeat[13]
14,,yes,no,fef04a86-9057-43e3-a920-1cc20a78d566 c1a4c299-0f56-4c4b-92f9-b39be88b0291,2,,yes,Eragrostis trichophora<br/>Oxygonum alatum,herb_029,Eragrostis trichophora<br/>Oxygonum alatum<br/>herb_029,,,1779804973501.jpg,0.2222211,37.4666448,986.6731891400143,4.85,,uuid:9e1251bb-84c1-4b7a-a8bb-bafcf7afc82c,uuid:9e1251bb-84c1-4b7a-a8bb-bafcf7afc82c/observations/quadrat_repeat[14]
15,,yes,no,db3a7687-15f8-4b28-875a-6d5012afcc88 8fb56826-0f75-4fd9-afc2-f995f704dbcf 4c3c1743-5505-4c19-8499-5f3f89bcc48f,3,,yes,Perotis patens<br/>Tephrosia lupinifolia<br/>Hibiscus micranthus,Pogonarthria fleckii<br/>Aristida scabrivalvis<br/>herb_017,Perotis patens<br/>Tephrosia lupinifolia<br/>Hibiscus micranthus<br/>Pogonarthria fleckii<br/>Aristida scabrivalvis<br/>herb_017,,,1779805058490.jpg,0.2223047,37.4665829,985.1836792526221,2.8,,uuid:9e1251bb-84c1-4b7a-a8bb-bafcf7afc82c,uuid:9e1251bb-84c1-4b7a-a8bb-bafcf7afc82c/observations/quadrat_repeat[15]
16,,yes,yes,,0,,yes,,Tephrosia purpurea,Tephrosia purpurea,,,1779805115084.jpg,0.2223178,37.4665487,985.2784336743124,3.1,,uuid:9e1251bb-84c1-4b7a-a8bb-bafcf7afc82c,uuid:9e1251bb-84c1-4b7a-a8bb-bafcf7afc82c/observations/quadrat_repeat[16]
17,,yes,no,42b6fdde-7193-48e4-8a16-488eae05fab9,1,,yes,Ipomoea coptica,Phyllanthus pantandrus<br/>herb_002,Ipomoea coptica<br/>Phyllanthus pantandrus<br/>herb_002,,,1779805189419.jpg,0.2223426,37.4665090,981.9679393922511,3.0,,uuid:9e1251bb-84c1-4b7a-a8bb-bafcf7afc82c,uuid:9e1251bb-84c1-4b7a-a8bb-bafcf7afc82c/observations/quadrat_repeat[17]
18,,yes,no,883b0fcc-8eea-4779-b237-22e299be16fc,1,,yes,Commelina benghalensis,Rhynchosia totta<br/>Tephrosia purpurea<br/>herb_017,Commelina benghalensis<br/>Rhynchosia totta<br/>Tephrosia purpurea<br/>herb_017,,,1779805287788.jpg,0.2224073,37.4664574,981.9679393922511,4.4,,uuid:9e1251bb-84c1-4b7a-a8bb-bafcf7afc82c,uuid:9e1251bb-84c1-4b7a-a8bb-bafcf7afc82c/observations/quadrat_repeat[18]
19,,yes,no,42b6fdde-7193-48e4-8a16-488eae05fab9 8fb56826-0f75-4fd9-afc2-f995f704dbcf,2,,yes,Ipomoea coptica<br/>Hibiscus micranthus,herb_054<br/>Tephrosia purpurea,Ipomoea coptica<br/>Hibiscus micranthus<br/>herb_054<br/>Tephrosia purpurea,,,1779805373387.jpg,0.2223648,37.4663512,981.667951907393,2.9,,uuid:9e1251bb-84c1-4b7a-a8bb-bafcf7afc82c,uuid:9e1251bb-84c1-4b7a-a8bb-bafcf7afc82c/observations/quadrat_repeat[19]
20,,yes,yes,,0,,yes,,herb_054<br/>herb_029<br/>herb_002<br/>Hermbstaedtia linearis,herb_054<br/>herb_029<br/>herb_002<br/>Hermbstaedtia linearis,,,1779805505013.jpg,0.2223761,37.4663679,981.667951907393,3.6,,uuid:9e1251bb-84c1-4b7a-a8bb-bafcf7afc82c,uuid:9e1251bb-84c1-4b7a-a8bb-bafcf7afc82c/observations/quadrat_repeat[20]
1,,yes,no,f407986d-94a5-4fa9-a058-b9f183687960 8fb56826-0f75-4fd9-afc2-f995f704dbcf,2,,yes,Sida cordifolia<br/>Hibiscus micranthus,Tephrosia purpurea,Sida cordifolia<br/>Hibiscus micranthus<br/>Tephrosia purpurea,,,1779797694492.jpg,0.2226758,37.4389567,960.3,3.6,,uuid:81e3bc36-700f-465d-a1aa-48ebed04a78c,uuid:81e3bc36-700f-465d-a1aa-48ebed04a78c/observations/quadrat_repeat[1]
2,,yes,no,4c3c1743-5505-4c19-8499-5f3f89bcc48f,1,,yes,Perotis patens,Tephrosia purpurea<br/>herb_011,Perotis patens<br/>Tephrosia purpurea<br/>herb_011,,,1779797842956.jpg,0.2225391,37.4389401,963.1,3.6,,uuid:81e3bc36-700f-465d-a1aa-48ebed04a78c,uuid:81e3bc36-700f-465d-a1aa-48ebed04a78c/observations/quadrat_repeat[2]
3,,yes,no,f407986d-94a5-4fa9-a058-b9f183687960 4c3c1743-5505-4c19-8499-5f3f89bcc48f 7bad79fe-2bdc-435c-acab-1246afb4fc19 1dc71d7e-f47b-47f5-8dbb-7e82c9867534 42b6fdde-7193-48e4-8a16-488eae05fab9,5,,yes,Eragrostis rigidior<br/>Ipomoea coptica<br/>Melinis repens<br/>Perotis patens<br/>Sida cordifolia,Tephrosia purpurea<br/>Oldenladia corymbosa<br/>Zornia glochidiala,Eragrostis rigidior<br/>Ipomoea coptica<br/>Melinis repens<br/>Perotis patens<br/>Sida cordifolia<br/>Tephrosia purpurea<br/>Oldenladia corymbosa<br/>Zornia glochidiala,,,1779797969942.jpg,0.2225611,37.4389533,963.3893923307238,3.2,,uuid:81e3bc36-700f-465d-a1aa-48ebed04a78c,uuid:81e3bc36-700f-465d-a1aa-48ebed04a78c/observations/quadrat_repeat[3]
4,,yes,no,4c3c1743-5505-4c19-8499-5f3f89bcc48f,1,,yes,Perotis patens,Aristida scabrivalvis<br/>Evolvulus alsinoides <br/>Tephrosia purpurea<br/>herb_100,Perotis patens<br/>Aristida scabrivalvis<br/>Evolvulus alsinoides <br/>Tephrosia purpurea<br/>herb_100,,,1779798085118.jpg,0.2225582,37.4390056,964.6999999999999,2.95,,uuid:81e3bc36-700f-465d-a1aa-48ebed04a78c,uuid:81e3bc36-700f-465d-a1aa-48ebed04a78c/observations/quadrat_repeat[4]
5,,yes,yes,,0,,yes,,Evolvulus alsinoides ,Evolvulus alsinoides ,,,1779798119794.jpg,0.2225617,37.4391021,964.7946966867211,3.8,,uuid:81e3bc36-700f-465d-a1aa-48ebed04a78c,uuid:81e3bc36-700f-465d-a1aa-48ebed04a78c/observations/quadrat_repeat[5]
6,,yes,no,4c3c1743-5505-4c19-8499-5f3f89bcc48f,1,,yes,Perotis patens,Aristida scabrivalvis,Perotis patens<br/>Aristida scabrivalvis,,,1779798170946.jpg,0.2224912,37.4391634,965.6946966867212,3.55,,uuid:81e3bc36-700f-465d-a1aa-48ebed04a78c,uuid:81e3bc36-700f-465d-a1aa-48ebed04a78c/observations/quadrat_repeat[6]
7,,yes,no,c1a4c299-0f56-4c4b-92f9-b39be88b0291 4c3c1743-5505-4c19-8499-5f3f89bcc48f,2,,yes,Oxygonum alatum<br/>Perotis patens,herb_016<br/>Tephrosia purpurea,Oxygonum alatum<br/>Perotis patens<br/>herb_016<br/>Tephrosia purpurea,,,1779798208370.jpg,0.2225450,37.4391580,965.7893944161818,3.5,,uuid:81e3bc36-700f-465d-a1aa-48ebed04a78c,uuid:81e3bc36-700f-465d-a1aa-48ebed04a78c/observations/quadrat_repeat[7]
8,,yes,yes,,0,,yes,,herb_016<br/>herb_017<br/>Phyllanthus pantandrus,herb_016<br/>herb_017<br/>Phyllanthus pantandrus,,,1779798293576.jpg,0.2225375,37.4392463,965.078793003418,4.2,,uuid:81e3bc36-700f-465d-a1aa-48ebed04a78c,uuid:81e3bc36-700f-465d-a1aa-48ebed04a78c/observations/quadrat_repeat[8]
9,,yes,yes,,0,,yes,,herb_016<br/>herb_029,herb_016<br/>herb_029,,,1779798341948.jpg,0.2224574,37.4392340,965.8840931884077,4.433,,uuid:81e3bc36-700f-465d-a1aa-48ebed04a78c,uuid:81e3bc36-700f-465d-a1aa-48ebed04a78c/observations/quadrat_repeat[9]
10,,yes,no,7bad79fe-2bdc-435c-acab-1246afb4fc19,1,,yes,Eragrostis rigidior,herb_016,Eragrostis rigidior<br/>herb_016,,,1779798396444.jpg,0.2224495,37.4392911,968.8053001849896,4.7,,uuid:81e3bc36-700f-465d-a1aa-48ebed04a78c,uuid:81e3bc36-700f-465d-a1aa-48ebed04a78c/observations/quadrat_repeat[10]
11,,yes,yes,,0,,yes,,herb_016<br/>Aristida scabrivalvis<br/>herb_017,herb_016<br/>Aristida scabrivalvis<br/>herb_017,,,1779798450976.jpg,0.2224802,37.4393195,969.3,3.4,,uuid:81e3bc36-700f-465d-a1aa-48ebed04a78c,uuid:81e3bc36-700f-465d-a1aa-48ebed04a78c/observations/quadrat_repeat[11]
12,,yes,no,db3a7687-15f8-4b28-875a-6d5012afcc88,1,,yes,Tephrosia lupinifolia,herb_016<br/>Aristida scabrivalvis,Tephrosia lupinifolia<br/>herb_016<br/>Aristida scabrivalvis,,,1779798503104.jpg,0.2224737,37.4393254,973.8946977294606,3.35,,uuid:81e3bc36-700f-465d-a1aa-48ebed04a78c,uuid:81e3bc36-700f-465d-a1aa-48ebed04a78c/observations/quadrat_repeat[12]
13,,yes,yes,,0,,yes,,Pogonarthria fleckii<br/>herb_076<br/>herb_017,Pogonarthria fleckii<br/>herb_076<br/>herb_017,,,1779798554130.jpg,0.2224456,37.4391885,976.2946998150103,4.433,,uuid:81e3bc36-700f-465d-a1aa-48ebed04a78c,uuid:81e3bc36-700f-465d-a1aa-48ebed04a78c/observations/quadrat_repeat[13]
14,,yes,yes,,0,,yes,,Brachiara dura<br/>Phyllanthus pantandrus,Brachiara dura<br/>Phyllanthus pantandrus,,,1779798647737.jpg,0.2224296,37.4391566,974.2787971745175,4.9,,uuid:81e3bc36-700f-465d-a1aa-48ebed04a78c,uuid:81e3bc36-700f-465d-a1aa-48ebed04a78c/observations/quadrat_repeat[14]
15,,yes,no,4c3c1743-5505-4c19-8499-5f3f89bcc48f,1,,yes,Perotis patens,herb_017<br/>Pogonarthria fleckii<br/>herb_017,Perotis patens<br/>herb_017<br/>Pogonarthria fleckii<br/>herb_017,,,1779798744482.jpg,0.2224943,37.4391512,976.4729424528371,4.15,,uuid:81e3bc36-700f-465d-a1aa-48ebed04a78c,uuid:81e3bc36-700f-465d-a1aa-48ebed04a78c/observations/quadrat_repeat[15]
16,,yes,no,8fb56826-0f75-4fd9-afc2-f995f704dbcf,1,,yes,Hibiscus micranthus,Evolvulus alsinoides <br/>Aristida scabrivalvis,Hibiscus micranthus<br/>Evolvulus alsinoides <br/>Aristida scabrivalvis,,,1779798794965.jpg,0.2225143,37.4391041,976.6617802215155,3.7,,uuid:81e3bc36-700f-465d-a1aa-48ebed04a78c,uuid:81e3bc36-700f-465d-a1aa-48ebed04a78c/observations/quadrat_repeat[16]
17,,yes,no,4c3c1743-5505-4c19-8499-5f3f89bcc48f db3a7687-15f8-4b28-875a-6d5012afcc88 8fb56826-0f75-4fd9-afc2-f995f704dbcf,3,,yes,Perotis patens<br/>Tephrosia lupinifolia<br/>Hibiscus micranthus,herb_012<br/>Crotolaria sphaerocarpa<br/>Oldenladia corymbosa<br/>Pogonarthria fleckii,Perotis patens<br/>Tephrosia lupinifolia<br/>Hibiscus micranthus<br/>herb_012<br/>Crotolaria sphaerocarpa<br/>Oldenladia corymbosa<br/>Pogonarthria fleckii,,,1779798914088.jpg,0.2224540,37.4390969,976.6841306942774,2.85,,uuid:81e3bc36-700f-465d-a1aa-48ebed04a78c,uuid:81e3bc36-700f-465d-a1aa-48ebed04a78c/observations/quadrat_repeat[17]
18,,yes,no,4c3c1743-5505-4c19-8499-5f3f89bcc48f,1,,yes,Perotis patens,herb_017<br/>Pogonarthria fleckii<br/>Aristida scabrivalvis,Perotis patens<br/>herb_017<br/>Pogonarthria fleckii<br/>Aristida scabrivalvis,,,1779798970307.jpg,0.2225194,37.4389987,975.5029860826143,4.9,,uuid:81e3bc36-700f-465d-a1aa-48ebed04a78c,uuid:81e3bc36-700f-465d-a1aa-48ebed04a78c/observations/quadrat_repeat[18]
19,,yes,no,4c3c1743-5505-4c19-8499-5f3f89bcc48f 42b6fdde-7193-48e4-8a16-488eae05fab9,2,,yes,Ipomoea coptica<br/>Perotis patens,Tephrosia purpurea<br/>Pogonarthria fleckii<br/>herb_017,Ipomoea coptica<br/>Perotis patens<br/>Tephrosia purpurea<br/>Pogonarthria fleckii<br/>herb_017,,,1779799048883.jpg,0.2224873,37.4389093,977.1571251702171,4.033,,uuid:81e3bc36-700f-465d-a1aa-48ebed04a78c,uuid:81e3bc36-700f-465d-a1aa-48ebed04a78c/observations/quadrat_repeat[19]
20,,yes,no,fef04a86-9057-43e3-a920-1cc20a78d566 4c3c1743-5505-4c19-8499-5f3f89bcc48f,2,,yes,Eragrostis trichophora<br/>Perotis patens,Tephrosia purpurea<br/>Pogonarthria fleckii<br/>Zornia glochidiala,Eragrostis trichophora<br/>Perotis patens<br/>Tephrosia purpurea<br/>Pogonarthria fleckii<br/>Zornia glochidiala,,,1779799139024.jpg,0.2225619,37.4389118,978.4866267413354,3.2,,uuid:81e3bc36-700f-465d-a1aa-48ebed04a78c,uuid:81e3bc36-700f-465d-a1aa-48ebed04a78c/observations/quadrat_repeat[20]
1,,yes,no,f407986d-94a5-4fa9-a058-b9f183687960,1,,yes,Sida cordifolia,herb_017<br/>herb_002<br/>Erlangea misera,Sida cordifolia<br/>herb_017<br/>herb_002<br/>Erlangea misera,,,1779789548398.jpg,0.2267145,37.4604974,975.5588798718449,2.5,,uuid:938c15e5-c942-49aa-8e6d-9633189870ff,uuid:938c15e5-c942-49aa-8e6d-9633189870ff/observations/quadrat_repeat[1]
2,,yes,no,f407986d-94a5-4fa9-a058-b9f183687960 4c3c1743-5505-4c19-8499-5f3f89bcc48f 1dc71d7e-f47b-47f5-8dbb-7e82c9867534,3,,yes,Melinis repens<br/>Perotis patens<br/>Sida cordifolia,,Melinis repens<br/>Perotis patens<br/>Sida cordifolia,,,1779789623961.jpg,0.2267018,37.4605889,975.6527646996275,2.45,,uuid:938c15e5-c942-49aa-8e6d-9633189870ff,uuid:938c15e5-c942-49aa-8e6d-9633189870ff/observations/quadrat_repeat[2]
3,,yes,no,f407986d-94a5-4fa9-a058-b9f183687960,1,,yes,Sida cordifolia,Erlangea misera<br/>Crotolaria heidmannii,Sida cordifolia<br/>Erlangea misera<br/>Crotolaria heidmannii,,,1779789721956.jpg,0.2267346,37.4606793,976.7250842891563,2.9,,uuid:938c15e5-c942-49aa-8e6d-9633189870ff,uuid:938c15e5-c942-49aa-8e6d-9633189870ff/observations/quadrat_repeat[3]
4,,yes,no,db3a7687-15f8-4b28-875a-6d5012afcc88 4c3c1743-5505-4c19-8499-5f3f89bcc48f,2,,yes,Perotis patens<br/>Tephrosia lupinifolia,Evolvulus alsinoides <br/>herb_017,Perotis patens<br/>Tephrosia lupinifolia<br/>Evolvulus alsinoides <br/>herb_017,,,1779789886562.jpg,0.2266417,37.4607245,977.9535559205652,2.0,",",uuid:938c15e5-c942-49aa-8e6d-9633189870ff,uuid:938c15e5-c942-49aa-8e6d-9633189870ff/observations/quadrat_repeat[4]
5,,yes,yes,,0,,yes,,Crotolaria heidmannii<br/>herb_029,Crotolaria heidmannii<br/>herb_029,,,1779790179191.jpg,0.2266506,37.4606886,978.414292599068,2.3,,uuid:938c15e5-c942-49aa-8e6d-9633189870ff,uuid:938c15e5-c942-49aa-8e6d-9633189870ff/observations/quadrat_repeat[5]
6,,yes,no,db3a7687-15f8-4b28-875a-6d5012afcc88,1,,yes,Tephrosia lupinifolia,herb_002<br/>Evolvulus alsinoides <br/>Crotolaria heidmannii,Tephrosia lupinifolia<br/>herb_002<br/>Evolvulus alsinoides <br/>Crotolaria heidmannii,,,1779790249692.jpg,0.2265879,37.4607560,979.2648673608396,3.8,,uuid:938c15e5-c942-49aa-8e6d-9633189870ff,uuid:938c15e5-c942-49aa-8e6d-9633189870ff/observations/quadrat_repeat[6]
7,,yes,no,c1a4c299-0f56-4c4b-92f9-b39be88b0291 7bad79fe-2bdc-435c-acab-1246afb4fc19,2,,yes,Eragrostis rigidior<br/>Oxygonum alatum,herb_002<br/>Evolvulus alsinoides <br/>Crotolaria heidmannii<br/>Erlangea misera<br/>Macrotalyma daltonii,Eragrostis rigidior<br/>Oxygonum alatum<br/>herb_002<br/>Evolvulus alsinoides <br/>Crotolaria heidmannii<br/>Erlangea misera<br/>Macrotalyma daltonii,,,1779790370365.jpg,0.2266179,37.4607637,983.4138533271237,4.9,,uuid:938c15e5-c942-49aa-8e6d-9633189870ff,uuid:938c15e5-c942-49aa-8e6d-9633189870ff/observations/quadrat_repeat[7]
8,,yes,no,f407986d-94a5-4fa9-a058-b9f183687960 cdc30e17-bf4f-4243-9c0b-0698d69bc373 883b0fcc-8eea-4779-b237-22e299be16fc,3,,yes,Commelina benghalensis<br/>Pogonarthria squarrosa<br/>Sida cordifolia,Macrotalyma daltonii<br/>Erlangea misera,Commelina benghalensis<br/>Pogonarthria squarrosa<br/>Sida cordifolia<br/>Macrotalyma daltonii<br/>Erlangea misera,,,1779790474541.jpg,0.2266265,37.4608939,979.6479254168124,2.15,,uuid:938c15e5-c942-49aa-8e6d-9633189870ff,uuid:938c15e5-c942-49aa-8e6d-9633189870ff/observations/quadrat_repeat[8]
9,,yes,no,7bad79fe-2bdc-435c-acab-1246afb4fc19 f407986d-94a5-4fa9-a058-b9f183687960 c1a4c299-0f56-4c4b-92f9-b39be88b0291,3,,yes,Eragrostis rigidior<br/>Oxygonum alatum<br/>Sida cordifolia,Evolvulus alsinoides <br/>Tephrosia purpurea,Eragrostis rigidior<br/>Oxygonum alatum<br/>Sida cordifolia<br/>Evolvulus alsinoides <br/>Tephrosia purpurea,,,1779790533911.jpg,0.2265991,37.4609401,983.3,2.8,,uuid:938c15e5-c942-49aa-8e6d-9633189870ff,uuid:938c15e5-c942-49aa-8e6d-9633189870ff/observations/quadrat_repeat[9]
10,,yes,no,e3454aa0-e2f6-495b-9aea-90847fdd1858 f407986d-94a5-4fa9-a058-b9f183687960,2,,yes,Indigofera schimperi<br/>Sida cordifolia,Erlangea misera<br/>Evolvulus alsinoides ,Indigofera schimperi<br/>Sida cordifolia<br/>Erlangea misera<br/>Evolvulus alsinoides ,,,1779790614509.jpg,0.2265666,37.4609761,982.5116016463394,2.9,,uuid:938c15e5-c942-49aa-8e6d-9633189870ff,uuid:938c15e5-c942-49aa-8e6d-9633189870ff/observations/quadrat_repeat[10]
11,,yes,no,c1a4c299-0f56-4c4b-92f9-b39be88b0291,1,,yes,Oxygonum alatum,Erlangea misera,Oxygonum alatum<br/>Erlangea misera,,,1779790669208.jpg,0.2265299,37.4609670,983.6939105900575,3.05,,uuid:938c15e5-c942-49aa-8e6d-9633189870ff,uuid:938c15e5-c942-49aa-8e6d-9633189870ff/observations/quadrat_repeat[11]
12,,yes,no,f407986d-94a5-4fa9-a058-b9f183687960 7bad79fe-2bdc-435c-acab-1246afb4fc19 db3a7687-15f8-4b28-875a-6d5012afcc88,3,,yes,Eragrostis rigidior<br/>Sida cordifolia<br/>Tephrosia lupinifolia,Evolvulus alsinoides <br/>Asparagus africanus<br/>Rhynchosia totta,Eragrostis rigidior<br/>Sida cordifolia<br/>Tephrosia lupinifolia<br/>Evolvulus alsinoides <br/>Asparagus africanus<br/>Rhynchosia totta,,,1779790774149.jpg,0.2265043,37.4609367,983.4773687030101,2.45,,uuid:938c15e5-c942-49aa-8e6d-9633189870ff,uuid:938c15e5-c942-49aa-8e6d-9633189870ff/observations/quadrat_repeat[12]
13,,yes,no,db3a7687-15f8-4b28-875a-6d5012afcc88,1,,yes,Tephrosia lupinifolia,Macrotalyma daltonii,Tephrosia lupinifolia<br/>Macrotalyma daltonii,,,1779790844711.jpg,0.2265223,37.4608170,982.7944888017486,3.1,,uuid:938c15e5-c942-49aa-8e6d-9633189870ff,uuid:938c15e5-c942-49aa-8e6d-9633189870ff/observations/quadrat_repeat[13]
14,,yes,no,f407986d-94a5-4fa9-a058-b9f183687960,1,,yes,Sida cordifolia,herb_017<br/>Macrotalyma daltonii<br/>Erlangea misera<br/>Crotolaria sphaerocarpa<br/>Evolvulus alsinoides ,Sida cordifolia<br/>herb_017<br/>Macrotalyma daltonii<br/>Erlangea misera<br/>Crotolaria sphaerocarpa<br/>Evolvulus alsinoides ,,,1779790951388.jpg,0.2266315,37.4608847,982.7944888017486,3.85,,uuid:938c15e5-c942-49aa-8e6d-9633189870ff,uuid:938c15e5-c942-49aa-8e6d-9633189870ff/observations/quadrat_repeat[14]
15,,yes,no,db3a7687-15f8-4b28-875a-6d5012afcc88,1,,yes,Tephrosia lupinifolia,Evolvulus alsinoides <br/>Macrotalyma daltonii,Tephrosia lupinifolia<br/>Evolvulus alsinoides <br/>Macrotalyma daltonii,,,1779791034087.jpg,0.2266337,37.4607606,981.9,4.25,,uuid:938c15e5-c942-49aa-8e6d-9633189870ff,uuid:938c15e5-c942-49aa-8e6d-9633189870ff/observations/quadrat_repeat[15]
16,,yes,no,4c3c1743-5505-4c19-8499-5f3f89bcc48f 7bad79fe-2bdc-435c-acab-1246afb4fc19 5cc38ec9-36c1-4825-8985-275b3ac4eb8f,3,,yes,Dicoma tomentosa<br/>Eragrostis rigidior<br/>Perotis patens,herb_017<br/>Macrotalyma daltonii<br/>Tephrosia purpurea,Dicoma tomentosa<br/>Eragrostis rigidior<br/>Perotis patens<br/>herb_017<br/>Macrotalyma daltonii<br/>Tephrosia purpurea,,,1779791194848.jpg,0.2266188,37.4607583,980.0990047053525,5.0,,uuid:938c15e5-c942-49aa-8e6d-9633189870ff,uuid:938c15e5-c942-49aa-8e6d-9633189870ff/observations/quadrat_repeat[16]
17,,yes,no,f407986d-94a5-4fa9-a058-b9f183687960,1,,yes,Sida cordifolia,herb_017<br/>Erlangea misera<br/>Aristida scabrivalvis<br/>Evolvulus alsinoides ,Sida cordifolia<br/>herb_017<br/>Erlangea misera<br/>Aristida scabrivalvis<br/>Evolvulus alsinoides ,,,1779791332328.jpg,0.2265574,37.4604924,980.3824928945758,3.3,,uuid:938c15e5-c942-49aa-8e6d-9633189870ff,uuid:938c15e5-c942-49aa-8e6d-9633189870ff/observations/quadrat_repeat[17]
18,,yes,no,fef04a86-9057-43e3-a920-1cc20a78d566 f407986d-94a5-4fa9-a058-b9f183687960,2,,yes,Eragrostis trichophora<br/>Sida cordifolia,Evolvulus alsinoides <br/>herb_017<br/>Rhynchosia totta,Eragrostis trichophora<br/>Sida cordifolia<br/>Evolvulus alsinoides <br/>herb_017<br/>Rhynchosia totta,,,1779791480481.jpg,0.2266152,37.4606754,980.1880165363996,4.14,,uuid:938c15e5-c942-49aa-8e6d-9633189870ff,uuid:938c15e5-c942-49aa-8e6d-9633189870ff/observations/quadrat_repeat[18]
19,,yes,no,f407986d-94a5-4fa9-a058-b9f183687960 fef04a86-9057-43e3-a920-1cc20a78d566,2,,yes,Eragrostis trichophora<br/>Sida cordifolia,Rhynchosia totta<br/>herb_017,Eragrostis trichophora<br/>Sida cordifolia<br/>Rhynchosia totta<br/>herb_017,,,1779791601583.jpg,0.2266983,37.4605692,979.5107929221668,3.1,,uuid:938c15e5-c942-49aa-8e6d-9633189870ff,uuid:938c15e5-c942-49aa-8e6d-9633189870ff/observations/quadrat_repeat[19]
20,,yes,no,8fb56826-0f75-4fd9-afc2-f995f704dbcf f407986d-94a5-4fa9-a058-b9f183687960,2,,yes,Sida cordifolia<br/>Hibiscus micranthus,herb_017<br/>Evolvulus alsinoides <br/>herb_002,Sida cordifolia<br/>Hibiscus micranthus<br/>herb_017<br/>Evolvulus alsinoides <br/>herb_002,,,1779791782292.jpg,0.2266527,37.4605644,979.6992285037616,4.1,,uuid:938c15e5-c942-49aa-8e6d-9633189870ff,uuid:938c15e5-c942-49aa-8e6d-9633189870ff/observations/quadrat_repeat[20]
1,,yes,no,42b6fdde-7193-48e4-8a16-488eae05fab9 1dc71d7e-f47b-47f5-8dbb-7e82c9867534,2,,yes,Ipomoea coptica<br/>Melinis repens,Jacquemontia tannifolia<br/>Tephrosia purpurea,Ipomoea coptica<br/>Melinis repens<br/>Jacquemontia tannifolia<br/>Tephrosia purpurea,,,1779715548907.jpg,0.2191728,37.4369277,993.5,3.6,,uuid:8e5f5c9d-d697-4358-b766-db4a41f28c3e,uuid:8e5f5c9d-d697-4358-b766-db4a41f28c3e/observations/quadrat_repeat[1]
2,,yes,no,8fb56826-0f75-4fd9-afc2-f995f704dbcf e3454aa0-e2f6-495b-9aea-90847fdd1858 db3a7687-15f8-4b28-875a-6d5012afcc88,3,,yes,Indigofera schimperi<br/>Tephrosia lupinifolia<br/>Hibiscus micranthus,herb_017<br/>Tephrosia purpurea,Indigofera schimperi<br/>Tephrosia lupinifolia<br/>Hibiscus micranthus<br/>herb_017<br/>Tephrosia purpurea,,,1779715924267.jpg,0.2190695,37.4370548,993.8834526635438,3.9,,uuid:8e5f5c9d-d697-4358-b766-db4a41f28c3e,uuid:8e5f5c9d-d697-4358-b766-db4a41f28c3e/observations/quadrat_repeat[2]
3,,yes,no,e3454aa0-e2f6-495b-9aea-90847fdd1858 4c3c1743-5505-4c19-8499-5f3f89bcc48f,2,,yes,Indigofera schimperi<br/>Perotis patens,Polygala erioptera<br/>Tephrosia purpurea<br/>herb_080,Indigofera schimperi<br/>Perotis patens<br/>Polygala erioptera<br/>Tephrosia purpurea<br/>herb_080,,,1779716268686.jpg,0.2190326,37.4371154,988.1728319655374,3.6,,uuid:8e5f5c9d-d697-4358-b766-db4a41f28c3e,uuid:8e5f5c9d-d697-4358-b766-db4a41f28c3e/observations/quadrat_repeat[3]
4,,yes,no,3c3ff64b-92fd-4d60-9022-63a7c599e108 f407986d-94a5-4fa9-a058-b9f183687960,2,,yes,Ocimum americanum<br/>Sida cordifolia,Pogonarthria fleckii,Ocimum americanum<br/>Sida cordifolia<br/>Pogonarthria fleckii,,,1779716400749.jpg,0.2190434,37.4371115,988.2675169484361,3.8,,uuid:8e5f5c9d-d697-4358-b766-db4a41f28c3e,uuid:8e5f5c9d-d697-4358-b766-db4a41f28c3e/observations/quadrat_repeat[4]
5,,yes,no,3c3ff64b-92fd-4d60-9022-63a7c599e108 4c3c1743-5505-4c19-8499-5f3f89bcc48f,2,,yes,Ocimum americanum<br/>Perotis patens,herb_029<br/>herb_011<br/>Jacquemontia tannifolia<br/>herb_080,Ocimum americanum<br/>Perotis patens<br/>herb_029<br/>herb_011<br/>Jacquemontia tannifolia<br/>herb_080,,,1779716602091.jpg,0.2191252,37.4371851,988.6456899290451,4.0,,uuid:8e5f5c9d-d697-4358-b766-db4a41f28c3e,uuid:8e5f5c9d-d697-4358-b766-db4a41f28c3e/observations/quadrat_repeat[5]
6,,yes,yes,,0,,yes,,herb_017<br/>Erlangea misera<br/>Aristida scabrivalvis<br/>herb_098 (Zornia glochidiala),herb_017<br/>Erlangea misera<br/>Aristida scabrivalvis<br/>herb_098 (Zornia glochidiala),,,1779717345874.jpg,0.2191087,37.4371898,989.6,2.9,,uuid:8e5f5c9d-d697-4358-b766-db4a41f28c3e,uuid:8e5f5c9d-d697-4358-b766-db4a41f28c3e/observations/quadrat_repeat[6]
7,,yes,no,8fb56826-0f75-4fd9-afc2-f995f704dbcf,1,,no,Hibiscus micranthus,,Hibiscus micranthus,,,1779717481718.jpg,0.2190345,37.4372718,989.6,3.7,,uuid:8e5f5c9d-d697-4358-b766-db4a41f28c3e,uuid:8e5f5c9d-d697-4358-b766-db4a41f28c3e/observations/quadrat_repeat[7]
8,,yes,no,8fb56826-0f75-4fd9-afc2-f995f704dbcf 4c3c1743-5505-4c19-8499-5f3f89bcc48f,2,,yes,Perotis patens<br/>Hibiscus micranthus,herb_017<br/>Tephrosia purpurea<br/>Crotolaria sphaerocarpa,Perotis patens<br/>Hibiscus micranthus<br/>herb_017<br/>Tephrosia purpurea<br/>Crotolaria sphaerocarpa,,,1779717701529.jpg,0.2190115,37.4373261,991.0,3.5,,uuid:8e5f5c9d-d697-4358-b766-db4a41f28c3e,uuid:8e5f5c9d-d697-4358-b766-db4a41f28c3e/observations/quadrat_repeat[8]
9,,yes,no,fef04a86-9057-43e3-a920-1cc20a78d566 8fb56826-0f75-4fd9-afc2-f995f704dbcf 4c3c1743-5505-4c19-8499-5f3f89bcc48f,3,,yes,Eragrostis trichophora<br/>Perotis patens<br/>Hibiscus micranthus,herb_016<br/>Pogonarthria fleckii<br/>herb_099 (Commelina africana),Eragrostis trichophora<br/>Perotis patens<br/>Hibiscus micranthus<br/>herb_016<br/>Pogonarthria fleckii<br/>herb_099 (Commelina africana),,,1779717992614.jpg,0.2190173,37.4373725,992.1999999999999,3.1,,uuid:8e5f5c9d-d697-4358-b766-db4a41f28c3e,uuid:8e5f5c9d-d697-4358-b766-db4a41f28c3e/observations/quadrat_repeat[9]
10,,yes,no,1dc71d7e-f47b-47f5-8dbb-7e82c9867534,1,,yes,Melinis repens,herb_016<br/>herb_017<br/>herb_076,Melinis repens<br/>herb_016<br/>herb_017<br/>herb_076,,,1779718112967.jpg,0.2189793,37.4373953,992.2946881104142,2.55,,uuid:8e5f5c9d-d697-4358-b766-db4a41f28c3e,uuid:8e5f5c9d-d697-4358-b766-db4a41f28c3e/observations/quadrat_repeat[10]
11,,yes,no,4c3c1743-5505-4c19-8499-5f3f89bcc48f 008f3da5-910b-4d85-a844-c5ab8b75fcd8,2,,yes,Aristida adscensionis<br/>Perotis patens,herb_024<br/>Oldenladia corymbosa,Aristida adscensionis<br/>Perotis patens<br/>herb_024<br/>Oldenladia corymbosa,,,1779718235526.jpg,0.2190393,37.4373352,991.1893751783015,3.9,,uuid:8e5f5c9d-d697-4358-b766-db4a41f28c3e,uuid:8e5f5c9d-d697-4358-b766-db4a41f28c3e/observations/quadrat_repeat[11]
12,,yes,no,008f3da5-910b-4d85-a844-c5ab8b75fcd8,1,,yes,Aristida adscensionis,Aristida scabrivalvis,Aristida adscensionis<br/>Aristida scabrivalvis,,,1779718289337.jpg,0.2189499,37.4373754,990.9834869552266,4.0,,uuid:8e5f5c9d-d697-4358-b766-db4a41f28c3e,uuid:8e5f5c9d-d697-4358-b766-db4a41f28c3e/observations/quadrat_repeat[12]
13,,yes,no,db3a7687-15f8-4b28-875a-6d5012afcc88,1,,yes,Tephrosia lupinifolia,Crotolaria sphaerocarpa,Tephrosia lupinifolia<br/>Crotolaria sphaerocarpa,,,1779718354524.jpg,0.2188910,37.4372986,990.5893751783015,3.5,,uuid:8e5f5c9d-d697-4358-b766-db4a41f28c3e,uuid:8e5f5c9d-d697-4358-b766-db4a41f28c3e/observations/quadrat_repeat[13]
14,,yes,no,215c8636-1978-42aa-86a1-9c3b5962055b db3a7687-15f8-4b28-875a-6d5012afcc88,2,,yes,Portulaca kermesina<br/>Tephrosia lupinifolia,Aristida scabrivalvis<br/>Erlangea misera<br/>Crotolaria sphaerocarpa,Portulaca kermesina<br/>Tephrosia lupinifolia<br/>Aristida scabrivalvis<br/>Erlangea misera<br/>Crotolaria sphaerocarpa,,,1779718451635.jpg,0.2189338,37.4372804,990.3834869552267,4.0,,uuid:8e5f5c9d-d697-4358-b766-db4a41f28c3e,uuid:8e5f5c9d-d697-4358-b766-db4a41f28c3e/observations/quadrat_repeat[14]
15,,yes,no,db3a7687-15f8-4b28-875a-6d5012afcc88,1,,yes,Tephrosia lupinifolia,Oldenladia corymbosa<br/>Evolvulus alsinoides <br/>Crotolaria sphaerocarpa,Tephrosia lupinifolia<br/>Oldenladia corymbosa<br/>Evolvulus alsinoides <br/>Crotolaria sphaerocarpa,,,1779718542663.jpg,0.2190109,37.4371706,990.2893751783015,3.175,,uuid:8e5f5c9d-d697-4358-b766-db4a41f28c3e,uuid:8e5f5c9d-d697-4358-b766-db4a41f28c3e/observations/quadrat_repeat[15]
16,,yes,no,db3a7687-15f8-4b28-875a-6d5012afcc88 1dc71d7e-f47b-47f5-8dbb-7e82c9867534,2,,yes,Melinis repens<br/>Tephrosia lupinifolia,Evolvulus alsinoides <br/>Tephrosia purpurea,Melinis repens<br/>Tephrosia lupinifolia<br/>Evolvulus alsinoides <br/>Tephrosia purpurea,,,1779718679027.jpg,0.2190505,37.4371664,987.4,2.3,,uuid:8e5f5c9d-d697-4358-b766-db4a41f28c3e,uuid:8e5f5c9d-d697-4358-b766-db4a41f28c3e/observations/quadrat_repeat[16]
17,,yes,no,4c3c1743-5505-4c19-8499-5f3f89bcc48f 8fb56826-0f75-4fd9-afc2-f995f704dbcf,2,,yes,Perotis patens<br/>Hibiscus micranthus,Pogonarthria fleckii<br/>Tephrosia purpurea<br/>Erlangea misera<br/>Oldenladia corymbosa,Perotis patens<br/>Hibiscus micranthus<br/>Pogonarthria fleckii<br/>Tephrosia purpurea<br/>Erlangea misera<br/>Oldenladia corymbosa,,,1779718747278.jpg,0.2190065,37.4371249,984.5781854722933,3.0,,uuid:8e5f5c9d-d697-4358-b766-db4a41f28c3e,uuid:8e5f5c9d-d697-4358-b766-db4a41f28c3e/observations/quadrat_repeat[17]
18,,yes,no,8fb56826-0f75-4fd9-afc2-f995f704dbcf 1dc71d7e-f47b-47f5-8dbb-7e82c9867534 883b0fcc-8eea-4779-b237-22e299be16fc,3,,yes,Commelina benghalensis<br/>Melinis repens<br/>Hibiscus micranthus,Tephrosia purpurea<br/>Crotolaria sphaerocarpa,Commelina benghalensis<br/>Melinis repens<br/>Hibiscus micranthus<br/>Tephrosia purpurea<br/>Crotolaria sphaerocarpa,,,1779718864386.jpg,0.2190354,37.4370914,983.4563875760587,3.8,,uuid:8e5f5c9d-d697-4358-b766-db4a41f28c3e,uuid:8e5f5c9d-d697-4358-b766-db4a41f28c3e/observations/quadrat_repeat[18]
19,,yes,no,3c3ff64b-92fd-4d60-9022-63a7c599e108 e3454aa0-e2f6-495b-9aea-90847fdd1858 cdc30e17-bf4f-4243-9c0b-0698d69bc373 4c3c1743-5505-4c19-8499-5f3f89bcc48f 008f3da5-910b-4d85-a844-c5ab8b75fcd8,5,,yes,Aristida adscensionis<br/>Indigofera schimperi<br/>Ocimum americanum<br/>Perotis patens<br/>Pogonarthria squarrosa,Tephrosia purpurea<br/>Crotolaria sphaerocarpa,Aristida adscensionis<br/>Indigofera schimperi<br/>Ocimum americanum<br/>Perotis patens<br/>Pogonarthria squarrosa<br/>Tephrosia purpurea<br/>Crotolaria sphaerocarpa,,,1779718975707.jpg,0.2190510,37.4370487,983.6457835817966,3.6,,uuid:8e5f5c9d-d697-4358-b766-db4a41f28c3e,uuid:8e5f5c9d-d697-4358-b766-db4a41f28c3e/observations/quadrat_repeat[19]
20,,yes,no,cdc30e17-bf4f-4243-9c0b-0698d69bc373,1,,yes,Pogonarthria squarrosa,Tephrosia purpurea,Pogonarthria squarrosa<br/>Tephrosia purpurea,,,1779719028416.jpg,0.2190659,37.4369998,983.8351837586596,3.6,,uuid:8e5f5c9d-d697-4358-b766-db4a41f28c3e,uuid:8e5f5c9d-d697-4358-b766-db4a41f28c3e/observations/quadrat_repeat[20]
1,,yes,no,008f3da5-910b-4d85-a844-c5ab8b75fcd8,1,,yes,Aristida adscensionis,herb_010<br/>herb_016<br/>herb_054,Aristida adscensionis<br/>herb_010<br/>herb_016<br/>herb_054,,,1779710867243.jpg,0.2256985,37.4355888,988.1999999999999,2.7,,uuid:4137458f-31e5-4355-b4ad-47858fb11503,uuid:4137458f-31e5-4355-b4ad-47858fb11503/observations/quadrat_repeat[1]
2,,yes,yes,,0,,yes,,Phyllanthus pantandrus,Phyllanthus pantandrus,,,1779710982139.jpg,0.2256313,37.4357806,988.6167280394108,2.9,,uuid:4137458f-31e5-4355-b4ad-47858fb11503,uuid:4137458f-31e5-4355-b4ad-47858fb11503/observations/quadrat_repeat[2]
3,,yes,yes,,0,,yes,,herb_016<br/>herb_080<br/>Oldenladia corymbosa,herb_016<br/>herb_080<br/>Oldenladia corymbosa,,,1779711327829.jpg,0.2257909,37.4357723,988.7677258668584,3.6,,uuid:4137458f-31e5-4355-b4ad-47858fb11503,uuid:4137458f-31e5-4355-b4ad-47858fb11503/observations/quadrat_repeat[3]
4,,yes,yes,,0,,yes,,herb_016<br/>Aristida scabrivalvis,herb_016<br/>Aristida scabrivalvis,,,1779711418384.jpg,0.2257045,37.4357297,988.6731022863552,3.1,,uuid:4137458f-31e5-4355-b4ad-47858fb11503,uuid:4137458f-31e5-4355-b4ad-47858fb11503/observations/quadrat_repeat[4]
5,,yes,yes,,0,,yes,,herb_010<br/>Rhynchosia totta,herb_010<br/>Rhynchosia totta,,,1779711497462.jpg,0.2256482,37.4359430,983.1,2.5,,uuid:4137458f-31e5-4355-b4ad-47858fb11503,uuid:4137458f-31e5-4355-b4ad-47858fb11503/observations/quadrat_repeat[5]
6,,yes,no,215c8636-1978-42aa-86a1-9c3b5962055b,1,,yes,Portulaca kermesina,herb_009,Portulaca kermesina<br/>herb_009,,,1779711601576.jpg,0.2256602,37.4359003,984.7832999931379,3.4,,uuid:4137458f-31e5-4355-b4ad-47858fb11503,uuid:4137458f-31e5-4355-b4ad-47858fb11503/observations/quadrat_repeat[6]
7,,yes,no,215c8636-1978-42aa-86a1-9c3b5962055b,1,,yes,Portulaca kermesina,Aristida scabrivalvis<br/>herb_002<br/>herb_010,Portulaca kermesina<br/>Aristida scabrivalvis<br/>herb_002<br/>herb_010,,,1779711707022.jpg,0.2256191,37.4360609,986.1396711229672,2.9,,uuid:4137458f-31e5-4355-b4ad-47858fb11503,uuid:4137458f-31e5-4355-b4ad-47858fb11503/observations/quadrat_repeat[7]
8,,yes,no,215c8636-1978-42aa-86a1-9c3b5962055b,1,,yes,Portulaca kermesina,herb_058<br/>Aristida scabrivalvis,Portulaca kermesina<br/>herb_058<br/>Aristida scabrivalvis,,,1779712035653.jpg,0.2254729,37.4360018,985.7284701216937,3.0,,uuid:4137458f-31e5-4355-b4ad-47858fb11503,uuid:4137458f-31e5-4355-b4ad-47858fb11503/observations/quadrat_repeat[8]
9,,yes,no,008f3da5-910b-4d85-a844-c5ab8b75fcd8 215c8636-1978-42aa-86a1-9c3b5962055b,2,,yes,Aristida adscensionis<br/>Portulaca kermesina,herb_080<br/>herb_094,Aristida adscensionis<br/>Portulaca kermesina<br/>herb_080<br/>herb_094,,,1779712188784.jpg,0.2255588,37.4360854,989.3,2.5,,uuid:4137458f-31e5-4355-b4ad-47858fb11503,uuid:4137458f-31e5-4355-b4ad-47858fb11503/observations/quadrat_repeat[9]
10,,yes,yes,,0,,yes,,herb_010<br/>Aristida scabrivalvis,herb_010<br/>Aristida scabrivalvis,,,1779712263498.jpg,0.2255175,37.4360966,988.3946443820757,3.3,,uuid:4137458f-31e5-4355-b4ad-47858fb11503,uuid:4137458f-31e5-4355-b4ad-47858fb11503/observations/quadrat_repeat[10]
11,,yes,no,008f3da5-910b-4d85-a844-c5ab8b75fcd8,1,,yes,Aristida adscensionis,herb_010<br/>Rhynchosia totta,Aristida adscensionis<br/>herb_010<br/>Rhynchosia totta,,,1779712368912.jpg,0.2254976,37.4360936,987.9,3.1,,uuid:4137458f-31e5-4355-b4ad-47858fb11503,uuid:4137458f-31e5-4355-b4ad-47858fb11503/observations/quadrat_repeat[11]
12,,yes,no,215c8636-1978-42aa-86a1-9c3b5962055b,1,,yes,Portulaca kermesina,herb_010,Portulaca kermesina<br/>herb_010,,,1779712434960.jpg,0.2254897,37.4360953,987.9946454236651,3.1,,uuid:4137458f-31e5-4355-b4ad-47858fb11503,uuid:4137458f-31e5-4355-b4ad-47858fb11503/observations/quadrat_repeat[12]
13,,yes,no,215c8636-1978-42aa-86a1-9c3b5962055b,1,,yes,Portulaca kermesina,herb_009<br/>herb_096<br/>herb_097,Portulaca kermesina<br/>herb_009<br/>herb_096<br/>herb_097,,,1779713078822.jpg,0.2254962,37.4359908,980.4,2.7,,uuid:4137458f-31e5-4355-b4ad-47858fb11503,uuid:4137458f-31e5-4355-b4ad-47858fb11503/observations/quadrat_repeat[13]
14,,yes,yes,,0,,yes,,herb_010<br/>herb_014,herb_010<br/>herb_014,,,1779713377569.jpg,0.2255401,37.4359378,990.3860190975716,4.2,,uuid:4137458f-31e5-4355-b4ad-47858fb11503,uuid:4137458f-31e5-4355-b4ad-47858fb11503/observations/quadrat_repeat[14]
15,,yes,no,42b6fdde-7193-48e4-8a16-488eae05fab9 215c8636-1978-42aa-86a1-9c3b5962055b,2,,yes,Ipomoea coptica<br/>Portulaca kermesina,herb_014,Ipomoea coptica<br/>Portulaca kermesina<br/>herb_014,,,1779713460110.jpg,0.2255624,37.4359104,990.8860409566919,3.0,,uuid:4137458f-31e5-4355-b4ad-47858fb11503,uuid:4137458f-31e5-4355-b4ad-47858fb11503/observations/quadrat_repeat[15]
16,,yes,no,008f3da5-910b-4d85-a844-c5ab8b75fcd8,1,,yes,Aristida adscensionis,Oldenladia corymbosa<br/>Phyllanthus pantandrus<br/>herb_068<br/>herb_080,Aristida adscensionis<br/>Oldenladia corymbosa<br/>Phyllanthus pantandrus<br/>herb_068<br/>herb_080,,,1779713718646.jpg,0.2255912,37.4359319,991.0913955330267,4.75,,uuid:4137458f-31e5-4355-b4ad-47858fb11503,uuid:4137458f-31e5-4355-b4ad-47858fb11503/observations/quadrat_repeat[16]
17,,no,,,,,,,,,,,1779713751130.jpg,0.2256067,37.4358892,990.389335608625,3.0,,uuid:4137458f-31e5-4355-b4ad-47858fb11503,uuid:4137458f-31e5-4355-b4ad-47858fb11503/observations/quadrat_repeat[17]
18,,yes,no,215c8636-1978-42aa-86a1-9c3b5962055b,1,,yes,Portulaca kermesina,Aristida scabrivalvis,Portulaca kermesina<br/>Aristida scabrivalvis,,,1779713805471.jpg,0.2255867,37.4357879,987.6999999999999,3.7,,uuid:4137458f-31e5-4355-b4ad-47858fb11503,uuid:4137458f-31e5-4355-b4ad-47858fb11503/observations/quadrat_repeat[18]
19,,yes,no,008f3da5-910b-4d85-a844-c5ab8b75fcd8,1,,yes,Aristida adscensionis,herb_016<br/>Aristida scabrivalvis,Aristida adscensionis<br/>herb_016<br/>Aristida scabrivalvis,,,1779713862709.jpg,0.2256545,37.4357224,987.6940921120768,2.55,,uuid:4137458f-31e5-4355-b4ad-47858fb11503,uuid:4137458f-31e5-4355-b4ad-47858fb11503/observations/quadrat_repeat[19]
20,,yes,no,9ab8c574-90c7-4055-98e9-f58b576de7e2,1,,no,Urochloa mosambicensis,,Urochloa mosambicensis,,,1779714148562.jpg,0.2256117,37.4357150,987.8834339607567,4.0,,uuid:4137458f-31e5-4355-b4ad-47858fb11503,uuid:4137458f-31e5-4355-b4ad-47858fb11503/observations/quadrat_repeat[20]
1,,yes,no,42b6fdde-7193-48e4-8a16-488eae05fab9 cdc30e17-bf4f-4243-9c0b-0698d69bc373,2,,yes,Ipomoea coptica<br/>Pogonarthria squarrosa,Tephrosia purpurea<br/>herb_094<br/>herb_010,Ipomoea coptica<br/>Pogonarthria squarrosa<br/>Tephrosia purpurea<br/>herb_094<br/>herb_010,,,1779630026263.jpg,0.2317552,37.4293277,984.1,2.8,,uuid:430e85a3-44ce-45f4-9974-c6a61569e78b,uuid:430e85a3-44ce-45f4-9974-c6a61569e78b/observations/quadrat_repeat[1]
2,,yes,no,883b0fcc-8eea-4779-b237-22e299be16fc 42b6fdde-7193-48e4-8a16-488eae05fab9,2,,yes,Ipomoea coptica<br/>Commelina benghalensis,herb_002<br/>herb_010<br/>herb_094<br/>herb_045,Ipomoea coptica<br/>Commelina benghalensis<br/>herb_002<br/>herb_010<br/>herb_094<br/>herb_045,,,1779630263739.jpg,0.2317232,37.4292924,985.2364917724626,4.4,,uuid:430e85a3-44ce-45f4-9974-c6a61569e78b,uuid:430e85a3-44ce-45f4-9974-c6a61569e78b/observations/quadrat_repeat[2]
3,,yes,no,883b0fcc-8eea-4779-b237-22e299be16fc 1dc71d7e-f47b-47f5-8dbb-7e82c9867534,2,,yes,Commelina benghalensis<br/>Melinis repens,herb_002<br/>herb_045,Commelina benghalensis<br/>Melinis repens<br/>herb_002<br/>herb_045,,,1779630455943.jpg,0.2316892,37.4293195,987.1999999999999,3.2,"
B ",uuid:430e85a3-44ce-45f4-9974-c6a61569e78b,uuid:430e85a3-44ce-45f4-9974-c6a61569e78b/observations/quadrat_repeat[3]
4,,yes,no,42b6fdde-7193-48e4-8a16-488eae05fab9 883b0fcc-8eea-4779-b237-22e299be16fc,2,,yes,Ipomoea coptica<br/>Commelina benghalensis,herb_045<br/>herb_095,Ipomoea coptica<br/>Commelina benghalensis<br/>herb_045<br/>herb_095,,,1779631400453.jpg,0.2316853,37.4293785,986.6,3.4,,uuid:430e85a3-44ce-45f4-9974-c6a61569e78b,uuid:430e85a3-44ce-45f4-9974-c6a61569e78b/observations/quadrat_repeat[4]
5,,yes,no,42b6fdde-7193-48e4-8a16-488eae05fab9 883b0fcc-8eea-4779-b237-22e299be16fc 1dc71d7e-f47b-47f5-8dbb-7e82c9867534,3,,yes,Ipomoea coptica<br/>Commelina benghalensis<br/>Melinis repens,Pogonarthria fleckii<br/>herb_045,Ipomoea coptica<br/>Commelina benghalensis<br/>Melinis repens<br/>Pogonarthria fleckii<br/>herb_045,,,1779631583515.jpg,0.2316816,37.4294576,986.221382956846,4.35,,uuid:430e85a3-44ce-45f4-9974-c6a61569e78b,uuid:430e85a3-44ce-45f4-9974-c6a61569e78b/observations/quadrat_repeat[5]
6,,yes,no,42b6fdde-7193-48e4-8a16-488eae05fab9 883b0fcc-8eea-4779-b237-22e299be16fc,2,,yes,Ipomoea coptica<br/>Commelina benghalensis,herb_035,Ipomoea coptica<br/>Commelina benghalensis<br/>herb_035,,,1779631709748.jpg,0.2316645,37.4294798,989.6999999999999,2.6, ,uuid:430e85a3-44ce-45f4-9974-c6a61569e78b,uuid:430e85a3-44ce-45f4-9974-c6a61569e78b/observations/quadrat_repeat[6]
7,,yes,no,cdc30e17-bf4f-4243-9c0b-0698d69bc373 42b6fdde-7193-48e4-8a16-488eae05fab9 883b0fcc-8eea-4779-b237-22e299be16fc,3,,no,Ipomoea coptica<br/>Commelina benghalensis<br/>Pogonarthria squarrosa,,Ipomoea coptica<br/>Commelina benghalensis<br/>Pogonarthria squarrosa,,,1779631807163.jpg,0.2316178,37.4295112,989.026612853994,3.8,,uuid:430e85a3-44ce-45f4-9974-c6a61569e78b,uuid:430e85a3-44ce-45f4-9974-c6a61569e78b/observations/quadrat_repeat[7]
8,,yes,no,42b6fdde-7193-48e4-8a16-488eae05fab9 883b0fcc-8eea-4779-b237-22e299be16fc,2,,no,Ipomoea coptica<br/>Commelina benghalensis,,Ipomoea coptica<br/>Commelina benghalensis,,,1779631888840.jpg,0.2316282,37.4295266,985.3688330857186,3.2,,uuid:430e85a3-44ce-45f4-9974-c6a61569e78b,uuid:430e85a3-44ce-45f4-9974-c6a61569e78b/observations/quadrat_repeat[8]
9,,yes,no,883b0fcc-8eea-4779-b237-22e299be16fc 42b6fdde-7193-48e4-8a16-488eae05fab9,2,,yes,Ipomoea coptica<br/>Commelina benghalensis,herb_095<br/>herb_035<br/>herb_002,Ipomoea coptica<br/>Commelina benghalensis<br/>herb_095<br/>herb_035<br/>herb_002,,,1779632171653.jpg,0.2316184,37.4296033,985.0110054733982,4.875,,uuid:430e85a3-44ce-45f4-9974-c6a61569e78b,uuid:430e85a3-44ce-45f4-9974-c6a61569e78b/observations/quadrat_repeat[9]
10,,yes,yes,,0,,yes,,herb_002<br/>herb_035<br/>herb_094<br/>herb_011,herb_002<br/>herb_035<br/>herb_094<br/>herb_011,,,1779632288925.jpg,0.2316509,37.4296908,984.8954876473266,3.15,,uuid:430e85a3-44ce-45f4-9974-c6a61569e78b,uuid:430e85a3-44ce-45f4-9974-c6a61569e78b/observations/quadrat_repeat[10]
11,,yes,no,db3a7687-15f8-4b28-875a-6d5012afcc88 883b0fcc-8eea-4779-b237-22e299be16fc,2,,yes,Commelina benghalensis<br/>Tephrosia lupinifolia,herb_035<br/>Tephrosia purpurea<br/>herb_002,Commelina benghalensis<br/>Tephrosia lupinifolia<br/>herb_035<br/>Tephrosia purpurea<br/>herb_002,,,1779632383830.jpg,0.2315965,37.4296825,984.8954876473266,3.4,,uuid:430e85a3-44ce-45f4-9974-c6a61569e78b,uuid:430e85a3-44ce-45f4-9974-c6a61569e78b/observations/quadrat_repeat[11]
12,,yes,no,883b0fcc-8eea-4779-b237-22e299be16fc 42b6fdde-7193-48e4-8a16-488eae05fab9,2,,yes,Ipomoea coptica<br/>Commelina benghalensis,herb_035,Ipomoea coptica<br/>Commelina benghalensis<br/>herb_035,,,1779632438769.jpg,0.2315983,37.4296410,985.8955438937046,4.3,,uuid:430e85a3-44ce-45f4-9974-c6a61569e78b,uuid:430e85a3-44ce-45f4-9974-c6a61569e78b/observations/quadrat_repeat[12]
13,,yes,no,42b6fdde-7193-48e4-8a16-488eae05fab9,1,,yes,Ipomoea coptica,herb_010<br/>herb_019,Ipomoea coptica<br/>herb_010<br/>herb_019,,,1779632757046.jpg,0.2316722,37.4295596,984.4428909716727,4.8,,uuid:430e85a3-44ce-45f4-9974-c6a61569e78b,uuid:430e85a3-44ce-45f4-9974-c6a61569e78b/observations/quadrat_repeat[13]
14,,yes,no,008f3da5-910b-4d85-a844-c5ab8b75fcd8 42b6fdde-7193-48e4-8a16-488eae05fab9 883b0fcc-8eea-4779-b237-22e299be16fc,3,,yes,Aristida adscensionis<br/>Ipomoea coptica<br/>Commelina benghalensis,herb_035,Aristida adscensionis<br/>Ipomoea coptica<br/>Commelina benghalensis<br/>herb_035,,,1779632842688.jpg,0.2316329,37.4296034,984.2533351748137,2.85,,uuid:430e85a3-44ce-45f4-9974-c6a61569e78b,uuid:430e85a3-44ce-45f4-9974-c6a61569e78b/observations/quadrat_repeat[14]
15,,yes,no,883b0fcc-8eea-4779-b237-22e299be16fc,1,,yes,Commelina benghalensis,Pogonarthria fleckii<br/>herb_094,Commelina benghalensis<br/>Pogonarthria fleckii<br/>herb_094,,,1779632919056.jpg,0.2316342,37.4294887,983.9585588431381,3.5,,uuid:430e85a3-44ce-45f4-9974-c6a61569e78b,uuid:430e85a3-44ce-45f4-9974-c6a61569e78b/observations/quadrat_repeat[15]
16,,yes,no,883b0fcc-8eea-4779-b237-22e299be16fc db3a7687-15f8-4b28-875a-6d5012afcc88,2,,yes,Commelina benghalensis<br/>Tephrosia lupinifolia,herb_002<br/>herb_035,Commelina benghalensis<br/>Tephrosia lupinifolia<br/>herb_002<br/>herb_035,,,1779632998589.jpg,0.2316800,37.4294512,983.9585588431381,4.95,,uuid:430e85a3-44ce-45f4-9974-c6a61569e78b,uuid:430e85a3-44ce-45f4-9974-c6a61569e78b/observations/quadrat_repeat[16]
17,,yes,no,883b0fcc-8eea-4779-b237-22e299be16fc cdc30e17-bf4f-4243-9c0b-0698d69bc373 42b6fdde-7193-48e4-8a16-488eae05fab9,3,,no,Ipomoea coptica<br/>Commelina benghalensis<br/>Pogonarthria squarrosa,,Ipomoea coptica<br/>Commelina benghalensis<br/>Pogonarthria squarrosa,,,1779633043695.jpg,0.2316519,37.4294245,982.5527780825357,4.35,,uuid:430e85a3-44ce-45f4-9974-c6a61569e78b,uuid:430e85a3-44ce-45f4-9974-c6a61569e78b/observations/quadrat_repeat[17]
18,,yes,no,42b6fdde-7193-48e4-8a16-488eae05fab9,1,,yes,Ipomoea coptica,herb_035<br/>herb_052,Ipomoea coptica<br/>herb_035<br/>herb_052,,,1779633151854.jpg,0.2316567,37.4293684,981.3690363633525,2.9,,uuid:430e85a3-44ce-45f4-9974-c6a61569e78b,uuid:430e85a3-44ce-45f4-9974-c6a61569e78b/observations/quadrat_repeat[18]
19,,yes,no,883b0fcc-8eea-4779-b237-22e299be16fc,1,,yes,Commelina benghalensis,herb_010<br/>herb_012<br/>herb_045,Commelina benghalensis<br/>herb_010<br/>herb_012<br/>herb_045,,,1779633229241.jpg,0.2317009,37.4293341,978.4476096776092,3.5,,uuid:430e85a3-44ce-45f4-9974-c6a61569e78b,uuid:430e85a3-44ce-45f4-9974-c6a61569e78b/observations/quadrat_repeat[19]
20,,yes,no,42b6fdde-7193-48e4-8a16-488eae05fab9,1,,yes,Ipomoea coptica,herb_045,Ipomoea coptica<br/>herb_045,,,1779633299484.jpg,0.2316917,37.4292926,978.3476096776092,3.3,,uuid:430e85a3-44ce-45f4-9974-c6a61569e78b,uuid:430e85a3-44ce-45f4-9974-c6a61569e78b/observations/quadrat_repeat[20]
1,,yes,yes,,0,,yes,,herb_088,herb_088,,,1779624116276.jpg,0.2348329,37.4260614,984.6999999999999,2.2,,uuid:54452130-d92e-4996-a0d7-9401811b9ed7,uuid:54452130-d92e-4996-a0d7-9401811b9ed7/observations/quadrat_repeat[1]
2,,yes,no,c1a4c299-0f56-4c4b-92f9-b39be88b0291,1,,no,Oxygonum alatum,,Oxygonum alatum,,,1779624238905.jpg,0.2347654,37.4261040,985.5,2.1,,uuid:54452130-d92e-4996-a0d7-9401811b9ed7,uuid:54452130-d92e-4996-a0d7-9401811b9ed7/observations/quadrat_repeat[2]
3,,yes,yes,,0,,yes,,herb_092 (Ipomea leucanthemum)<br/>Rhynchosia totta<br/>herb_029<br/>Brachiara dura<br/>Oldenladia corymbosa,herb_092 (Ipomea leucanthemum)<br/>Rhynchosia totta<br/>herb_029<br/>Brachiara dura<br/>Oldenladia corymbosa,,,1779625224460.jpg,0.2348173,37.4262280,982.1,4.7,,uuid:54452130-d92e-4996-a0d7-9401811b9ed7,uuid:54452130-d92e-4996-a0d7-9401811b9ed7/observations/quadrat_repeat[3]
4,,yes,yes,,0,,yes,,herb_016,herb_016,,,1779625310989.jpg,0.2347274,37.4262519,987.6329130977308,2.35,,uuid:54452130-d92e-4996-a0d7-9401811b9ed7,uuid:54452130-d92e-4996-a0d7-9401811b9ed7/observations/quadrat_repeat[4]
5,,yes,no,1dc71d7e-f47b-47f5-8dbb-7e82c9867534,1,,yes,Melinis repens,Rhynchosia totta,Melinis repens<br/>Rhynchosia totta,,,1779625468175.jpg,0.2347647,37.4262451,988.1648836243093,3.0,,uuid:54452130-d92e-4996-a0d7-9401811b9ed7,uuid:54452130-d92e-4996-a0d7-9401811b9ed7/observations/quadrat_repeat[5]
6,,yes,yes,,0,,yes,,Rhynchosia totta<br/>herb_080<br/>herb_092,Rhynchosia totta<br/>herb_080<br/>herb_092,,,1779625750043.jpg,0.2347614,37.4262247,984.7729392771944,3.8,,uuid:54452130-d92e-4996-a0d7-9401811b9ed7,uuid:54452130-d92e-4996-a0d7-9401811b9ed7/observations/quadrat_repeat[6]
7,,yes,yes,,0,,yes,,herb_029,herb_029,,,1779625864387.jpg,0.2347093,37.4263775,986.1999999999999,2.7,,uuid:54452130-d92e-4996-a0d7-9401811b9ed7,uuid:54452130-d92e-4996-a0d7-9401811b9ed7/observations/quadrat_repeat[7]
8,,yes,no,cdc30e17-bf4f-4243-9c0b-0698d69bc373,1,,yes,Pogonarthria squarrosa,herb_093,Pogonarthria squarrosa<br/>herb_093,,,1779626370378.jpg,0.2347167,37.4263950,1002.9,4.1,,uuid:54452130-d92e-4996-a0d7-9401811b9ed7,uuid:54452130-d92e-4996-a0d7-9401811b9ed7/observations/quadrat_repeat[8]
9,,yes,no,4c3c1743-5505-4c19-8499-5f3f89bcc48f,1,,no,Perotis patens,,Perotis patens,,,1779626451202.jpg,0.2346785,37.4264227,990.5136127544813,2.6,,uuid:54452130-d92e-4996-a0d7-9401811b9ed7,uuid:54452130-d92e-4996-a0d7-9401811b9ed7/observations/quadrat_repeat[9]
10,,yes,yes,,0,,yes,,Pogonarthria fleckii<br/>Macrotalyma daltonii<br/>herb_029,Pogonarthria fleckii<br/>Macrotalyma daltonii<br/>herb_029,,,1779626684849.jpg,0.2346533,37.4264820,994.7783004243665,2.6,,uuid:54452130-d92e-4996-a0d7-9401811b9ed7,uuid:54452130-d92e-4996-a0d7-9401811b9ed7/observations/quadrat_repeat[10]
11,,yes,yes,,0,,yes,,Phyllanthus pantandrus<br/>Pogonarthria fleckii<br/>herb_029,Phyllanthus pantandrus<br/>Pogonarthria fleckii<br/>herb_029,,,1779626773469.jpg,0.2346805,37.4265077,994.0189582743292,2.9,,uuid:54452130-d92e-4996-a0d7-9401811b9ed7,uuid:54452130-d92e-4996-a0d7-9401811b9ed7/observations/quadrat_repeat[11]
12,,yes,no,c1a4c299-0f56-4c4b-92f9-b39be88b0291,1,,yes,Oxygonum alatum,herb_029<br/>Xenostegia pinnata,Oxygonum alatum<br/>herb_029<br/>Xenostegia pinnata,,,1779626880209.jpg,0.2347033,37.4264477,993.3788946619784,2.9,,uuid:54452130-d92e-4996-a0d7-9401811b9ed7,uuid:54452130-d92e-4996-a0d7-9401811b9ed7/observations/quadrat_repeat[12]
13,,yes,yes,,0,,yes,,herb_029,herb_029,,,1779626940178.jpg,0.2347242,37.4264147,992.9788946619784,2.6,,uuid:54452130-d92e-4996-a0d7-9401811b9ed7,uuid:54452130-d92e-4996-a0d7-9401811b9ed7/observations/quadrat_repeat[13]
14,,yes,yes,,0,,yes,,herb_029,herb_029,,,1779627022548.jpg,0.2346632,37.4263385,990.9,3.2,,uuid:54452130-d92e-4996-a0d7-9401811b9ed7,uuid:54452130-d92e-4996-a0d7-9401811b9ed7/observations/quadrat_repeat[14]
15,,yes,no,fef04a86-9057-43e3-a920-1cc20a78d566 4c3c1743-5505-4c19-8499-5f3f89bcc48f,2,,yes,Eragrostis trichophora<br/>Perotis patens,herb_017,Eragrostis trichophora<br/>Perotis patens<br/>herb_017,,,1779627138500.jpg,0.2347036,37.4263060,990.067795660299,3.7,,uuid:54452130-d92e-4996-a0d7-9401811b9ed7,uuid:54452130-d92e-4996-a0d7-9401811b9ed7/observations/quadrat_repeat[15]
16,,yes,no,1dc71d7e-f47b-47f5-8dbb-7e82c9867534,1,,yes,Melinis repens,Rhynchosia totta<br/>Asparagus africanus,Melinis repens<br/>Rhynchosia totta<br/>Asparagus africanus,,,1779627268704.jpg,0.2346951,37.4262061,990.351418722243,4.0,,uuid:54452130-d92e-4996-a0d7-9401811b9ed7,uuid:54452130-d92e-4996-a0d7-9401811b9ed7/observations/quadrat_repeat[16]
17,,yes,no,e3454aa0-e2f6-495b-9aea-90847fdd1858,1,,yes,Indigofera schimperi,,Indigofera schimperi,,,1779627332174.jpg,0.2347232,37.4261729,991.5625500380703,2.3,,uuid:54452130-d92e-4996-a0d7-9401811b9ed7,uuid:54452130-d92e-4996-a0d7-9401811b9ed7/observations/quadrat_repeat[17]
18,,yes,yes,,0,,yes,,herb_029,herb_029,,,1779627426343.jpg,0.2346867,37.4261681,991.9039833131152,3.8,,uuid:54452130-d92e-4996-a0d7-9401811b9ed7,uuid:54452130-d92e-4996-a0d7-9401811b9ed7/observations/quadrat_repeat[18]
19,,yes,no,1dc71d7e-f47b-47f5-8dbb-7e82c9867534,1,,yes,Melinis repens,herb_016,Melinis repens<br/>herb_016,,,1779627520449.jpg,0.2347321,37.4260613,992.1304081716316,3.5,,uuid:54452130-d92e-4996-a0d7-9401811b9ed7,uuid:54452130-d92e-4996-a0d7-9401811b9ed7/observations/quadrat_repeat[19]
20,,yes,no,1dc71d7e-f47b-47f5-8dbb-7e82c9867534,1,,yes,Melinis repens,herb_016,Melinis repens<br/>herb_016,,,1779627638097.jpg,0.2347279,37.4260748,991.0140125082959,3.5,,uuid:54452130-d92e-4996-a0d7-9401811b9ed7,uuid:54452130-d92e-4996-a0d7-9401811b9ed7/observations/quadrat_repeat[20]
1,,yes,no,8fb56826-0f75-4fd9-afc2-f995f704dbcf,1,,yes,Hibiscus micranthus,herb_016,Hibiscus micranthus<br/>herb_016,,,1779617591442.jpg,0.2349490,37.4228568,984.6887294186901,3.2,,uuid:b816a9b4-f338-432a-83d7-1cf354583f0f,uuid:b816a9b4-f338-432a-83d7-1cf354583f0f/observations/quadrat_repeat[1]
2,,yes,no,c1a4c299-0f56-4c4b-92f9-b39be88b0291,1,,yes,Oxygonum alatum,herb_016<br/>Erlangea misera<br/>Sida chrysantha,Oxygonum alatum<br/>herb_016<br/>Erlangea misera<br/>Sida chrysantha,,,1779617833273.jpg,0.2348765,37.4228506,980.8,2.4,,uuid:b816a9b4-f338-432a-83d7-1cf354583f0f,uuid:b816a9b4-f338-432a-83d7-1cf354583f0f/observations/quadrat_repeat[2]
3,,yes,yes,,0,,yes,,herb_016<br/>herb_091,herb_016<br/>herb_091,,,1779618720309.jpg,0.2348631,37.4229297,981.6,2.2,,uuid:b816a9b4-f338-432a-83d7-1cf354583f0f,uuid:b816a9b4-f338-432a-83d7-1cf354583f0f/observations/quadrat_repeat[3]
4,,yes,yes,,0,,yes,,herb_016,herb_016,,,1779618786363.jpg,0.2348132,37.4230409,985.6615326702682,2.6,,uuid:b816a9b4-f338-432a-83d7-1cf354583f0f,uuid:b816a9b4-f338-432a-83d7-1cf354583f0f/observations/quadrat_repeat[4]
5,,yes,no,8fb56826-0f75-4fd9-afc2-f995f704dbcf,1,,yes,Hibiscus micranthus,Evolvulus alsinoides ,Hibiscus micranthus<br/>Evolvulus alsinoides ,,,1779618869784.jpg,0.2347953,37.4230083,985.5669666527644,2.4,,uuid:b816a9b4-f338-432a-83d7-1cf354583f0f,uuid:b816a9b4-f338-432a-83d7-1cf354583f0f/observations/quadrat_repeat[5]
6,,yes,yes,,0,,yes,,herb_016<br/>Aristida scabrivalvis<br/>Evolvulus alsinoides ,herb_016<br/>Aristida scabrivalvis<br/>Evolvulus alsinoides ,,,1779618968049.jpg,0.2347278,37.4230354,985.9452369620564,2.8,,uuid:b816a9b4-f338-432a-83d7-1cf354583f0f,uuid:b816a9b4-f338-432a-83d7-1cf354583f0f/observations/quadrat_repeat[6]
7,,yes,no,8fb56826-0f75-4fd9-afc2-f995f704dbcf,1,,yes,Hibiscus micranthus,herb_016<br/>Erlangea misera,Hibiscus micranthus<br/>herb_016<br/>Erlangea misera,,,1779619037029.jpg,0.2348092,37.4231365,985.9452369620564,2.6,,uuid:b816a9b4-f338-432a-83d7-1cf354583f0f,uuid:b816a9b4-f338-432a-83d7-1cf354583f0f/observations/quadrat_repeat[7]
8,,yes,yes,,0,,yes,,herb_088<br/>Xenostegia tridentata,herb_088<br/>Xenostegia tridentata,,,1779619123704.jpg,0.2347743,37.4232101,985.8506678248905,2.9,,uuid:b816a9b4-f338-432a-83d7-1cf354583f0f,uuid:b816a9b4-f338-432a-83d7-1cf354583f0f/observations/quadrat_repeat[8]
9,,yes,no,8fb56826-0f75-4fd9-afc2-f995f704dbcf 4c3c1743-5505-4c19-8499-5f3f89bcc48f,2,,yes,Perotis patens<br/>Hibiscus micranthus,herb_024<br/>Erlangea misera,Perotis patens<br/>Hibiscus micranthus<br/>herb_024<br/>Erlangea misera,,,1779619207463.jpg,0.2348300,37.4232457,986.0398071391568,3.3,,uuid:b816a9b4-f338-432a-83d7-1cf354583f0f,uuid:b816a9b4-f338-432a-83d7-1cf354583f0f/observations/quadrat_repeat[9]
10,,yes,no,883b0fcc-8eea-4779-b237-22e299be16fc,1,,yes,Commelina benghalensis,herb_024,Commelina benghalensis<br/>herb_024,,,1779619266222.jpg,0.2347933,37.4232451,986.0398071391568,3.0,,uuid:b816a9b4-f338-432a-83d7-1cf354583f0f,uuid:b816a9b4-f338-432a-83d7-1cf354583f0f/observations/quadrat_repeat[10]
11,,yes,no,883b0fcc-8eea-4779-b237-22e299be16fc 1dc71d7e-f47b-47f5-8dbb-7e82c9867534,2,,yes,Commelina benghalensis<br/>Melinis repens,Oldenladia corymbosa,Commelina benghalensis<br/>Melinis repens<br/>Oldenladia corymbosa,,,1779619395877.jpg,0.2347063,37.4232376,986.606673353012,2.3,,uuid:b816a9b4-f338-432a-83d7-1cf354583f0f,uuid:b816a9b4-f338-432a-83d7-1cf354583f0f/observations/quadrat_repeat[11]
12,,yes,no,8fb56826-0f75-4fd9-afc2-f995f704dbcf 008f3da5-910b-4d85-a844-c5ab8b75fcd8,2,,no,Aristida adscensionis<br/>Hibiscus micranthus,,Aristida adscensionis<br/>Hibiscus micranthus,,,1779619437606.jpg,0.2347531,37.4232204,986.512096942175,2.7,,uuid:b816a9b4-f338-432a-83d7-1cf354583f0f,uuid:b816a9b4-f338-432a-83d7-1cf354583f0f/observations/quadrat_repeat[12]
13,,yes,no,883b0fcc-8eea-4779-b237-22e299be16fc 4c3c1743-5505-4c19-8499-5f3f89bcc48f,2,,yes,Commelina benghalensis<br/>Perotis patens,herb_016<br/>herb_024<br/>Oldenladia corymbosa,Commelina benghalensis<br/>Perotis patens<br/>herb_016<br/>herb_024<br/>Oldenladia corymbosa,,,1779619543186.jpg,0.2347524,37.4231559,984.6282994482999,2.6,,uuid:b816a9b4-f338-432a-83d7-1cf354583f0f,uuid:b816a9b4-f338-432a-83d7-1cf354583f0f/observations/quadrat_repeat[13]
14,,yes,yes,,0,,yes,,herb_016<br/>herb_091<br/>Evolvulus alsinoides ,herb_016<br/>herb_091<br/>Evolvulus alsinoides ,,,1779619635325.jpg,0.2347788,37.4231549,982.5891621701975,3.3,,uuid:b816a9b4-f338-432a-83d7-1cf354583f0f,uuid:b816a9b4-f338-432a-83d7-1cf354583f0f/observations/quadrat_repeat[14]
15,,yes,no,1dc71d7e-f47b-47f5-8dbb-7e82c9867534 c1a4c299-0f56-4c4b-92f9-b39be88b0291,2,,yes,Melinis repens<br/>Oxygonum alatum,Erlangea misera,Melinis repens<br/>Oxygonum alatum<br/>Erlangea misera,,,1779619819470.jpg,0.2347648,37.4230835,983.1560968881861,2.9,,uuid:b816a9b4-f338-432a-83d7-1cf354583f0f,uuid:b816a9b4-f338-432a-83d7-1cf354583f0f/observations/quadrat_repeat[15]
16,,yes,yes,,0,,yes,,herb_024<br/>herb_088,herb_024<br/>herb_088,,,1779619955227.jpg,0.2347646,37.4230255,984.2621035440484,4.633,,uuid:b816a9b4-f338-432a-83d7-1cf354583f0f,uuid:b816a9b4-f338-432a-83d7-1cf354583f0f/observations/quadrat_repeat[16]
17,,yes,yes,,0,,yes,,Evolvulus alsinoides ,Evolvulus alsinoides ,,,1779620015159.jpg,0.2348127,37.4229989,983.3446989191516,2.6,,uuid:b816a9b4-f338-432a-83d7-1cf354583f0f,uuid:b816a9b4-f338-432a-83d7-1cf354583f0f/observations/quadrat_repeat[17]
18,,yes,no,c1a4c299-0f56-4c4b-92f9-b39be88b0291,1,,yes,Oxygonum alatum,herb_091<br/>herb_016<br/>Oldenladia corymbosa<br/>Evolvulus alsinoides ,Oxygonum alatum<br/>herb_091<br/>herb_016<br/>Oldenladia corymbosa<br/>Evolvulus alsinoides ,,,1779620213708.jpg,0.2348190,37.4229133,983.6284749059996,3.6,,uuid:b816a9b4-f338-432a-83d7-1cf354583f0f,uuid:b816a9b4-f338-432a-83d7-1cf354583f0f/observations/quadrat_repeat[18]
19,,yes,yes,,0,,yes,,herb_016<br/>Evolvulus alsinoides ,herb_016<br/>Evolvulus alsinoides ,,,1779620283296.jpg,0.2348773,37.4229139,983.5338818699558,2.966,,uuid:b816a9b4-f338-432a-83d7-1cf354583f0f,uuid:b816a9b4-f338-432a-83d7-1cf354583f0f/observations/quadrat_repeat[19]
20,,yes,no,8fb56826-0f75-4fd9-afc2-f995f704dbcf,1,,yes,Hibiscus micranthus,herb_016<br/>herb_049<br/>Erlangea misera<br/>Evolvulus alsinoides ,Hibiscus micranthus<br/>herb_016<br/>herb_049<br/>Erlangea misera<br/>Evolvulus alsinoides ,,,1779620583583.jpg,0.2348181,37.4228848,984.2171184694648,3.9,,uuid:b816a9b4-f338-432a-83d7-1cf354583f0f,uuid:b816a9b4-f338-432a-83d7-1cf354583f0f/observations/quadrat_repeat[20]
1,,yes,no,008f3da5-910b-4d85-a844-c5ab8b75fcd8,1,,yes,Aristida adscensionis,herb_016,Aristida adscensionis<br/>herb_016,,,1779613689711.jpg,0.2334322,37.4107426,982.5393039924236,2.2,,uuid:ef5c5535-1739-481b-af66-71061de5dcd2,uuid:ef5c5535-1739-481b-af66-71061de5dcd2/observations/quadrat_repeat[1]
2,,yes,no,1dc71d7e-f47b-47f5-8dbb-7e82c9867534,1,,yes,Melinis repens,herb_016<br/>herb_080<br/>herb_088,Melinis repens<br/>herb_016<br/>herb_080<br/>herb_088,,,1779613913874.jpg,0.2333595,37.4107580,982.4551427029935,3.8,,uuid:ef5c5535-1739-481b-af66-71061de5dcd2,uuid:ef5c5535-1739-481b-af66-71061de5dcd2/observations/quadrat_repeat[2]
3,,yes,yes,,0,,yes,,Brachiara dura,Brachiara dura,,,1779614033780.jpg,0.2334614,37.4109080,983.1152834293624,4.75,,uuid:ef5c5535-1739-481b-af66-71061de5dcd2,uuid:ef5c5535-1739-481b-af66-71061de5dcd2/observations/quadrat_repeat[3]
4,,yes,no,008f3da5-910b-4d85-a844-c5ab8b75fcd8,1,,yes,Aristida adscensionis,herb_016,Aristida adscensionis<br/>herb_016,,,1779614181547.jpg,0.2334294,37.4109247,983.39930835904,3.8,,uuid:ef5c5535-1739-481b-af66-71061de5dcd2,uuid:ef5c5535-1739-481b-af66-71061de5dcd2/observations/quadrat_repeat[4]
5,,yes,yes,,0,,yes,,herb_016,herb_016,,,1779614294909.jpg,0.2333510,37.4108989,983.7766579759447,2.8,,uuid:ef5c5535-1739-481b-af66-71061de5dcd2,uuid:ef5c5535-1739-481b-af66-71061de5dcd2/observations/quadrat_repeat[5]
6,,yes,yes,,0,,yes,,herb_016<br/>herb_088,herb_016<br/>herb_088,,,1779614424183.jpg,0.2333847,37.4109965,984.1540241508841,3.3,,uuid:ef5c5535-1739-481b-af66-71061de5dcd2,uuid:ef5c5535-1739-481b-af66-71061de5dcd2/observations/quadrat_repeat[6]
7,,yes,no,c1a4c299-0f56-4c4b-92f9-b39be88b0291,1,,yes,Oxygonum alatum,herb_017,Oxygonum alatum<br/>herb_017,,,1779614577354.jpg,0.2333421,37.4110346,984.0595370202832,2.9,,uuid:ef5c5535-1739-481b-af66-71061de5dcd2,uuid:ef5c5535-1739-481b-af66-71061de5dcd2/observations/quadrat_repeat[7]
8,,yes,yes,,0,,yes,,herb_016<br/>herb_017,herb_016<br/>herb_017,,,1779614713124.jpg,0.2333897,37.4110977,984.343001526497,4.4,,uuid:ef5c5535-1739-481b-af66-71061de5dcd2,uuid:ef5c5535-1739-481b-af66-71061de5dcd2/observations/quadrat_repeat[8]
9,,yes,yes,,0,,yes,,herb_016<br/>herb_017,herb_016<br/>herb_017,,,1779614834779.jpg,0.2333939,37.4110924,984.6264753762972,3.2,,uuid:ef5c5535-1739-481b-af66-71061de5dcd2,uuid:ef5c5535-1739-481b-af66-71061de5dcd2/observations/quadrat_repeat[9]
10,,yes,yes,,0,,yes,,herb_016,herb_016,,,1779614912245.jpg,0.2334011,37.4112111,986.866938356014,3.7,,uuid:ef5c5535-1739-481b-af66-71061de5dcd2,uuid:ef5c5535-1739-481b-af66-71061de5dcd2/observations/quadrat_repeat[10]
11,,yes,yes,,0,,yes,,herb_016,herb_016,,,1779615033829.jpg,0.2333024,37.4111907,985.0,2.9,,uuid:ef5c5535-1739-481b-af66-71061de5dcd2,uuid:ef5c5535-1739-481b-af66-71061de5dcd2/observations/quadrat_repeat[11]
12,,yes,yes,,0,,yes,,herb_016<br/>herb_017,herb_016<br/>herb_017,,,1779615151583.jpg,0.2333604,37.4111042,984.9548234976319,2.5,,uuid:ef5c5535-1739-481b-af66-71061de5dcd2,uuid:ef5c5535-1739-481b-af66-71061de5dcd2/observations/quadrat_repeat[12]
13,,yes,yes,,0,,yes,,herb_016<br/>herb_017<br/>Xenostegia tridentata,herb_016<br/>herb_017<br/>Xenostegia tridentata,,,1779615258042.jpg,0.2332995,37.4111118,985.0052699305377,3.1,,uuid:ef5c5535-1739-481b-af66-71061de5dcd2,uuid:ef5c5535-1739-481b-af66-71061de5dcd2/observations/quadrat_repeat[13]
14,,yes,no,008f3da5-910b-4d85-a844-c5ab8b75fcd8,1,,no,Aristida adscensionis,,Aristida adscensionis,,,1779615327992.jpg,0.2333606,37.4109984,982.7328363437806,2.6,,uuid:ef5c5535-1739-481b-af66-71061de5dcd2,uuid:ef5c5535-1739-481b-af66-71061de5dcd2/observations/quadrat_repeat[14]
15,,yes,yes,,0,,yes,,herb_016<br/>herb_017<br/>herb_088,herb_016<br/>herb_017<br/>herb_088,,,1779615427154.jpg,0.2334175,37.4110345,983.4,2.6,,uuid:ef5c5535-1739-481b-af66-71061de5dcd2,uuid:ef5c5535-1739-481b-af66-71061de5dcd2/observations/quadrat_repeat[15]
16,,yes,yes,,0,,yes,,herb_016<br/>herb_017<br/>Erlangea misera,herb_016<br/>herb_017<br/>Erlangea misera,,,1779615531593.jpg,0.2333607,37.4109436,983.1102895291519,3.0,,uuid:ef5c5535-1739-481b-af66-71061de5dcd2,uuid:ef5c5535-1739-481b-af66-71061de5dcd2/observations/quadrat_repeat[16]
17,,yes,no,7bad79fe-2bdc-435c-acab-1246afb4fc19 008f3da5-910b-4d85-a844-c5ab8b75fcd8,2,,yes,Aristida adscensionis<br/>Eragrostis rigidior,herb_016,Aristida adscensionis<br/>Eragrostis rigidior<br/>herb_016,,,1779615607365.jpg,0.2334119,37.4108286,983.878033591411,2.2,,uuid:ef5c5535-1739-481b-af66-71061de5dcd2,uuid:ef5c5535-1739-481b-af66-71061de5dcd2/observations/quadrat_repeat[17]
18,,yes,yes,,0,,yes,,herb_016,herb_016,,,1779615656179.jpg,0.2333984,37.4107950,984.0609933881607,2.85,,uuid:ef5c5535-1739-481b-af66-71061de5dcd2,uuid:ef5c5535-1739-481b-af66-71061de5dcd2/observations/quadrat_repeat[18]
19,,yes,yes,,0,,yes,,herb_016,herb_016,,,1779615704955.jpg,0.2333753,37.4107978,983.9664803227859,3.2,,uuid:ef5c5535-1739-481b-af66-71061de5dcd2,uuid:ef5c5535-1739-481b-af66-71061de5dcd2/observations/quadrat_repeat[19]
20,,yes,yes,,0,,yes,,herb_016,herb_016,,,1779615783735.jpg,0.2334432,37.4107840,984.4445388165825,2.8,,uuid:ef5c5535-1739-481b-af66-71061de5dcd2,uuid:ef5c5535-1739-481b-af66-71061de5dcd2/observations/quadrat_repeat[20]
1,,yes,no,c1a4c299-0f56-4c4b-92f9-b39be88b0291,1,,no,Oxygonum alatum,,Oxygonum alatum,,,1779606527740.jpg,0.2341825,37.4062831,986.566374625902,1.9,,uuid:e63b6ad6-7893-4cca-a1db-00fbde18a2aa,uuid:e63b6ad6-7893-4cca-a1db-00fbde18a2aa/observations/quadrat_repeat[1]
2,,yes,yes,,0,,yes,,herb_088<br/>herb_089 (Brachiara dura),herb_088<br/>herb_089 (Brachiara dura),,,1779608313533.jpg,0.2341689,37.4063449,984.8,2.3,,uuid:e63b6ad6-7893-4cca-a1db-00fbde18a2aa,uuid:e63b6ad6-7893-4cca-a1db-00fbde18a2aa/observations/quadrat_repeat[2]
3,,yes,yes,,0,,yes,,Oldenladia corymbosa<br/>Xenostegia tridentata<br/>herb_089<br/>herb_088,Oldenladia corymbosa<br/>Xenostegia tridentata<br/>herb_089<br/>herb_088,,,1779608678723.jpg,0.2341937,37.4064144,983.1337807546754,3.6,,uuid:e63b6ad6-7893-4cca-a1db-00fbde18a2aa,uuid:e63b6ad6-7893-4cca-a1db-00fbde18a2aa/observations/quadrat_repeat[3]
4,,yes,no,4c3c1743-5505-4c19-8499-5f3f89bcc48f,1,,yes,Perotis patens,herb_017<br/>herb_080<br/>herb_088,Perotis patens<br/>herb_017<br/>herb_080<br/>herb_088,,,1779609731007.jpg,0.2341403,37.4064359,982.0,2.45,,uuid:e63b6ad6-7893-4cca-a1db-00fbde18a2aa,uuid:e63b6ad6-7893-4cca-a1db-00fbde18a2aa/observations/quadrat_repeat[4]
5,,yes,no,4c3c1743-5505-4c19-8499-5f3f89bcc48f,1,,yes,Perotis patens,herb_089,Perotis patens<br/>herb_089,,,1779609834130.jpg,0.2341414,37.4064557,980.8960105383608,2.15,,uuid:e63b6ad6-7893-4cca-a1db-00fbde18a2aa,uuid:e63b6ad6-7893-4cca-a1db-00fbde18a2aa/observations/quadrat_repeat[5]
6,,yes,no,1dc71d7e-f47b-47f5-8dbb-7e82c9867534,1,,yes,Melinis repens,herb_080<br/>herb_017,Melinis repens<br/>herb_080<br/>herb_017,,,1779610041029.jpg,0.2340943,37.4064451,982.5283372025095,2.9,,uuid:e63b6ad6-7893-4cca-a1db-00fbde18a2aa,uuid:e63b6ad6-7893-4cca-a1db-00fbde18a2aa/observations/quadrat_repeat[6]
7,,yes,yes,,0,,yes,,herb_017<br/>Tephrosia purpurea,herb_017<br/>Tephrosia purpurea,,,1779610121596.jpg,0.2341020,37.4065706,984.094444631148,2.2,,uuid:e63b6ad6-7893-4cca-a1db-00fbde18a2aa,uuid:e63b6ad6-7893-4cca-a1db-00fbde18a2aa/observations/quadrat_repeat[7]
8,,yes,no,1dc71d7e-f47b-47f5-8dbb-7e82c9867534 7bad79fe-2bdc-435c-acab-1246afb4fc19,2,,yes,Eragrostis rigidior<br/>Melinis repens,herb_017,Eragrostis rigidior<br/>Melinis repens<br/>herb_017,,,1779610235312.jpg,0.2341177,37.4065852,985.2222194009648,2.1,,uuid:e63b6ad6-7893-4cca-a1db-00fbde18a2aa,uuid:e63b6ad6-7893-4cca-a1db-00fbde18a2aa/observations/quadrat_repeat[8]
9,,yes,yes,,0,,yes,,herb_017<br/>Tephrosia purpurea,herb_017<br/>Tephrosia purpurea,,,1779610328522.jpg,0.2340879,37.4066522,986.1277768441408,2.3,,uuid:e63b6ad6-7893-4cca-a1db-00fbde18a2aa,uuid:e63b6ad6-7893-4cca-a1db-00fbde18a2aa/observations/quadrat_repeat[9]
10,,yes,no,1dc71d7e-f47b-47f5-8dbb-7e82c9867534 7bad79fe-2bdc-435c-acab-1246afb4fc19,2,,yes,Eragrostis rigidior<br/>Melinis repens,herb_017<br/>herb_024<br/>herb_089,Eragrostis rigidior<br/>Melinis repens<br/>herb_017<br/>herb_024<br/>herb_089,,,1779610471147.jpg,0.2340656,37.4067416,986.1277768441408,2.5,,uuid:e63b6ad6-7893-4cca-a1db-00fbde18a2aa,uuid:e63b6ad6-7893-4cca-a1db-00fbde18a2aa/observations/quadrat_repeat[10]
11,,yes,yes,,0,,yes,,herb_016,herb_016,,,1779610586514.jpg,0.2340800,37.4066507,986.2222194009648,3.3,,uuid:e63b6ad6-7893-4cca-a1db-00fbde18a2aa,uuid:e63b6ad6-7893-4cca-a1db-00fbde18a2aa/observations/quadrat_repeat[11]
12,,yes,yes,,0,,yes,,herb_080,herb_080,,,1779610786226.jpg,0.2341045,37.4065906,986.7833338934689,3.2,,uuid:e63b6ad6-7893-4cca-a1db-00fbde18a2aa,uuid:e63b6ad6-7893-4cca-a1db-00fbde18a2aa/observations/quadrat_repeat[12]
13,,yes,no,215c8636-1978-42aa-86a1-9c3b5962055b,1,,yes,Portulaca kermesina,herb_016<br/>herb_017,Portulaca kermesina<br/>herb_016<br/>herb_017,,,1779610968888.jpg,0.2341061,37.4066419,986.7888882251226,2.3,,uuid:e63b6ad6-7893-4cca-a1db-00fbde18a2aa,uuid:e63b6ad6-7893-4cca-a1db-00fbde18a2aa/observations/quadrat_repeat[13]
14,,yes,no,4c3c1743-5505-4c19-8499-5f3f89bcc48f,1,,yes,Perotis patens,herb_049<br/>herb_016<br/>Xenostegia tridentata,Perotis patens<br/>herb_049<br/>herb_016<br/>Xenostegia tridentata,,,1779611126284.jpg,0.2340949,37.4065334,987.1833338934689,2.7,,uuid:e63b6ad6-7893-4cca-a1db-00fbde18a2aa,uuid:e63b6ad6-7893-4cca-a1db-00fbde18a2aa/observations/quadrat_repeat[14]
15,,yes,no,1dc71d7e-f47b-47f5-8dbb-7e82c9867534,1,,yes,Melinis repens,herb_016,Melinis repens<br/>herb_016,,,1779611199601.jpg,0.2340802,37.4065335,987.1888882251226,2.0,,uuid:e63b6ad6-7893-4cca-a1db-00fbde18a2aa,uuid:e63b6ad6-7893-4cca-a1db-00fbde18a2aa/observations/quadrat_repeat[15]
16,,yes,no,8fb56826-0f75-4fd9-afc2-f995f704dbcf 215c8636-1978-42aa-86a1-9c3b5962055b,2,,yes,Portulaca kermesina<br/>Hibiscus micranthus,herb_088,Portulaca kermesina<br/>Hibiscus micranthus<br/>herb_088,,,1779611302338.jpg,0.2340952,37.4065106,987.8722231558592,2.6,,uuid:e63b6ad6-7893-4cca-a1db-00fbde18a2aa,uuid:e63b6ad6-7893-4cca-a1db-00fbde18a2aa/observations/quadrat_repeat[16]
17,,yes,no,7bad79fe-2bdc-435c-acab-1246afb4fc19 1dc71d7e-f47b-47f5-8dbb-7e82c9867534,2,,yes,Eragrostis rigidior<br/>Melinis repens,herb_017,Eragrostis rigidior<br/>Melinis repens<br/>herb_017,,,1779611402650.jpg,0.2341147,37.4064387,988.454993579437,1.95,,uuid:e63b6ad6-7893-4cca-a1db-00fbde18a2aa,uuid:e63b6ad6-7893-4cca-a1db-00fbde18a2aa/observations/quadrat_repeat[17]
18,,yes,yes,,0,,yes,,Evolvulus alsinoides <br/>herb_088<br/>herb_090 (Xenostegia pinnata),Evolvulus alsinoides <br/>herb_088<br/>herb_090 (Xenostegia pinnata),,,1779611810628.jpg,0.2341638,37.4063713,990.5,2.3,,uuid:e63b6ad6-7893-4cca-a1db-00fbde18a2aa,uuid:e63b6ad6-7893-4cca-a1db-00fbde18a2aa/observations/quadrat_repeat[18]
19,,no,,,,,,,,,,,1779611846436.jpg,0.2341174,37.4063640,990.054993579437,3.05,,uuid:e63b6ad6-7893-4cca-a1db-00fbde18a2aa,uuid:e63b6ad6-7893-4cca-a1db-00fbde18a2aa/observations/quadrat_repeat[19]
20,,yes,no,4c3c1743-5505-4c19-8499-5f3f89bcc48f c1a4c299-0f56-4c4b-92f9-b39be88b0291,2,,no,Oxygonum alatum<br/>Perotis patens,,Oxygonum alatum<br/>Perotis patens,,,1779612378231.jpg,0.2341702,37.4062427,995.6999999999999,2.8,,uuid:e63b6ad6-7893-4cca-a1db-00fbde18a2aa,uuid:e63b6ad6-7893-4cca-a1db-00fbde18a2aa/observations/quadrat_repeat[20]
1,,yes,no,c1a4c299-0f56-4c4b-92f9-b39be88b0291,1,,yes,Oxygonum alatum,herb_017,Oxygonum alatum<br/>herb_017,,,1779543759834.jpg,0.2343143,37.4031283,997.8,3.5,,uuid:c4ea3469-7e1c-474a-9ce6-fc1926e590e2,uuid:c4ea3469-7e1c-474a-9ce6-fc1926e590e2/observations/quadrat_repeat[1]
2,,yes,no,8fb56826-0f75-4fd9-afc2-f995f704dbcf 4c3c1743-5505-4c19-8499-5f3f89bcc48f,2,,yes,Perotis patens<br/>Hibiscus micranthus,herb_016<br/>Rhynchosia totta<br/>herb_017,Perotis patens<br/>Hibiscus micranthus<br/>herb_016<br/>Rhynchosia totta<br/>herb_017,,,1779544001582.jpg,0.2342763,37.4031492,995.3051714663527,4.3,,uuid:c4ea3469-7e1c-474a-9ce6-fc1926e590e2,uuid:c4ea3469-7e1c-474a-9ce6-fc1926e590e2/observations/quadrat_repeat[2]
3,,yes,no,883b0fcc-8eea-4779-b237-22e299be16fc,1,,yes,Commelina benghalensis,herb_016<br/>herb_017<br/>herb_045,Commelina benghalensis<br/>herb_016<br/>herb_017<br/>herb_045,,,1779544304782.jpg,0.2342043,37.4031921,999.5103439783285,3.7,,uuid:c4ea3469-7e1c-474a-9ce6-fc1926e590e2,uuid:c4ea3469-7e1c-474a-9ce6-fc1926e590e2/observations/quadrat_repeat[3]
4,,yes,yes,,0,,yes,,herb_016<br/>herb_017<br/>herb_029,herb_016<br/>herb_017<br/>herb_029,,,1779544498611.jpg,0.2342479,37.4033540,997.1368004030902,3.8,,uuid:c4ea3469-7e1c-474a-9ce6-fc1926e590e2,uuid:c4ea3469-7e1c-474a-9ce6-fc1926e590e2/observations/quadrat_repeat[4]
5,,yes,no,f407986d-94a5-4fa9-a058-b9f183687960,1,,yes,Sida cordifolia,Evolvulus alsinoides <br/>herb_016<br/>herb_017,Sida cordifolia<br/>Evolvulus alsinoides <br/>herb_016<br/>herb_017,,,1779544698418.jpg,0.2341853,37.4033195,996.947159006261,4.0,,uuid:c4ea3469-7e1c-474a-9ce6-fc1926e590e2,uuid:c4ea3469-7e1c-474a-9ce6-fc1926e590e2/observations/quadrat_repeat[5]
6,,yes,no,db3a7687-15f8-4b28-875a-6d5012afcc88,1,,yes,Tephrosia lupinifolia,herb_016<br/>herb_029<br/>herb_080<br/>herb_085,Tephrosia lupinifolia<br/>herb_016<br/>herb_029<br/>herb_080<br/>herb_085,,,1779545470061.jpg,0.2341854,37.4033142,995.4789476174208,4.566,,uuid:c4ea3469-7e1c-474a-9ce6-fc1926e590e2,uuid:c4ea3469-7e1c-474a-9ce6-fc1926e590e2/observations/quadrat_repeat[6]
7,,yes,yes,,0,,yes,,herb_029,herb_029,,,1779545619324.jpg,0.2342053,37.4033598,996.4264824981739,3.2,,uuid:c4ea3469-7e1c-474a-9ce6-fc1926e590e2,uuid:c4ea3469-7e1c-474a-9ce6-fc1926e590e2/observations/quadrat_repeat[7]
8,,yes,yes,,0,,yes,,herb_016<br/>herb_017<br/>herb_029,herb_016<br/>herb_017<br/>herb_029,,,1779545716841.jpg,0.2341810,37.4033767,991.3155551346968,3.05,,uuid:c4ea3469-7e1c-474a-9ce6-fc1926e590e2,uuid:c4ea3469-7e1c-474a-9ce6-fc1926e590e2/observations/quadrat_repeat[8]
9,,yes,no,4c3c1743-5505-4c19-8499-5f3f89bcc48f,1,,yes,Perotis patens,herb_016<br/>herb_017<br/>herb_024,Perotis patens<br/>herb_016<br/>herb_017<br/>herb_024,,,1779545857819.jpg,0.2341495,37.4035424,989.5103690444653,3.8,,uuid:c4ea3469-7e1c-474a-9ce6-fc1926e590e2,uuid:c4ea3469-7e1c-474a-9ce6-fc1926e590e2/observations/quadrat_repeat[9]
10,,yes,yes,,0,,yes,,herb_016<br/>Tephrosia purpurea,herb_016<br/>Tephrosia purpurea,,,1779545924732.jpg,0.2340839,37.4034806,988.1,2.5,,uuid:c4ea3469-7e1c-474a-9ce6-fc1926e590e2,uuid:c4ea3469-7e1c-474a-9ce6-fc1926e590e2/observations/quadrat_repeat[10]
11,,yes,no,008f3da5-910b-4d85-a844-c5ab8b75fcd8,1,,yes,Aristida adscensionis,Evolvulus alsinoides <br/>herb_080,Aristida adscensionis<br/>Evolvulus alsinoides <br/>herb_080,,,1779546019776.jpg,0.2340441,37.4034697,988.9,2.6,,uuid:c4ea3469-7e1c-474a-9ce6-fc1926e590e2,uuid:c4ea3469-7e1c-474a-9ce6-fc1926e590e2/observations/quadrat_repeat[11]
12,,yes,yes,,0,,yes,,herb_017<br/>Erlangea misera<br/>Evolvulus alsinoides ,herb_017<br/>Erlangea misera<br/>Evolvulus alsinoides ,,,1779546129339.jpg,0.2340717,37.4034325,988.9948107803114,2.6,,uuid:c4ea3469-7e1c-474a-9ce6-fc1926e590e2,uuid:c4ea3469-7e1c-474a-9ce6-fc1926e590e2/observations/quadrat_repeat[12]
13,,yes,yes,,0,,yes,,herb_016<br/>herb_029,herb_016<br/>herb_029,,,1779546201941.jpg,0.2340941,37.4033875,989.1265085687169,2.25,,uuid:c4ea3469-7e1c-474a-9ce6-fc1926e590e2,uuid:c4ea3469-7e1c-474a-9ce6-fc1926e590e2/observations/quadrat_repeat[13]
14,,yes,no,4c3c1743-5505-4c19-8499-5f3f89bcc48f,1,,yes,Perotis patens,Setaria pumila<br/>herb_029<br/>herb_016<br/>herb_080<br/>herb_086,Perotis patens<br/>Setaria pumila<br/>herb_029<br/>herb_016<br/>herb_080<br/>herb_086,,,1779546650441.jpg,0.2340806,37.4033706,988.7103815750486,3.1,,uuid:c4ea3469-7e1c-474a-9ce6-fc1926e590e2,uuid:c4ea3469-7e1c-474a-9ce6-fc1926e590e2/observations/quadrat_repeat[14]
15,,yes,yes,,0,,yes,,herb_016<br/>herb_017<br/>herb_029,herb_016<br/>herb_017<br/>herb_029,,,1779546772669.jpg,0.2341720,37.4033010,988.7103815750486,3.4,,uuid:c4ea3469-7e1c-474a-9ce6-fc1926e590e2,uuid:c4ea3469-7e1c-474a-9ce6-fc1926e590e2/observations/quadrat_repeat[15]
16,,yes,no,fef04a86-9057-43e3-a920-1cc20a78d566,1,,yes,Eragrostis trichophora,herb_029<br/>herb_017<br/>herb_016<br/>herb_087,Eragrostis trichophora<br/>herb_029<br/>herb_017<br/>herb_016<br/>herb_087,,,1779547221125.jpg,0.2341479,37.4032779,992.3,3.7,,uuid:c4ea3469-7e1c-474a-9ce6-fc1926e590e2,uuid:c4ea3469-7e1c-474a-9ce6-fc1926e590e2/observations/quadrat_repeat[16]
17,,no,,,,,,,,,,,1779547274266.jpg,0.2341674,37.4032341,988.5369245599886,3.2, ,uuid:c4ea3469-7e1c-474a-9ce6-fc1926e590e2,uuid:c4ea3469-7e1c-474a-9ce6-fc1926e590e2/observations/quadrat_repeat[17]
18,,yes,yes,,0,,yes,,herb_017<br/>herb_029<br/>herb_080<br/>Rhynchosia totta,herb_017<br/>herb_029<br/>herb_080<br/>Rhynchosia totta,,,1779547353851.jpg,0.2341844,37.4032137,990.5161582808921,3.4,,uuid:c4ea3469-7e1c-474a-9ce6-fc1926e590e2,uuid:c4ea3469-7e1c-474a-9ce6-fc1926e590e2/observations/quadrat_repeat[18]
19,,yes,yes,,0,,yes,,herb_017,herb_017,,,1779547400684.jpg,0.2342242,37.4031704,988.4421210894442,3.4,,uuid:c4ea3469-7e1c-474a-9ce6-fc1926e590e2,uuid:c4ea3469-7e1c-474a-9ce6-fc1926e590e2/observations/quadrat_repeat[19]
20,,yes,yes,,0,,yes,,Evolvulus alsinoides <br/>Erlangea misera,Evolvulus alsinoides <br/>Erlangea misera,,,1779547462626.jpg,0.2342472,37.4031225,988.6473186639686,3.2,,uuid:c4ea3469-7e1c-474a-9ce6-fc1926e590e2,uuid:c4ea3469-7e1c-474a-9ce6-fc1926e590e2/observations/quadrat_repeat[20]
1,,yes,no,8fb56826-0f75-4fd9-afc2-f995f704dbcf 42b6fdde-7193-48e4-8a16-488eae05fab9 4c3c1743-5505-4c19-8499-5f3f89bcc48f 3c3ff64b-92fd-4d60-9022-63a7c599e108,4,,yes,Ipomoea coptica<br/>Ocimum americanum<br/>Perotis patens<br/>Hibiscus micranthus,Pavonia clathrata<br/>Evolvulus alsinoides <br/>Tephrosia purpurea<br/>herb_084 (Polygala erioptera)<br/>herb_017,Ipomoea coptica<br/>Ocimum americanum<br/>Perotis patens<br/>Hibiscus micranthus<br/>Pavonia clathrata<br/>Evolvulus alsinoides <br/>Tephrosia purpurea<br/>herb_084 (Polygala erioptera)<br/>herb_017,,,1779538868248.jpg,0.2313886,37.4000291,994.6473470779681,3.1,,uuid:9fd08bb2-7c3f-49f5-8ad8-dd6f45da94da,uuid:9fd08bb2-7c3f-49f5-8ad8-dd6f45da94da/observations/quadrat_repeat[1]
2,,yes,no,3c3ff64b-92fd-4d60-9022-63a7c599e108,1,,yes,Ocimum americanum,herb_017<br/>Tephrosia purpurea<br/>Evolvulus alsinoides <br/>Oldenladia corymbosa<br/>herb_084,Ocimum americanum<br/>herb_017<br/>Tephrosia purpurea<br/>Evolvulus alsinoides <br/>Oldenladia corymbosa<br/>herb_084,,,1779539096791.jpg,0.2312300,37.4000831,987.1838198363132,2.7,,uuid:9fd08bb2-7c3f-49f5-8ad8-dd6f45da94da,uuid:9fd08bb2-7c3f-49f5-8ad8-dd6f45da94da/observations/quadrat_repeat[2]
3,,yes,no,42b6fdde-7193-48e4-8a16-488eae05fab9 c1a4c299-0f56-4c4b-92f9-b39be88b0291 4c3c1743-5505-4c19-8499-5f3f89bcc48f,3,,yes,Ipomoea coptica<br/>Oxygonum alatum<br/>Perotis patens,herb_016<br/>Tephrosia purpurea<br/>herb_084,Ipomoea coptica<br/>Oxygonum alatum<br/>Perotis patens<br/>herb_016<br/>Tephrosia purpurea<br/>herb_084,,,1779539430034.jpg,0.2313266,37.4001195,984.3520657028266,2.25,,uuid:9fd08bb2-7c3f-49f5-8ad8-dd6f45da94da,uuid:9fd08bb2-7c3f-49f5-8ad8-dd6f45da94da/observations/quadrat_repeat[3]
4,,yes,no,4c3c1743-5505-4c19-8499-5f3f89bcc48f,1,,yes,Perotis patens,Tephrosia purpurea<br/>herb_084,Perotis patens<br/>Tephrosia purpurea<br/>herb_084,,,1779539646961.jpg,0.2313023,37.4001653,984.825536254283,1.9,,uuid:9fd08bb2-7c3f-49f5-8ad8-dd6f45da94da,uuid:9fd08bb2-7c3f-49f5-8ad8-dd6f45da94da/observations/quadrat_repeat[4]
5,,yes,yes,,0,,yes,,herb_029<br/>Evolvulus alsinoides <br/>herb_084,herb_029<br/>Evolvulus alsinoides <br/>herb_084,,,1779539866697.jpg,0.2312380,37.4002053,985.0792368499473,4.1,,uuid:9fd08bb2-7c3f-49f5-8ad8-dd6f45da94da,uuid:9fd08bb2-7c3f-49f5-8ad8-dd6f45da94da/observations/quadrat_repeat[5]
6,,yes,no,fef04a86-9057-43e3-a920-1cc20a78d566 883b0fcc-8eea-4779-b237-22e299be16fc 7bad79fe-2bdc-435c-acab-1246afb4fc19,3,,yes,Eragrostis rigidior<br/>Eragrostis trichophora<br/>Commelina benghalensis,herb_002<br/>Evolvulus alsinoides ,Eragrostis rigidior<br/>Eragrostis trichophora<br/>Commelina benghalensis<br/>herb_002<br/>Evolvulus alsinoides ,,,1779540024502.jpg,0.2312303,37.4002503,988.3203491187538,3.6,,uuid:9fd08bb2-7c3f-49f5-8ad8-dd6f45da94da,uuid:9fd08bb2-7c3f-49f5-8ad8-dd6f45da94da/observations/quadrat_repeat[6]
7,,yes,yes,,0,,yes,,herb_029<br/>Tephrosia purpurea,herb_029<br/>Tephrosia purpurea,,,1779540146598.jpg,0.2312768,37.4002793,988.6047939840571,3.4,,uuid:9fd08bb2-7c3f-49f5-8ad8-dd6f45da94da,uuid:9fd08bb2-7c3f-49f5-8ad8-dd6f45da94da/observations/quadrat_repeat[7]
8,,yes,no,008f3da5-910b-4d85-a844-c5ab8b75fcd8 1dc71d7e-f47b-47f5-8dbb-7e82c9867534,2,,yes,Aristida adscensionis<br/>Melinis repens,herb_017<br/>herb_029,Aristida adscensionis<br/>Melinis repens<br/>herb_017<br/>herb_029,,,1779540316178.jpg,0.2312303,37.4003741,988.6890569747533,3.0,,uuid:9fd08bb2-7c3f-49f5-8ad8-dd6f45da94da,uuid:9fd08bb2-7c3f-49f5-8ad8-dd6f45da94da/observations/quadrat_repeat[8]
9,,yes,no,db3a7687-15f8-4b28-875a-6d5012afcc88,1,,yes,Tephrosia lupinifolia,herb_017<br/>Tephrosia purpurea<br/>Rhynchosia totta,Tephrosia lupinifolia<br/>herb_017<br/>Tephrosia purpurea<br/>Rhynchosia totta,,,1779540609344.jpg,0.2310683,37.4003949,987.883876104997,4.1,,uuid:9fd08bb2-7c3f-49f5-8ad8-dd6f45da94da,uuid:9fd08bb2-7c3f-49f5-8ad8-dd6f45da94da/observations/quadrat_repeat[9]
10,,yes,no,008f3da5-910b-4d85-a844-c5ab8b75fcd8,1,,yes,Aristida adscensionis,Evolvulus alsinoides ,Aristida adscensionis<br/>Evolvulus alsinoides ,,,1779540684746.jpg,0.2311781,37.4003932,988.8051808697563,2.4,,uuid:9fd08bb2-7c3f-49f5-8ad8-dd6f45da94da,uuid:9fd08bb2-7c3f-49f5-8ad8-dd6f45da94da/observations/quadrat_repeat[10]
11,,yes,no,7bad79fe-2bdc-435c-acab-1246afb4fc19 008f3da5-910b-4d85-a844-c5ab8b75fcd8,2,,yes,Aristida adscensionis<br/>Eragrostis rigidior,Aristida scabrivalvis<br/>herb_024<br/>herb_029,Aristida adscensionis<br/>Eragrostis rigidior<br/>Aristida scabrivalvis<br/>herb_024<br/>herb_029,,,1779540873713.jpg,0.2311772,37.4003258,990.6109409408134,3.2,,uuid:9fd08bb2-7c3f-49f5-8ad8-dd6f45da94da,uuid:9fd08bb2-7c3f-49f5-8ad8-dd6f45da94da/observations/quadrat_repeat[11]
12,,yes,no,db3a7687-15f8-4b28-875a-6d5012afcc88 f407986d-94a5-4fa9-a058-b9f183687960 42b6fdde-7193-48e4-8a16-488eae05fab9,3,,yes,Ipomoea coptica<br/>Sida cordifolia<br/>Tephrosia lupinifolia,herb_017<br/>herb_029,Ipomoea coptica<br/>Sida cordifolia<br/>Tephrosia lupinifolia<br/>herb_017<br/>herb_029,,,1779541037678.jpg,0.2311925,37.4003164,989.4942399289429,3.8,,uuid:9fd08bb2-7c3f-49f5-8ad8-dd6f45da94da,uuid:9fd08bb2-7c3f-49f5-8ad8-dd6f45da94da/observations/quadrat_repeat[12]
13,,yes,no,008f3da5-910b-4d85-a844-c5ab8b75fcd8,1,,no,Aristida adscensionis,,Aristida adscensionis,,,1779541090337.jpg,0.2311526,37.4003028,988.8051808697563,4.0,,uuid:9fd08bb2-7c3f-49f5-8ad8-dd6f45da94da,uuid:9fd08bb2-7c3f-49f5-8ad8-dd6f45da94da/observations/quadrat_repeat[13]
14,,yes,no,4c3c1743-5505-4c19-8499-5f3f89bcc48f db3a7687-15f8-4b28-875a-6d5012afcc88,2,,yes,Perotis patens<br/>Tephrosia lupinifolia,herb_029,Perotis patens<br/>Tephrosia lupinifolia<br/>herb_029,,,1779541177017.jpg,0.2312303,37.4002503,988.7838761049969,3.5,,uuid:9fd08bb2-7c3f-49f5-8ad8-dd6f45da94da,uuid:9fd08bb2-7c3f-49f5-8ad8-dd6f45da94da/observations/quadrat_repeat[14]
15,,yes,yes,,0,,yes,,Oldenladia corymbosa<br/>Tephrosia purpurea<br/>herb_029,Oldenladia corymbosa<br/>Tephrosia purpurea<br/>herb_029,,,1779541289459.jpg,0.2312156,37.4002365,989.068339768456,4.5,,uuid:9fd08bb2-7c3f-49f5-8ad8-dd6f45da94da,uuid:9fd08bb2-7c3f-49f5-8ad8-dd6f45da94da/observations/quadrat_repeat[15]
16,,yes,no,215c8636-1978-42aa-86a1-9c3b5962055b,1,,yes,Portulaca kermesina,Abitulum ramosum<br/>herb_017<br/>herb_084<br/>herb_029<br/>herb_024,Portulaca kermesina<br/>Abitulum ramosum<br/>herb_017<br/>herb_084<br/>herb_029<br/>herb_024,,,1779541481473.jpg,0.2312795,37.4001570,988.9735175018261,4.4,,uuid:9fd08bb2-7c3f-49f5-8ad8-dd6f45da94da,uuid:9fd08bb2-7c3f-49f5-8ad8-dd6f45da94da/observations/quadrat_repeat[16]
17,,yes,no,cdc30e17-bf4f-4243-9c0b-0698d69bc373 fef04a86-9057-43e3-a920-1cc20a78d566 e3454aa0-e2f6-495b-9aea-90847fdd1858,3,,yes,Eragrostis trichophora<br/>Indigofera schimperi<br/>Pogonarthria squarrosa,herb_080<br/>herb_029<br/>herb_054,Eragrostis trichophora<br/>Indigofera schimperi<br/>Pogonarthria squarrosa<br/>herb_080<br/>herb_029<br/>herb_054,,,1779541647140.jpg,0.2313080,37.4000918,989.8735227226456,4.5,,uuid:9fd08bb2-7c3f-49f5-8ad8-dd6f45da94da,uuid:9fd08bb2-7c3f-49f5-8ad8-dd6f45da94da/observations/quadrat_repeat[17]
18,,yes,no,008f3da5-910b-4d85-a844-c5ab8b75fcd8 883b0fcc-8eea-4779-b237-22e299be16fc,2,,yes,Aristida adscensionis<br/>Commelina benghalensis,herb_017<br/>Evolvulus alsinoides <br/>herb_084,Aristida adscensionis<br/>Commelina benghalensis<br/>herb_017<br/>Evolvulus alsinoides <br/>herb_084,,,1779541766333.jpg,0.2315934,37.3996187,992.1741061058406,4.4,,uuid:9fd08bb2-7c3f-49f5-8ad8-dd6f45da94da,uuid:9fd08bb2-7c3f-49f5-8ad8-dd6f45da94da/observations/quadrat_repeat[18]
19,,yes,no,008f3da5-910b-4d85-a844-c5ab8b75fcd8,1,,yes,Aristida adscensionis,Evolvulus alsinoides <br/>herb_017<br/>herb_080<br/>Tephrosia purpurea,Aristida adscensionis<br/>Evolvulus alsinoides <br/>herb_017<br/>herb_080<br/>Tephrosia purpurea,,,1779541870180.jpg,0.2313379,37.4000745,992.4580041023111,3.9,,uuid:9fd08bb2-7c3f-49f5-8ad8-dd6f45da94da,uuid:9fd08bb2-7c3f-49f5-8ad8-dd6f45da94da/observations/quadrat_repeat[19]
20,,yes,no,42b6fdde-7193-48e4-8a16-488eae05fab9 51a3efb3-9fe9-44f9-a052-11661a7152a1 4c3c1743-5505-4c19-8499-5f3f89bcc48f,3,,yes,Dactyloctenium giganteum<br/>Ipomoea coptica<br/>Perotis patens,Tephrosia purpurea<br/>Evolvulus alsinoides <br/>herb_017,Dactyloctenium giganteum<br/>Ipomoea coptica<br/>Perotis patens<br/>Tephrosia purpurea<br/>Evolvulus alsinoides <br/>herb_017,,,1779541969288.jpg,0.2313914,37.4000562,992.6476601239825,4.9,,uuid:9fd08bb2-7c3f-49f5-8ad8-dd6f45da94da,uuid:9fd08bb2-7c3f-49f5-8ad8-dd6f45da94da/observations/quadrat_repeat[20]
1,,yes,yes,,0,,yes,,Rhynchosia totta<br/>Aristida scabrivalvis<br/>Pogonarthria fleckii,Rhynchosia totta<br/>Aristida scabrivalvis<br/>Pogonarthria fleckii,,,1779529676008.jpg,0.2343154,37.3967112,982.9,2.5,,uuid:ebe93f04-c927-4af3-9668-21b6540c01ea,uuid:ebe93f04-c927-4af3-9668-21b6540c01ea/observations/quadrat_repeat[1]
2,,yes,yes,,0,,yes,,herb_010<br/>herb_038<br/>Macrotalyma daltonii<br/>Aristida scabrivalvis,herb_010<br/>herb_038<br/>Macrotalyma daltonii<br/>Aristida scabrivalvis,,,1779530044923.jpg,0.2343619,37.3967147,984.2226230197277,3.2,,uuid:ebe93f04-c927-4af3-9668-21b6540c01ea,uuid:ebe93f04-c927-4af3-9668-21b6540c01ea/observations/quadrat_repeat[2]
3,,yes,no,008f3da5-910b-4d85-a844-c5ab8b75fcd8,1,,yes,Aristida adscensionis,herb_010<br/>Aristida scabrivalvis,Aristida adscensionis<br/>herb_010<br/>Aristida scabrivalvis,,,1779530288722.jpg,0.2342347,37.3966461,985.006439550867,4.1,,uuid:ebe93f04-c927-4af3-9668-21b6540c01ea,uuid:ebe93f04-c927-4af3-9668-21b6540c01ea/observations/quadrat_repeat[3]
4,,yes,yes,,0,,yes,,herb_010,herb_010,,,1779530529756.jpg,0.2342886,37.3967694,985.3842992653301,4.0,,uuid:ebe93f04-c927-4af3-9668-21b6540c01ea,uuid:ebe93f04-c927-4af3-9668-21b6540c01ea/observations/quadrat_repeat[4]
5,,yes,no,42b6fdde-7193-48e4-8a16-488eae05fab9,1,,yes,Ipomoea coptica,Aristida scabrivalvis<br/>herb_010,Ipomoea coptica<br/>Aristida scabrivalvis<br/>herb_010,,,1779530823675.jpg,0.2342599,37.3968935,987.6,2.6,,uuid:ebe93f04-c927-4af3-9668-21b6540c01ea,uuid:ebe93f04-c927-4af3-9668-21b6540c01ea/observations/quadrat_repeat[5]
6,,yes,no,008f3da5-910b-4d85-a844-c5ab8b75fcd8,1,,yes,Aristida adscensionis,Aristida scabrivalvis<br/>Rhynchosia totta<br/>herb_010,Aristida adscensionis<br/>Aristida scabrivalvis<br/>Rhynchosia totta<br/>herb_010,,,1779531128157.jpg,0.2342273,37.3968799,988.5617489994978,2.35,,uuid:ebe93f04-c927-4af3-9668-21b6540c01ea,uuid:ebe93f04-c927-4af3-9668-21b6540c01ea/observations/quadrat_repeat[6]
7,,yes,yes,,0,,yes,,Rhynchosia totta<br/>herb_010<br/>herb_038,Rhynchosia totta<br/>herb_010<br/>herb_038,,,1779531475135.jpg,0.2342945,37.3969652,989.2235489229247,2.25,,uuid:ebe93f04-c927-4af3-9668-21b6540c01ea,uuid:ebe93f04-c927-4af3-9668-21b6540c01ea/observations/quadrat_repeat[7]
8,,yes,no,008f3da5-910b-4d85-a844-c5ab8b75fcd8,1,,yes,Aristida adscensionis,herb_010<br/>Rhynchosia totta,Aristida adscensionis<br/>herb_010<br/>Rhynchosia totta,,,1779531691497.jpg,0.2342500,37.3970160,989.2068633240988,3.5,,uuid:ebe93f04-c927-4af3-9668-21b6540c01ea,uuid:ebe93f04-c927-4af3-9668-21b6540c01ea/observations/quadrat_repeat[8]
9,,yes,yes,,0,,yes,,Aristida scabrivalvis<br/>herb_010<br/>herb_011,Aristida scabrivalvis<br/>herb_010<br/>herb_011,,,1779531957099.jpg,0.2341635,37.3970027,989.5848227281592,3.25,,uuid:ebe93f04-c927-4af3-9668-21b6540c01ea,uuid:ebe93f04-c927-4af3-9668-21b6540c01ea/observations/quadrat_repeat[9]
10,,yes,no,42b6fdde-7193-48e4-8a16-488eae05fab9,1,,yes,Ipomoea coptica,Pogonarthria fleckii<br/>Rhynchosia totta<br/>Macrotalyma daltonii<br/>herb_010<br/>herb_038,Ipomoea coptica<br/>Pogonarthria fleckii<br/>Rhynchosia totta<br/>Macrotalyma daltonii<br/>herb_010<br/>herb_038,,,1779532198111.jpg,0.2341269,37.3970812,988.9452182013388,3.0,,uuid:ebe93f04-c927-4af3-9668-21b6540c01ea,uuid:ebe93f04-c927-4af3-9668-21b6540c01ea/observations/quadrat_repeat[10]
11,,yes,no,008f3da5-910b-4d85-a844-c5ab8b75fcd8,1,,yes,Aristida adscensionis,herb_010<br/>herb_011,Aristida adscensionis<br/>herb_010<br/>herb_011,,,1779532448883.jpg,0.2341316,37.3970425,993.4071106643636,3.1,,uuid:ebe93f04-c927-4af3-9668-21b6540c01ea,uuid:ebe93f04-c927-4af3-9668-21b6540c01ea/observations/quadrat_repeat[11]
12,,yes,no,008f3da5-910b-4d85-a844-c5ab8b75fcd8,1,,yes,Aristida adscensionis,herb_010,Aristida adscensionis<br/>herb_010,,,1779532638786.jpg,0.2341938,37.3970249,993.6904780153051,2.2,,uuid:ebe93f04-c927-4af3-9668-21b6540c01ea,uuid:ebe93f04-c927-4af3-9668-21b6540c01ea/observations/quadrat_repeat[12]
13,,yes,no,7bad79fe-2bdc-435c-acab-1246afb4fc19,1,,yes,Eragrostis rigidior,Aristida scabrivalvis<br/>herb_009<br/>herb_038,Eragrostis rigidior<br/>Aristida scabrivalvis<br/>herb_009<br/>herb_038,,,1779532806625.jpg,0.2341839,37.3969686,993.9744318548863,2.4,,uuid:ebe93f04-c927-4af3-9668-21b6540c01ea,uuid:ebe93f04-c927-4af3-9668-21b6540c01ea/observations/quadrat_repeat[13]
14,,yes,no,008f3da5-910b-4d85-a844-c5ab8b75fcd8,1,,yes,Aristida adscensionis,herb_010<br/>herb_038<br/>Rhynchosia totta,Aristida adscensionis<br/>herb_010<br/>herb_038<br/>Rhynchosia totta,,,1779532979922.jpg,0.2341850,37.3969298,991.7619963669536,2.95,,uuid:ebe93f04-c927-4af3-9668-21b6540c01ea,uuid:ebe93f04-c927-4af3-9668-21b6540c01ea/observations/quadrat_repeat[14]
15,,yes,yes,,0,,yes,,herb_009<br/>herb_010<br/>herb_038<br/>Rhynchosia totta,herb_009<br/>herb_010<br/>herb_038<br/>Rhynchosia totta,,,1779533125509.jpg,0.2341978,37.3969328,991.7619963669536,2.3,,uuid:ebe93f04-c927-4af3-9668-21b6540c01ea,uuid:ebe93f04-c927-4af3-9668-21b6540c01ea/observations/quadrat_repeat[15]
16,,yes,no,cdc30e17-bf4f-4243-9c0b-0698d69bc373,1,,yes,Pogonarthria squarrosa,herb_010<br/>Aristida scabrivalvis,Pogonarthria squarrosa<br/>herb_010<br/>Aristida scabrivalvis,,,1779533291358.jpg,0.2342857,37.3968446,992.8080412567462,2.15,,uuid:ebe93f04-c927-4af3-9668-21b6540c01ea,uuid:ebe93f04-c927-4af3-9668-21b6540c01ea/observations/quadrat_repeat[16]
17,,yes,no,008f3da5-910b-4d85-a844-c5ab8b75fcd8,1,,yes,Aristida adscensionis,herb_010<br/>herb_038<br/>Macrotalyma daltonii,Aristida adscensionis<br/>herb_010<br/>herb_038<br/>Macrotalyma daltonii,,,1779533428787.jpg,0.2342677,37.3968230,994.2188177277386,2.9,,uuid:ebe93f04-c927-4af3-9668-21b6540c01ea,uuid:ebe93f04-c927-4af3-9668-21b6540c01ea/observations/quadrat_repeat[17]
18,,yes,no,008f3da5-910b-4d85-a844-c5ab8b75fcd8,1,,yes,Aristida adscensionis,herb_010<br/>herb_038<br/>Macrotalyma daltonii,Aristida adscensionis<br/>herb_010<br/>herb_038<br/>Macrotalyma daltonii,,,1779533552374.jpg,0.2343004,37.3967856,993.5589356192762,2.2,,uuid:ebe93f04-c927-4af3-9668-21b6540c01ea,uuid:ebe93f04-c927-4af3-9668-21b6540c01ea/observations/quadrat_repeat[18]
19,,yes,no,008f3da5-910b-4d85-a844-c5ab8b75fcd8,1,,yes,Aristida adscensionis,herb_010<br/>Aristida scabrivalvis,Aristida adscensionis<br/>herb_010<br/>Aristida scabrivalvis,,,1779533651350.jpg,0.2342969,37.3967306,992.7781298500158,2.4,"
",uuid:ebe93f04-c927-4af3-9668-21b6540c01ea,uuid:ebe93f04-c927-4af3-9668-21b6540c01ea/observations/quadrat_repeat[19]
20,,yes,yes,,0,,yes,,Rhynchosia totta<br/>Aristida scabrivalvis,Rhynchosia totta<br/>Aristida scabrivalvis,,,1779533764940.jpg,0.2343028,37.3966749,993.156276326611,2.1,,uuid:ebe93f04-c927-4af3-9668-21b6540c01ea,uuid:ebe93f04-c927-4af3-9668-21b6540c01ea/observations/quadrat_repeat[20]
1,,yes,no,7bad79fe-2bdc-435c-acab-1246afb4fc19 883b0fcc-8eea-4779-b237-22e299be16fc,2,,yes,Eragrostis rigidior<br/>Commelina benghalensis,herb_010<br/>herb_017,Eragrostis rigidior<br/>Commelina benghalensis<br/>herb_010<br/>herb_017,,,1779525532477.jpg,0.2324550,37.3826122,980.6999999999999,2.5,,uuid:b940a5e4-f4ed-4120-ba4e-70f858b86dfd,uuid:b940a5e4-f4ed-4120-ba4e-70f858b86dfd/observations/quadrat_repeat[1]
2,,yes,no,42b6fdde-7193-48e4-8a16-488eae05fab9,1,,yes,Ipomoea coptica,herb_010<br/>herb_016<br/>Xenostegia tridentata<br/>herb_029,Ipomoea coptica<br/>herb_010<br/>herb_016<br/>Xenostegia tridentata<br/>herb_029,,,1779525746908.jpg,0.2324668,37.3826755,980.8890479330767,4.1,,uuid:b940a5e4-f4ed-4120-ba4e-70f858b86dfd,uuid:b940a5e4-f4ed-4120-ba4e-70f858b86dfd/observations/quadrat_repeat[2]
3,,yes,no,fef04a86-9057-43e3-a920-1cc20a78d566,1,,yes,Eragrostis trichophora,herb_010<br/>Oldenladia corymbosa,Eragrostis trichophora<br/>herb_010<br/>Oldenladia corymbosa,,,1779526042744.jpg,0.2325571,37.3827281,981.6611095441748,4.2,,uuid:b940a5e4-f4ed-4120-ba4e-70f858b86dfd,uuid:b940a5e4-f4ed-4120-ba4e-70f858b86dfd/observations/quadrat_repeat[3]
4,,yes,no,883b0fcc-8eea-4779-b237-22e299be16fc fef04a86-9057-43e3-a920-1cc20a78d566 7bad79fe-2bdc-435c-acab-1246afb4fc19,3,,yes,Eragrostis rigidior<br/>Eragrostis trichophora<br/>Commelina benghalensis,herb_010<br/>Tephrosia purpurea<br/>Xenostegia tridentata<br/>herb_002,Eragrostis rigidior<br/>Eragrostis trichophora<br/>Commelina benghalensis<br/>herb_010<br/>Tephrosia purpurea<br/>Xenostegia tridentata<br/>herb_002,,,1779526340739.jpg,0.2325070,37.3828013,983.3550804469304,2.6,,uuid:b940a5e4-f4ed-4120-ba4e-70f858b86dfd,uuid:b940a5e4-f4ed-4120-ba4e-70f858b86dfd/observations/quadrat_repeat[4]
5,,yes,no,f407986d-94a5-4fa9-a058-b9f183687960 883b0fcc-8eea-4779-b237-22e299be16fc 7bad79fe-2bdc-435c-acab-1246afb4fc19,3,,yes,Eragrostis rigidior<br/>Commelina benghalensis<br/>Sida cordifolia,herb_010,Eragrostis rigidior<br/>Commelina benghalensis<br/>Sida cordifolia<br/>herb_010,,,1779526472079.jpg,0.2324968,37.3828037,987.4054661752851,3.8,,uuid:b940a5e4-f4ed-4120-ba4e-70f858b86dfd,uuid:b940a5e4-f4ed-4120-ba4e-70f858b86dfd/observations/quadrat_repeat[5]
6,,yes,yes,,0,,yes,,herb_010,herb_010,,,1779526657609.jpg,0.2325796,37.3828719,985.5,2.9,,uuid:b940a5e4-f4ed-4120-ba4e-70f858b86dfd,uuid:b940a5e4-f4ed-4120-ba4e-70f858b86dfd/observations/quadrat_repeat[6]
7,,yes,no,42b6fdde-7193-48e4-8a16-488eae05fab9 7bad79fe-2bdc-435c-acab-1246afb4fc19,2,,yes,Eragrostis rigidior<br/>Ipomoea coptica,herb_010<br/>herb_017,Eragrostis rigidior<br/>Ipomoea coptica<br/>herb_010<br/>herb_017,,,1779526737614.jpg,0.2325645,37.3828953,985.5,4.6,,uuid:b940a5e4-f4ed-4120-ba4e-70f858b86dfd,uuid:b940a5e4-f4ed-4120-ba4e-70f858b86dfd/observations/quadrat_repeat[7]
8,,yes,no,7bad79fe-2bdc-435c-acab-1246afb4fc19,1,,yes,Eragrostis rigidior,Tephrosia purpurea<br/>herb_010<br/>Setaria pumila<br/>herb_014<br/>Jacquemontia tannifolia,Eragrostis rigidior<br/>Tephrosia purpurea<br/>herb_010<br/>Setaria pumila<br/>herb_014<br/>Jacquemontia tannifolia,,,1779526891578.jpg,0.2325700,37.3829060,985.783021946828,3.7,,uuid:b940a5e4-f4ed-4120-ba4e-70f858b86dfd,uuid:b940a5e4-f4ed-4120-ba4e-70f858b86dfd/observations/quadrat_repeat[8]
9,,yes,no,7bad79fe-2bdc-435c-acab-1246afb4fc19,1,,yes,Eragrostis rigidior,herb_010<br/>herb_017<br/>herb_014<br/>Xenostegia tridentata,Eragrostis rigidior<br/>herb_010<br/>herb_017<br/>herb_014<br/>Xenostegia tridentata,,,1779526972240.jpg,0.2325728,37.3829587,986.1945369422554,3.6,,uuid:b940a5e4-f4ed-4120-ba4e-70f858b86dfd,uuid:b940a5e4-f4ed-4120-ba4e-70f858b86dfd/observations/quadrat_repeat[9]
10,,yes,no,7bad79fe-2bdc-435c-acab-1246afb4fc19,1,,yes,Eragrostis rigidior,herb_010<br/>herb_017,Eragrostis rigidior<br/>herb_010<br/>herb_017,,,1779527023166.jpg,0.2326210,37.3830573,986.2884984694796,4.85,,uuid:b940a5e4-f4ed-4120-ba4e-70f858b86dfd,uuid:b940a5e4-f4ed-4120-ba4e-70f858b86dfd/observations/quadrat_repeat[10]
11,,yes,no,883b0fcc-8eea-4779-b237-22e299be16fc 7bad79fe-2bdc-435c-acab-1246afb4fc19 4c3c1743-5505-4c19-8499-5f3f89bcc48f,3,,yes,Eragrostis rigidior<br/>Commelina benghalensis<br/>Perotis patens,herb_010<br/>herb_045,Eragrostis rigidior<br/>Commelina benghalensis<br/>Perotis patens<br/>herb_010<br/>herb_045,,,1779527137508.jpg,0.2325159,37.3830419,988.4448189122796,4.7,,uuid:b940a5e4-f4ed-4120-ba4e-70f858b86dfd,uuid:b940a5e4-f4ed-4120-ba4e-70f858b86dfd/observations/quadrat_repeat[11]
12,,yes,no,7bad79fe-2bdc-435c-acab-1246afb4fc19,1,,yes,Eragrostis rigidior,herb_010<br/>Xenostegia tridentata,Eragrostis rigidior<br/>herb_010<br/>Xenostegia tridentata,,,1779527215489.jpg,0.2325501,37.3830231,989.5,4.6,,uuid:b940a5e4-f4ed-4120-ba4e-70f858b86dfd,uuid:b940a5e4-f4ed-4120-ba4e-70f858b86dfd/observations/quadrat_repeat[12]
13,,yes,no,918a4122-ccf7-4781-8448-7eae7aac7c44,1,,yes,Hermannia tomentosa,Oldenladia corymbosa<br/>herb_002<br/>herb_061,Hermannia tomentosa<br/>Oldenladia corymbosa<br/>herb_002<br/>herb_061,,,1779527396938.jpg,0.2325292,37.3829273,990.161291080903,4.55,L,uuid:b940a5e4-f4ed-4120-ba4e-70f858b86dfd,uuid:b940a5e4-f4ed-4120-ba4e-70f858b86dfd/observations/quadrat_repeat[13]
14,,yes,no,7bad79fe-2bdc-435c-acab-1246afb4fc19 fef04a86-9057-43e3-a920-1cc20a78d566,2,,yes,Eragrostis rigidior<br/>Eragrostis trichophora,herb_010<br/>herb_017<br/>Tephrosia purpurea,Eragrostis rigidior<br/>Eragrostis trichophora<br/>herb_010<br/>herb_017<br/>Tephrosia purpurea,,,1779527472672.jpg,0.2325540,37.3829642,990.3498288908534,5.0,,uuid:b940a5e4-f4ed-4120-ba4e-70f858b86dfd,uuid:b940a5e4-f4ed-4120-ba4e-70f858b86dfd/observations/quadrat_repeat[14]
15,,yes,yes,,0,,yes,,herb_010,herb_010,,,1779527522942.jpg,0.2324723,37.3829084,990.3443876362826,3.9,,uuid:b940a5e4-f4ed-4120-ba4e-70f858b86dfd,uuid:b940a5e4-f4ed-4120-ba4e-70f858b86dfd/observations/quadrat_repeat[15]
16,,yes,no,f407986d-94a5-4fa9-a058-b9f183687960 fef04a86-9057-43e3-a920-1cc20a78d566,2,,yes,Eragrostis trichophora<br/>Sida cordifolia,Tephrosia purpurea<br/>herb_010,Eragrostis trichophora<br/>Sida cordifolia<br/>Tephrosia purpurea<br/>herb_010,,,1779527633230.jpg,0.2325065,37.3828168,990.1450626479495,3.9,,uuid:b940a5e4-f4ed-4120-ba4e-70f858b86dfd,uuid:b940a5e4-f4ed-4120-ba4e-70f858b86dfd/observations/quadrat_repeat[16]
17,,yes,no,7bad79fe-2bdc-435c-acab-1246afb4fc19,1,,yes,Eragrostis rigidior,herb_017<br/>Oldenladia corymbosa<br/>herb_037,Eragrostis rigidior<br/>herb_017<br/>Oldenladia corymbosa<br/>herb_037,,,1779527754378.jpg,0.2324377,37.3827896,988.9499792126379,4.64,",",uuid:b940a5e4-f4ed-4120-ba4e-70f858b86dfd,uuid:b940a5e4-f4ed-4120-ba4e-70f858b86dfd/observations/quadrat_repeat[17]
18,,yes,no,fef04a86-9057-43e3-a920-1cc20a78d566,1,,yes,Eragrostis trichophora,Xenostegia tridentata,Eragrostis trichophora<br/>Xenostegia tridentata,,,1779527801862.jpg,0.2324306,37.3827347,988.7445441903004,3.6,,uuid:b940a5e4-f4ed-4120-ba4e-70f858b86dfd,uuid:b940a5e4-f4ed-4120-ba4e-70f858b86dfd/observations/quadrat_repeat[18]
19,,yes,yes,,0,,yes,,herb_017<br/>herb_061,herb_017<br/>herb_061,,,1779527884305.jpg,0.2324751,37.3827351,988.8391102078042,4.3,,uuid:b940a5e4-f4ed-4120-ba4e-70f858b86dfd,uuid:b940a5e4-f4ed-4120-ba4e-70f858b86dfd/observations/quadrat_repeat[19]
20,,yes,no,fef04a86-9057-43e3-a920-1cc20a78d566,1,,yes,Eragrostis trichophora,herb_061<br/>herb_010<br/>Rhynchosia totta,Eragrostis trichophora<br/>herb_061<br/>herb_010<br/>Rhynchosia totta,,,1779527982967.jpg,0.2324212,37.3826883,988.9336772651718,2.6,,uuid:b940a5e4-f4ed-4120-ba4e-70f858b86dfd,uuid:b940a5e4-f4ed-4120-ba4e-70f858b86dfd/observations/quadrat_repeat[20]
1,,yes,no,8fb56826-0f75-4fd9-afc2-f995f704dbcf fef04a86-9057-43e3-a920-1cc20a78d566,2,,yes,Eragrostis trichophora<br/>Hibiscus micranthus,herb_029<br/>herb_017<br/>herb_076,Eragrostis trichophora<br/>Hibiscus micranthus<br/>herb_029<br/>herb_017<br/>herb_076,,,1779519366562.jpg,0.2316871,37.3692514,999.9,4.066,,uuid:7ae61d55-3663-422e-aad2-9104b56c9a47,uuid:7ae61d55-3663-422e-aad2-9104b56c9a47/observations/quadrat_repeat[1]
2,,yes,no,8fb56826-0f75-4fd9-afc2-f995f704dbcf,1,,yes,Hibiscus micranthus,Aristida scabrivalvis<br/>herb_016,Hibiscus micranthus<br/>Aristida scabrivalvis<br/>herb_016,,,1779519646722.jpg,0.2317248,37.3693679,999.9109188533799,2.3,,uuid:7ae61d55-3663-422e-aad2-9104b56c9a47,uuid:7ae61d55-3663-422e-aad2-9104b56c9a47/observations/quadrat_repeat[2]
3,,yes,no,8fb56826-0f75-4fd9-afc2-f995f704dbcf,1,,yes,Hibiscus micranthus,herb_029<br/>Tephrosia purpurea<br/>herb_077 (Chamaecrista absus)<br/>herb_078<br/>herb_079 (Setaria pumila),Hibiscus micranthus<br/>herb_029<br/>Tephrosia purpurea<br/>herb_077 (Chamaecrista absus)<br/>herb_078<br/>herb_079 (Setaria pumila),,,1779520902968.jpg,0.2315483,37.3694143,992.1,2.6,,uuid:7ae61d55-3663-422e-aad2-9104b56c9a47,uuid:7ae61d55-3663-422e-aad2-9104b56c9a47/observations/quadrat_repeat[3]
4,,yes,no,8fb56826-0f75-4fd9-afc2-f995f704dbcf fef04a86-9057-43e3-a920-1cc20a78d566,2,,yes,Eragrostis trichophora<br/>Hibiscus micranthus,herb_009<br/>Tephrosia purpurea,Eragrostis trichophora<br/>Hibiscus micranthus<br/>herb_009<br/>Tephrosia purpurea,,,1779521041707.jpg,0.2316478,37.3693972,994.1,2.1,,uuid:7ae61d55-3663-422e-aad2-9104b56c9a47,uuid:7ae61d55-3663-422e-aad2-9104b56c9a47/observations/quadrat_repeat[4]
5,,yes,no,8fb56826-0f75-4fd9-afc2-f995f704dbcf,1,,yes,Hibiscus micranthus,herb_016<br/>Aristida scabrivalvis<br/>Erlangea misera,Hibiscus micranthus<br/>herb_016<br/>Aristida scabrivalvis<br/>Erlangea misera,,,1779521202936.jpg,0.2315998,37.3693458,994.3829629064519,3.1,,uuid:7ae61d55-3663-422e-aad2-9104b56c9a47,uuid:7ae61d55-3663-422e-aad2-9104b56c9a47/observations/quadrat_repeat[5]
6,,yes,no,8fb56826-0f75-4fd9-afc2-f995f704dbcf,1,,yes,Hibiscus micranthus,herb_016,Hibiscus micranthus<br/>herb_016,,,1779521277439.jpg,0.2316269,37.3695274,991.9884488023748,3.2,,uuid:7ae61d55-3663-422e-aad2-9104b56c9a47,uuid:7ae61d55-3663-422e-aad2-9104b56c9a47/observations/quadrat_repeat[6]
7,,yes,no,fef04a86-9057-43e3-a920-1cc20a78d566,1,,yes,Eragrostis trichophora,herb_017<br/>Tephrosia purpurea<br/>Aristida scabrivalvis<br/>Oldenladia corymbosa,Eragrostis trichophora<br/>herb_017<br/>Tephrosia purpurea<br/>Aristida scabrivalvis<br/>Oldenladia corymbosa,,,1779521458432.jpg,0.2318100,37.3694748,982.1170402032503,3.3,,uuid:7ae61d55-3663-422e-aad2-9104b56c9a47,uuid:7ae61d55-3663-422e-aad2-9104b56c9a47/observations/quadrat_repeat[7]
8,,yes,no,8fb56826-0f75-4fd9-afc2-f995f704dbcf e3454aa0-e2f6-495b-9aea-90847fdd1858,2,,yes,Indigofera schimperi<br/>Hibiscus micranthus,herb_017<br/>herb_009,Indigofera schimperi<br/>Hibiscus micranthus<br/>herb_017<br/>herb_009,,,1779521537043.jpg,0.2317772,37.3695927,982.0115511976251,2.8, ,uuid:7ae61d55-3663-422e-aad2-9104b56c9a47,uuid:7ae61d55-3663-422e-aad2-9104b56c9a47/observations/quadrat_repeat[8]
9,,yes,no,8fb56826-0f75-4fd9-afc2-f995f704dbcf fef04a86-9057-43e3-a920-1cc20a78d566,2,,yes,Eragrostis trichophora<br/>Hibiscus micranthus,Tephrosia purpurea,Eragrostis trichophora<br/>Hibiscus micranthus<br/>Tephrosia purpurea,,,1779521602906.jpg,0.2318513,37.3695835,976.705485895923,2.7,,uuid:7ae61d55-3663-422e-aad2-9104b56c9a47,uuid:7ae61d55-3663-422e-aad2-9104b56c9a47/observations/quadrat_repeat[9]
10,,yes,no,fef04a86-9057-43e3-a920-1cc20a78d566 883b0fcc-8eea-4779-b237-22e299be16fc,2,,yes,Eragrostis trichophora<br/>Commelina benghalensis,Tephrosia purpurea<br/>Erlangea misera<br/>herb_080<br/>herb_081,Eragrostis trichophora<br/>Commelina benghalensis<br/>Tephrosia purpurea<br/>Erlangea misera<br/>herb_080<br/>herb_081,,,1779522251706.jpg,0.2316333,37.3697077,980.5780626487357,2.45, ,uuid:7ae61d55-3663-422e-aad2-9104b56c9a47,uuid:7ae61d55-3663-422e-aad2-9104b56c9a47/observations/quadrat_repeat[10]
11,,yes,no,8fb56826-0f75-4fd9-afc2-f995f704dbcf 4c3c1743-5505-4c19-8499-5f3f89bcc48f e3454aa0-e2f6-495b-9aea-90847fdd1858 fef04a86-9057-43e3-a920-1cc20a78d566,4,,yes,Eragrostis trichophora<br/>Indigofera schimperi<br/>Perotis patens<br/>Hibiscus micranthus,Oldenladia corymbosa,Eragrostis trichophora<br/>Indigofera schimperi<br/>Perotis patens<br/>Hibiscus micranthus<br/>Oldenladia corymbosa,,,1779522397342.jpg,0.2315903,37.3697043,980.3890292468753,2.35,,uuid:7ae61d55-3663-422e-aad2-9104b56c9a47,uuid:7ae61d55-3663-422e-aad2-9104b56c9a47/observations/quadrat_repeat[11]
12,,yes,no,8fb56826-0f75-4fd9-afc2-f995f704dbcf 883b0fcc-8eea-4779-b237-22e299be16fc,2,,yes,Commelina benghalensis<br/>Hibiscus micranthus,herb_012<br/>herb_077,Commelina benghalensis<br/>Hibiscus micranthus<br/>herb_012<br/>herb_077,,,1779522614652.jpg,0.2317044,37.3696793,988.5,4.775,,uuid:7ae61d55-3663-422e-aad2-9104b56c9a47,uuid:7ae61d55-3663-422e-aad2-9104b56c9a47/observations/quadrat_repeat[12]
13,,yes,no,8fb56826-0f75-4fd9-afc2-f995f704dbcf,1,,yes,Hibiscus micranthus,herb_017<br/>herb_079,Hibiscus micranthus<br/>herb_017<br/>herb_079,,,1779522703995.jpg,0.2315677,37.3696410,988.5,3.1,,uuid:7ae61d55-3663-422e-aad2-9104b56c9a47,uuid:7ae61d55-3663-422e-aad2-9104b56c9a47/observations/quadrat_repeat[13]
14,,yes,no,fef04a86-9057-43e3-a920-1cc20a78d566 7bad79fe-2bdc-435c-acab-1246afb4fc19,2,,yes,Eragrostis rigidior<br/>Eragrostis trichophora,herb_017<br/>Erlangea misera,Eragrostis rigidior<br/>Eragrostis trichophora<br/>herb_017<br/>Erlangea misera,,,1779522776407.jpg,0.2315825,37.3696254,989.4219415062033,3.0,,uuid:7ae61d55-3663-422e-aad2-9104b56c9a47,uuid:7ae61d55-3663-422e-aad2-9104b56c9a47/observations/quadrat_repeat[14]
15,,yes,yes,,0,,yes,,herb_016<br/>herb_017<br/>herb_012<br/>Tephrosia purpurea,herb_016<br/>herb_017<br/>herb_012<br/>Tephrosia purpurea,,,1779522835956.jpg,0.2315794,37.3695333,989.9280057692033,3.75,,uuid:7ae61d55-3663-422e-aad2-9104b56c9a47,uuid:7ae61d55-3663-422e-aad2-9104b56c9a47/observations/quadrat_repeat[15]
16,,yes,yes,,0,,yes,,Aristida scabrivalvis<br/>herb_016,Aristida scabrivalvis<br/>herb_016,,,1779522899192.jpg,0.2316191,37.3694996,990.3225302475062,3.9,,uuid:7ae61d55-3663-422e-aad2-9104b56c9a47,uuid:7ae61d55-3663-422e-aad2-9104b56c9a47/observations/quadrat_repeat[16]
17,,yes,no,fef04a86-9057-43e3-a920-1cc20a78d566 8fb56826-0f75-4fd9-afc2-f995f704dbcf,2,,yes,Eragrostis trichophora<br/>Hibiscus micranthus,herb_077<br/>Aristida scabrivalvis,Eragrostis trichophora<br/>Hibiscus micranthus<br/>herb_077<br/>Aristida scabrivalvis,,,1779523048047.jpg,0.2316896,37.3694178,993.4444842049475,4.1, ,uuid:7ae61d55-3663-422e-aad2-9104b56c9a47,uuid:7ae61d55-3663-422e-aad2-9104b56c9a47/observations/quadrat_repeat[17]
18,,yes,yes,,0,,yes,,herb_016<br/>herb_017<br/>Aristida scabrivalvis<br/>herb_082,herb_016<br/>herb_017<br/>Aristida scabrivalvis<br/>herb_082,,,1779523392204.jpg,0.2316271,37.3694214,993.4,2.15,,uuid:7ae61d55-3663-422e-aad2-9104b56c9a47,uuid:7ae61d55-3663-422e-aad2-9104b56c9a47/observations/quadrat_repeat[18]
19,,yes,no,8fb56826-0f75-4fd9-afc2-f995f704dbcf,1,,yes,Hibiscus micranthus,Tephrosia purpurea<br/>herb_016<br/>herb_017<br/>herb_083 (Pavonia clathrata),Hibiscus micranthus<br/>Tephrosia purpurea<br/>herb_016<br/>herb_017<br/>herb_083 (Pavonia clathrata),,,1779523614771.jpg,0.2316784,37.3693057,992.6999999999999,2.25,,uuid:7ae61d55-3663-422e-aad2-9104b56c9a47,uuid:7ae61d55-3663-422e-aad2-9104b56c9a47/observations/quadrat_repeat[19]
20,,yes,yes,,0,,yes,,Rhynchosia totta<br/>herb_016,Rhynchosia totta<br/>herb_016,,,1779523724246.jpg,0.2315807,37.3693120,992.8,4.2,,uuid:7ae61d55-3663-422e-aad2-9104b56c9a47,uuid:7ae61d55-3663-422e-aad2-9104b56c9a47/observations/quadrat_repeat[20]
1,,yes,no,205ebff1-7ff4-472d-8e20-9472eb0c5824,1,,yes,Pavonia senegalensis,herb_024,Pavonia senegalensis<br/>herb_024,,,1779461066245.jpg,0.2694493,37.4965480,981.1162364100647,3.0,,uuid:dae71a1b-a6f9-4a6d-a7e5-8ffbb89fad6f,uuid:dae71a1b-a6f9-4a6d-a7e5-8ffbb89fad6f/observations/quadrat_repeat[1]
2,,yes,no,205ebff1-7ff4-472d-8e20-9472eb0c5824 fef04a86-9057-43e3-a920-1cc20a78d566,2,,yes,Eragrostis trichophora<br/>Pavonia senegalensis,herb_024,Eragrostis trichophora<br/>Pavonia senegalensis<br/>herb_024,,,1779461248557.jpg,0.2694640,37.4966421,977.410444203141,3.0,,uuid:dae71a1b-a6f9-4a6d-a7e5-8ffbb89fad6f,uuid:dae71a1b-a6f9-4a6d-a7e5-8ffbb89fad6f/observations/quadrat_repeat[2]
3,,yes,yes,,0,,yes,,herb_024<br/>herb_075 (Cenchrus bifloris),herb_024<br/>herb_075 (Cenchrus bifloris),,,1779461556540.jpg,0.2694259,37.4966089,980.3742944678297,2.4,,uuid:dae71a1b-a6f9-4a6d-a7e5-8ffbb89fad6f,uuid:dae71a1b-a6f9-4a6d-a7e5-8ffbb89fad6f/observations/quadrat_repeat[3]
4,,yes,no,db3a7687-15f8-4b28-875a-6d5012afcc88,1,,yes,Tephrosia lupinifolia,herb_075,Tephrosia lupinifolia<br/>herb_075,,,1779461874374.jpg,0.2693566,37.4967380,979.8010428208523,2.15,,uuid:dae71a1b-a6f9-4a6d-a7e5-8ffbb89fad6f,uuid:dae71a1b-a6f9-4a6d-a7e5-8ffbb89fad6f/observations/quadrat_repeat[4]
5,,yes,no,205ebff1-7ff4-472d-8e20-9472eb0c5824,1,,yes,Pavonia senegalensis,,Pavonia senegalensis,,,1779461988453.jpg,0.2693784,37.4967358,979.4115402417739,2.2,,uuid:dae71a1b-a6f9-4a6d-a7e5-8ffbb89fad6f,uuid:dae71a1b-a6f9-4a6d-a7e5-8ffbb89fad6f/observations/quadrat_repeat[5]
6,,yes,no,205ebff1-7ff4-472d-8e20-9472eb0c5824,1,,yes,Pavonia senegalensis,Senna obtusifolia,Pavonia senegalensis<br/>Senna obtusifolia,,,1779462043944.jpg,0.2693870,37.4967640,978.9011219955851,2.8,,uuid:dae71a1b-a6f9-4a6d-a7e5-8ffbb89fad6f,uuid:dae71a1b-a6f9-4a6d-a7e5-8ffbb89fad6f/observations/quadrat_repeat[6]
7,,yes,no,db3a7687-15f8-4b28-875a-6d5012afcc88,1,,no,Tephrosia lupinifolia,,Tephrosia lupinifolia,,,1779462094776.jpg,0.2693681,37.4968192,978.1320168405018,2.95,,uuid:dae71a1b-a6f9-4a6d-a7e5-8ffbb89fad6f,uuid:dae71a1b-a6f9-4a6d-a7e5-8ffbb89fad6f/observations/quadrat_repeat[7]
8,,yes,no,205ebff1-7ff4-472d-8e20-9472eb0c5824,1,,no,Pavonia senegalensis,,Pavonia senegalensis,,,1779462165061.jpg,0.2693483,37.4968516,978.1320168405018,3.8,,uuid:dae71a1b-a6f9-4a6d-a7e5-8ffbb89fad6f,uuid:dae71a1b-a6f9-4a6d-a7e5-8ffbb89fad6f/observations/quadrat_repeat[8]
9,,yes,no,db3a7687-15f8-4b28-875a-6d5012afcc88 205ebff1-7ff4-472d-8e20-9472eb0c5824 f407986d-94a5-4fa9-a058-b9f183687960,3,,yes,Pavonia senegalensis<br/>Sida cordifolia<br/>Tephrosia lupinifolia,Senna obtusifolia,Pavonia senegalensis<br/>Sida cordifolia<br/>Tephrosia lupinifolia<br/>Senna obtusifolia,,,1779462236422.jpg,0.2693199,37.4969089,977.0157273385879,2.8,,uuid:dae71a1b-a6f9-4a6d-a7e5-8ffbb89fad6f,uuid:dae71a1b-a6f9-4a6d-a7e5-8ffbb89fad6f/observations/quadrat_repeat[9]
10,,yes,no,f407986d-94a5-4fa9-a058-b9f183687960 205ebff1-7ff4-472d-8e20-9472eb0c5824,2,,yes,Pavonia senegalensis<br/>Sida cordifolia,Senna obtusifolia,Pavonia senegalensis<br/>Sida cordifolia<br/>Senna obtusifolia,,,1779462287220.jpg,0.2693292,37.4969390,975.9104880245588,3.2,,uuid:dae71a1b-a6f9-4a6d-a7e5-8ffbb89fad6f,uuid:dae71a1b-a6f9-4a6d-a7e5-8ffbb89fad6f/observations/quadrat_repeat[10]
11,,yes,no,205ebff1-7ff4-472d-8e20-9472eb0c5824,1,,yes,Pavonia senegalensis,Senna obtusifolia<br/>herb_024,Pavonia senegalensis<br/>Senna obtusifolia<br/>herb_024,,,1779462357428.jpg,0.2692605,37.4969108,975.9104880245588,3.0,,uuid:dae71a1b-a6f9-4a6d-a7e5-8ffbb89fad6f,uuid:dae71a1b-a6f9-4a6d-a7e5-8ffbb89fad6f/observations/quadrat_repeat[11]
12,,yes,no,205ebff1-7ff4-472d-8e20-9472eb0c5824,1,,yes,Pavonia senegalensis,Senna obtusifolia,Pavonia senegalensis<br/>Senna obtusifolia,,,1779462415012.jpg,0.2693230,37.4969305,976.8104880245589,3.8,,uuid:dae71a1b-a6f9-4a6d-a7e5-8ffbb89fad6f,uuid:dae71a1b-a6f9-4a6d-a7e5-8ffbb89fad6f/observations/quadrat_repeat[12]
13,,yes,no,205ebff1-7ff4-472d-8e20-9472eb0c5824,1,,yes,Pavonia senegalensis,,Pavonia senegalensis,,,1779462465325.jpg,0.2692887,37.4968519,976.5425381985735,2.7,,uuid:dae71a1b-a6f9-4a6d-a7e5-8ffbb89fad6f,uuid:dae71a1b-a6f9-4a6d-a7e5-8ffbb89fad6f/observations/quadrat_repeat[13]
14,,yes,no,205ebff1-7ff4-472d-8e20-9472eb0c5824,1,,yes,Pavonia senegalensis,,Pavonia senegalensis,,,1779462500384.jpg,0.2692662,37.4968086,976.8320418348309,2.5,,uuid:dae71a1b-a6f9-4a6d-a7e5-8ffbb89fad6f,uuid:dae71a1b-a6f9-4a6d-a7e5-8ffbb89fad6f/observations/quadrat_repeat[14]
15,,yes,no,205ebff1-7ff4-472d-8e20-9472eb0c5824,1,,no,Pavonia senegalensis,,Pavonia senegalensis,,,1779462539061.jpg,0.2692795,37.4967739,977.1320418348308,2.9,,uuid:dae71a1b-a6f9-4a6d-a7e5-8ffbb89fad6f,uuid:dae71a1b-a6f9-4a6d-a7e5-8ffbb89fad6f/observations/quadrat_repeat[15]
16,,yes,yes,,0,,yes,,Senna obtusifolia,Senna obtusifolia,,,1779462607180.jpg,0.2693451,37.4967175,976.9425381985735,4.05,,uuid:dae71a1b-a6f9-4a6d-a7e5-8ffbb89fad6f,uuid:dae71a1b-a6f9-4a6d-a7e5-8ffbb89fad6f/observations/quadrat_repeat[16]
17,,yes,no,205ebff1-7ff4-472d-8e20-9472eb0c5824,1,,yes,Pavonia senegalensis,Senna obtusifolia<br/>herb_045,Pavonia senegalensis<br/>Senna obtusifolia<br/>herb_045,,,1779462693109.jpg,0.2693356,37.4966861,976.8373040980098,3.95,,uuid:dae71a1b-a6f9-4a6d-a7e5-8ffbb89fad6f,uuid:dae71a1b-a6f9-4a6d-a7e5-8ffbb89fad6f/observations/quadrat_repeat[17]
18,,yes,no,205ebff1-7ff4-472d-8e20-9472eb0c5824,1,,yes,Pavonia senegalensis,herb_024<br/>Senna obtusifolia,Pavonia senegalensis<br/>herb_024<br/>Senna obtusifolia,,,1779462738109.jpg,0.2693258,37.4966384,976.9693209385116,2.7,,uuid:dae71a1b-a6f9-4a6d-a7e5-8ffbb89fad6f,uuid:dae71a1b-a6f9-4a6d-a7e5-8ffbb89fad6f/observations/quadrat_repeat[18]
19,,yes,no,205ebff1-7ff4-472d-8e20-9472eb0c5824,1,,yes,Pavonia senegalensis,Senna obtusifolia<br/>herb_075,Pavonia senegalensis<br/>Senna obtusifolia<br/>herb_075,,,1779462816136.jpg,0.2693851,37.4965811,976.9693209385116,4.25,,uuid:dae71a1b-a6f9-4a6d-a7e5-8ffbb89fad6f,uuid:dae71a1b-a6f9-4a6d-a7e5-8ffbb89fad6f/observations/quadrat_repeat[19]
20,,yes,no,205ebff1-7ff4-472d-8e20-9472eb0c5824,1,,yes,Pavonia senegalensis,Senna obtusifolia,Pavonia senegalensis<br/>Senna obtusifolia,,,1779462869251.jpg,0.2694264,37.4965630,976.9425381985735,3.7,,uuid:dae71a1b-a6f9-4a6d-a7e5-8ffbb89fad6f,uuid:dae71a1b-a6f9-4a6d-a7e5-8ffbb89fad6f/observations/quadrat_repeat[20]
1,,yes,yes,,0,,yes,,Rhynchosia totta<br/>herb_024<br/>Tephrosia purpurea,Rhynchosia totta<br/>herb_024<br/>Tephrosia purpurea,,,1779455911043.jpg,0.2191503,37.4937137,984.3,3.1,,uuid:9ec95900-d4e8-4825-be75-07834b98cc6c,uuid:9ec95900-d4e8-4825-be75-07834b98cc6c/observations/quadrat_repeat[1]
2,,yes,no,e3454aa0-e2f6-495b-9aea-90847fdd1858 8fb56826-0f75-4fd9-afc2-f995f704dbcf f407986d-94a5-4fa9-a058-b9f183687960 cdc30e17-bf4f-4243-9c0b-0698d69bc373,4,,no,Indigofera schimperi<br/>Pogonarthria squarrosa<br/>Sida cordifolia<br/>Hibiscus micranthus,,Indigofera schimperi<br/>Pogonarthria squarrosa<br/>Sida cordifolia<br/>Hibiscus micranthus,,,1779456141921.jpg,0.2190988,37.4938067,984.2051923553154,3.4,,uuid:9ec95900-d4e8-4825-be75-07834b98cc6c,uuid:9ec95900-d4e8-4825-be75-07834b98cc6c/observations/quadrat_repeat[2]
3,,yes,no,e3454aa0-e2f6-495b-9aea-90847fdd1858 8fb56826-0f75-4fd9-afc2-f995f704dbcf,2,,yes,Indigofera schimperi<br/>Hibiscus micranthus,herb_029,Indigofera schimperi<br/>Hibiscus micranthus<br/>herb_029,,,1779456382421.jpg,0.2190227,37.4935944,1003.4,3.6,,uuid:9ec95900-d4e8-4825-be75-07834b98cc6c,uuid:9ec95900-d4e8-4825-be75-07834b98cc6c/observations/quadrat_repeat[3]
4,,yes,no,e3454aa0-e2f6-495b-9aea-90847fdd1858 8fb56826-0f75-4fd9-afc2-f995f704dbcf 205ebff1-7ff4-472d-8e20-9472eb0c5824,3,,yes,Indigofera schimperi<br/>Pavonia senegalensis<br/>Hibiscus micranthus,Tephrosia purpurea,Indigofera schimperi<br/>Pavonia senegalensis<br/>Hibiscus micranthus<br/>Tephrosia purpurea,,,1779456634791.jpg,0.2191235,37.4939166,1005.8896205153902,2.6,,uuid:9ec95900-d4e8-4825-be75-07834b98cc6c,uuid:9ec95900-d4e8-4825-be75-07834b98cc6c/observations/quadrat_repeat[4]
5,,yes,no,e3454aa0-e2f6-495b-9aea-90847fdd1858 8fb56826-0f75-4fd9-afc2-f995f704dbcf,2,,yes,Indigofera schimperi<br/>Hibiscus micranthus,Tephrosia purpurea,Indigofera schimperi<br/>Hibiscus micranthus<br/>Tephrosia purpurea,,,1779456759865.jpg,0.2191658,37.4940097,1005.6999999999999,2.6,,uuid:9ec95900-d4e8-4825-be75-07834b98cc6c,uuid:9ec95900-d4e8-4825-be75-07834b98cc6c/observations/quadrat_repeat[5]
6,,yes,no,e3454aa0-e2f6-495b-9aea-90847fdd1858 972e3d35-071b-4b53-b1f6-8741e2fa6eaf,2,,yes,Indigofera schimperi<br/>Merremia verecunda,herb_024<br/>Pogonarthria fleckii,Indigofera schimperi<br/>Merremia verecunda<br/>herb_024<br/>Pogonarthria fleckii,,,1779457172271.jpg,0.2192631,37.4940499,1025.2,3.25,,uuid:9ec95900-d4e8-4825-be75-07834b98cc6c,uuid:9ec95900-d4e8-4825-be75-07834b98cc6c/observations/quadrat_repeat[6]
7,,yes,no,972e3d35-071b-4b53-b1f6-8741e2fa6eaf,1,,yes,Merremia verecunda,Pogonarthria fleckii,Merremia verecunda<br/>Pogonarthria fleckii,,,1779457330844.jpg,0.2194225,37.4939044,1013.4,3.3,,uuid:9ec95900-d4e8-4825-be75-07834b98cc6c,uuid:9ec95900-d4e8-4825-be75-07834b98cc6c/observations/quadrat_repeat[7]
8,,yes,yes,,0,,yes,,Rhynchosia totta<br/>Evolvulus alsinoides <br/>herb_024<br/>herb_073 (Indigofera filipes),Rhynchosia totta<br/>Evolvulus alsinoides <br/>herb_024<br/>herb_073 (Indigofera filipes),,,1779458063403.jpg,0.2191984,37.4939695,1014.7579289924838,4.4,,uuid:9ec95900-d4e8-4825-be75-07834b98cc6c,uuid:9ec95900-d4e8-4825-be75-07834b98cc6c/observations/quadrat_repeat[8]
9,,yes,no,3c3ff64b-92fd-4d60-9022-63a7c599e108 8fb56826-0f75-4fd9-afc2-f995f704dbcf,2,,yes,Ocimum americanum<br/>Hibiscus micranthus,Rhynchosia totta<br/>Pogonarthria fleckii,Ocimum americanum<br/>Hibiscus micranthus<br/>Rhynchosia totta<br/>Pogonarthria fleckii,,,1779458140777.jpg,0.2193625,37.4939432,991.6999999999999,4.8,,uuid:9ec95900-d4e8-4825-be75-07834b98cc6c,uuid:9ec95900-d4e8-4825-be75-07834b98cc6c/observations/quadrat_repeat[9]
10,,yes,no,8fb56826-0f75-4fd9-afc2-f995f704dbcf c1a4c299-0f56-4c4b-92f9-b39be88b0291 3c3ff64b-92fd-4d60-9022-63a7c599e108,3,,yes,Oxygonum alatum<br/>Ocimum americanum<br/>Hibiscus micranthus,Tephrosia purpurea,Oxygonum alatum<br/>Ocimum americanum<br/>Hibiscus micranthus<br/>Tephrosia purpurea,,,1779458215702.jpg,0.2193370,37.4939764,991.7942399289428,4.6,,uuid:9ec95900-d4e8-4825-be75-07834b98cc6c,uuid:9ec95900-d4e8-4825-be75-07834b98cc6c/observations/quadrat_repeat[10]
11,,yes,no,cdc30e17-bf4f-4243-9c0b-0698d69bc373 e3454aa0-e2f6-495b-9aea-90847fdd1858,2,,no,Indigofera schimperi<br/>Pogonarthria squarrosa,,Indigofera schimperi<br/>Pogonarthria squarrosa,,,1779458256155.jpg,0.2193145,37.4939604,991.8890590591865,4.0,,uuid:9ec95900-d4e8-4825-be75-07834b98cc6c,uuid:9ec95900-d4e8-4825-be75-07834b98cc6c/observations/quadrat_repeat[11]
12,,no,,,,,,,,,,,1779458320550.jpg,0.2194377,37.4939704,991.9838792348712,2.9,,uuid:9ec95900-d4e8-4825-be75-07834b98cc6c,uuid:9ec95900-d4e8-4825-be75-07834b98cc6c/observations/quadrat_repeat[12]
13,,yes,no,8fb56826-0f75-4fd9-afc2-f995f704dbcf,1,,yes,Hibiscus micranthus,Rhynchosia totta<br/>Xenostegia tridentata,Hibiscus micranthus<br/>Rhynchosia totta<br/>Xenostegia tridentata,,,1779458397141.jpg,0.2191599,37.4940308,997.3,3.6,,uuid:9ec95900-d4e8-4825-be75-07834b98cc6c,uuid:9ec95900-d4e8-4825-be75-07834b98cc6c/observations/quadrat_repeat[13]
14,,yes,no,972e3d35-071b-4b53-b1f6-8741e2fa6eaf,1,,yes,Merremia verecunda,Tephrosia purpurea,Merremia verecunda<br/>Tephrosia purpurea,,,1779458480477.jpg,0.2191231,37.4940351,997.0,2.45,,uuid:9ec95900-d4e8-4825-be75-07834b98cc6c,uuid:9ec95900-d4e8-4825-be75-07834b98cc6c/observations/quadrat_repeat[14]
15,,yes,no,e3454aa0-e2f6-495b-9aea-90847fdd1858,1,,yes,Indigofera schimperi,Tephrosia purpurea,Indigofera schimperi<br/>Tephrosia purpurea,,,1779458556826.jpg,0.2191527,37.4940068,989.2741061058406,2.2,,uuid:9ec95900-d4e8-4825-be75-07834b98cc6c,uuid:9ec95900-d4e8-4825-be75-07834b98cc6c/observations/quadrat_repeat[15]
16,,yes,no,e3454aa0-e2f6-495b-9aea-90847fdd1858,1,,yes,Indigofera schimperi,Abitulum ramosum<br/>herb_074 (Hermbstaedtia linearis),Indigofera schimperi<br/>Abitulum ramosum<br/>herb_074 (Hermbstaedtia linearis),,,1779458847570.jpg,0.2191097,37.4939418,984.0683773302799,3.45,,uuid:9ec95900-d4e8-4825-be75-07834b98cc6c,uuid:9ec95900-d4e8-4825-be75-07834b98cc6c/observations/quadrat_repeat[16]
17,,yes,yes,,0,,yes,,Rhynchosia totta<br/>herb_034,Rhynchosia totta<br/>herb_034,,,1779458971767.jpg,0.2191190,37.4939084,984.4471236701228,3.45, ,uuid:9ec95900-d4e8-4825-be75-07834b98cc6c,uuid:9ec95900-d4e8-4825-be75-07834b98cc6c/observations/quadrat_repeat[17]
18,,yes,yes,,0,,yes,,Tephrosia purpurea<br/>Rhynchosia totta,Tephrosia purpurea<br/>Rhynchosia totta,,,1779459074943.jpg,0.2191315,37.4938337,984.3522909601285,2.4,,uuid:9ec95900-d4e8-4825-be75-07834b98cc6c,uuid:9ec95900-d4e8-4825-be75-07834b98cc6c/observations/quadrat_repeat[18]
19,,yes,yes,,0,,yes,,Tephrosia purpurea<br/>Rhynchosia totta,Tephrosia purpurea<br/>Rhynchosia totta,,,1779459137458.jpg,0.2190315,37.4938304,984.5419574258555,3.2,,uuid:9ec95900-d4e8-4825-be75-07834b98cc6c,uuid:9ec95900-d4e8-4825-be75-07834b98cc6c/observations/quadrat_repeat[19]
20,,yes,no,972e3d35-071b-4b53-b1f6-8741e2fa6eaf,1,,yes,Merremia verecunda,,Merremia verecunda,,,1779459216963.jpg,0.2190403,37.4937936,984.2580375345365,3.3,,uuid:9ec95900-d4e8-4825-be75-07834b98cc6c,uuid:9ec95900-d4e8-4825-be75-07834b98cc6c/observations/quadrat_repeat[20]
1,,yes,no,e3454aa0-e2f6-495b-9aea-90847fdd1858 cdc30e17-bf4f-4243-9c0b-0698d69bc373 4221e9df-7a67-4431-baa6-01fd5950e120,3,,yes,Aristida congesta<br/>Indigofera schimperi<br/>Pogonarthria squarrosa,Aristida scabrivalvis<br/>Tephrosia purpurea,Aristida congesta<br/>Indigofera schimperi<br/>Pogonarthria squarrosa<br/>Aristida scabrivalvis<br/>Tephrosia purpurea,,,1779450956425.jpg,0.2175379,37.4912399,991.1,2.6,,uuid:c803a008-7014-4a4e-a485-68e1d90d767c,uuid:c803a008-7014-4a4e-a485-68e1d90d767c/observations/quadrat_repeat[1]
2,,yes,no,e3454aa0-e2f6-495b-9aea-90847fdd1858 3c3ff64b-92fd-4d60-9022-63a7c599e108 42b6fdde-7193-48e4-8a16-488eae05fab9 cdc30e17-bf4f-4243-9c0b-0698d69bc373 8fb56826-0f75-4fd9-afc2-f995f704dbcf,5,,yes,Indigofera schimperi<br/>Ipomoea coptica<br/>Ocimum americanum<br/>Pogonarthria squarrosa<br/>Hibiscus micranthus,Aristida scabrivalvis<br/>Tephrosia purpurea<br/>Evolvulus alsinoides <br/>herb_007,Indigofera schimperi<br/>Ipomoea coptica<br/>Ocimum americanum<br/>Pogonarthria squarrosa<br/>Hibiscus micranthus<br/>Aristida scabrivalvis<br/>Tephrosia purpurea<br/>Evolvulus alsinoides <br/>herb_007,,,1779451175069.jpg,0.2175136,37.4912495,991.4784544975361,3.95,,uuid:c803a008-7014-4a4e-a485-68e1d90d767c,uuid:c803a008-7014-4a4e-a485-68e1d90d767c/observations/quadrat_repeat[2]
3,,yes,no,e3454aa0-e2f6-495b-9aea-90847fdd1858 3c3ff64b-92fd-4d60-9022-63a7c599e108 cdc30e17-bf4f-4243-9c0b-0698d69bc373,3,,yes,Indigofera schimperi<br/>Ocimum americanum<br/>Pogonarthria squarrosa,Tephrosia purpurea,Indigofera schimperi<br/>Ocimum americanum<br/>Pogonarthria squarrosa<br/>Tephrosia purpurea,,,1779451300188.jpg,0.2176553,37.4912898,984.9,4.6,,uuid:c803a008-7014-4a4e-a485-68e1d90d767c,uuid:c803a008-7014-4a4e-a485-68e1d90d767c/observations/quadrat_repeat[3]
4,,yes,yes,,0,,yes,,Rhynchosia totta,Rhynchosia totta,,,1779451553050.jpg,0.2175960,37.4913510,987.6,4.86,,uuid:c803a008-7014-4a4e-a485-68e1d90d767c,uuid:c803a008-7014-4a4e-a485-68e1d90d767c/observations/quadrat_repeat[4]
5,,yes,no,3c3ff64b-92fd-4d60-9022-63a7c599e108,1,,yes,Ocimum americanum,Evolvulus alsinoides ,Ocimum americanum<br/>Evolvulus alsinoides ,,,1779451634145.jpg,0.2174449,37.4914624,988.4,5.0,,uuid:c803a008-7014-4a4e-a485-68e1d90d767c,uuid:c803a008-7014-4a4e-a485-68e1d90d767c/observations/quadrat_repeat[5]
6,,yes,no,cdc30e17-bf4f-4243-9c0b-0698d69bc373 e3454aa0-e2f6-495b-9aea-90847fdd1858,2,,no,Indigofera schimperi<br/>Pogonarthria squarrosa,,Indigofera schimperi<br/>Pogonarthria squarrosa,,,1779451676562.jpg,0.2174916,37.4914706,988.4947679829091,4.2,,uuid:c803a008-7014-4a4e-a485-68e1d90d767c,uuid:c803a008-7014-4a4e-a485-68e1d90d767c/observations/quadrat_repeat[6]
7,,yes,no,3c3ff64b-92fd-4d60-9022-63a7c599e108 883b0fcc-8eea-4779-b237-22e299be16fc cdc30e17-bf4f-4243-9c0b-0698d69bc373 215c8636-1978-42aa-86a1-9c3b5962055b,4,,yes,Commelina benghalensis<br/>Ocimum americanum<br/>Pogonarthria squarrosa<br/>Portulaca kermesina,Aristida scabrivalvis<br/>Rhynchosia totta,Commelina benghalensis<br/>Ocimum americanum<br/>Pogonarthria squarrosa<br/>Portulaca kermesina<br/>Aristida scabrivalvis<br/>Rhynchosia totta,,,1779452036563.jpg,0.2176444,37.4914815,989.6309093744438,3.35,,uuid:c803a008-7014-4a4e-a485-68e1d90d767c,uuid:c803a008-7014-4a4e-a485-68e1d90d767c/observations/quadrat_repeat[7]
8,,yes,no,008f3da5-910b-4d85-a844-c5ab8b75fcd8,1,,yes,Aristida adscensionis,Macrotalyma daltonii<br/>herb_034,Aristida adscensionis<br/>Macrotalyma daltonii<br/>herb_034,,,1779452328379.jpg,0.2178771,37.4914433,987.7403535959554,4.52,,uuid:c803a008-7014-4a4e-a485-68e1d90d767c,uuid:c803a008-7014-4a4e-a485-68e1d90d767c/observations/quadrat_repeat[8]
9,,yes,no,883b0fcc-8eea-4779-b237-22e299be16fc 008f3da5-910b-4d85-a844-c5ab8b75fcd8,2,,yes,Aristida adscensionis<br/>Commelina benghalensis,Rhynchosia totta<br/>Macrotalyma daltonii,Aristida adscensionis<br/>Commelina benghalensis<br/>Rhynchosia totta<br/>Macrotalyma daltonii,,,1779452442814.jpg,0.2176031,37.4916279,986.3351766894763,4.816,,uuid:c803a008-7014-4a4e-a485-68e1d90d767c,uuid:c803a008-7014-4a4e-a485-68e1d90d767c/observations/quadrat_repeat[9]
10,,yes,yes,,0,,yes,,Rhynchosia totta<br/>Macrotalyma daltonii<br/>herb_011,Rhynchosia totta<br/>Macrotalyma daltonii<br/>herb_011,,,1779452541732.jpg,0.2175539,37.4916368,967.2837979568953,5.0,,uuid:c803a008-7014-4a4e-a485-68e1d90d767c,uuid:c803a008-7014-4a4e-a485-68e1d90d767c/observations/quadrat_repeat[10]
11,,yes,no,008f3da5-910b-4d85-a844-c5ab8b75fcd8 883b0fcc-8eea-4779-b237-22e299be16fc,2,,yes,Aristida adscensionis<br/>Commelina benghalensis,herb_072,Aristida adscensionis<br/>Commelina benghalensis<br/>herb_072,,,1779452918460.jpg,0.2175344,37.4916232,967.6202396180589,4.0,,uuid:c803a008-7014-4a4e-a485-68e1d90d767c,uuid:c803a008-7014-4a4e-a485-68e1d90d767c/observations/quadrat_repeat[11]
12,,yes,no,008f3da5-910b-4d85-a844-c5ab8b75fcd8,1,,yes,Aristida adscensionis,herb_072,Aristida adscensionis<br/>herb_072,,,1779452989086.jpg,0.2175073,37.4916197,967.5202396180589,4.5,,uuid:c803a008-7014-4a4e-a485-68e1d90d767c,uuid:c803a008-7014-4a4e-a485-68e1d90d767c/observations/quadrat_repeat[12]
13,,yes,no,883b0fcc-8eea-4779-b237-22e299be16fc,1,,yes,Commelina benghalensis,Macrotalyma daltonii,Commelina benghalensis<br/>Macrotalyma daltonii,,,1779453061247.jpg,0.2174599,37.4915365,961.6422026978727,4.975,,uuid:c803a008-7014-4a4e-a485-68e1d90d767c,uuid:c803a008-7014-4a4e-a485-68e1d90d767c/observations/quadrat_repeat[13]
14,,yes,no,3c3ff64b-92fd-4d60-9022-63a7c599e108 008f3da5-910b-4d85-a844-c5ab8b75fcd8,2,,yes,Aristida adscensionis<br/>Ocimum americanum,herb_035<br/>herb_072,Aristida adscensionis<br/>Ocimum americanum<br/>herb_035<br/>herb_072,,,1779453182762.jpg,0.2174933,37.4914816,961.4630023941727,4.5,,uuid:c803a008-7014-4a4e-a485-68e1d90d767c,uuid:c803a008-7014-4a4e-a485-68e1d90d767c/observations/quadrat_repeat[14]
15,,yes,no,215c8636-1978-42aa-86a1-9c3b5962055b,1,,yes,Portulaca kermesina,Rhynchosia totta,Portulaca kermesina<br/>Rhynchosia totta,,,1779453276962.jpg,0.2174450,37.4914316,967.2364041569731,3.9,,uuid:c803a008-7014-4a4e-a485-68e1d90d767c,uuid:c803a008-7014-4a4e-a485-68e1d90d767c/observations/quadrat_repeat[15]
16,,yes,no,008f3da5-910b-4d85-a844-c5ab8b75fcd8 d28bc79a-42b8-4cf2-991b-acd944f819fa,2,,yes,Aristida adscensionis<br/>Pupalia lappacea,Rhynchosia totta<br/>Macrotalyma daltonii<br/>herb_072,Aristida adscensionis<br/>Pupalia lappacea<br/>Rhynchosia totta<br/>Macrotalyma daltonii<br/>herb_072,,,1779453418944.jpg,0.2174529,37.4913792,967.2260121431582,3.5,,uuid:c803a008-7014-4a4e-a485-68e1d90d767c,uuid:c803a008-7014-4a4e-a485-68e1d90d767c/observations/quadrat_repeat[16]
17,,yes,yes,,0,,yes,,herb_034<br/>herb_035<br/>Rhynchosia totta,herb_034<br/>herb_035<br/>Rhynchosia totta,,,1779453529361.jpg,0.2174850,37.4913859,967.1312076275175,4.15,,uuid:c803a008-7014-4a4e-a485-68e1d90d767c,uuid:c803a008-7014-4a4e-a485-68e1d90d767c/observations/quadrat_repeat[17]
18,,yes,yes,,0,,yes,,herb_072<br/>herb_035<br/>Rhynchosia totta,herb_072<br/>herb_035<br/>Rhynchosia totta,,,1779453690903.jpg,0.2174300,37.4913304,967.5260121431583,3.45,,uuid:c803a008-7014-4a4e-a485-68e1d90d767c,uuid:c803a008-7014-4a4e-a485-68e1d90d767c/observations/quadrat_repeat[18]
19,,yes,no,e3454aa0-e2f6-495b-9aea-90847fdd1858 4221e9df-7a67-4431-baa6-01fd5950e120 5cc38ec9-36c1-4825-8985-275b3ac4eb8f,3,,yes,Aristida congesta<br/>Dicoma tomentosa<br/>Indigofera schimperi,Pogonarthria fleckii<br/>Aristida scabrivalvis,Aristida congesta<br/>Dicoma tomentosa<br/>Indigofera schimperi<br/>Pogonarthria fleckii<br/>Aristida scabrivalvis,,,1779453968830.jpg,0.2175237,37.4912343,988.0,4.3,,uuid:c803a008-7014-4a4e-a485-68e1d90d767c,uuid:c803a008-7014-4a4e-a485-68e1d90d767c/observations/quadrat_repeat[19]
20,,yes,no,e3454aa0-e2f6-495b-9aea-90847fdd1858 cdc30e17-bf4f-4243-9c0b-0698d69bc373,2,,yes,Indigofera schimperi<br/>Pogonarthria squarrosa,Tephrosia purpurea<br/>Evolvulus alsinoides <br/>Aristida scabrivalvis,Indigofera schimperi<br/>Pogonarthria squarrosa<br/>Tephrosia purpurea<br/>Evolvulus alsinoides <br/>Aristida scabrivalvis,,,1779454130706.jpg,0.2174447,37.4912158,987.5,4.7,,uuid:c803a008-7014-4a4e-a485-68e1d90d767c,uuid:c803a008-7014-4a4e-a485-68e1d90d767c/observations/quadrat_repeat[20]
1,,yes,no,3c3ff64b-92fd-4d60-9022-63a7c599e108 e3454aa0-e2f6-495b-9aea-90847fdd1858 42b6fdde-7193-48e4-8a16-488eae05fab9 883b0fcc-8eea-4779-b237-22e299be16fc cdc30e17-bf4f-4243-9c0b-0698d69bc373,5,,yes,Indigofera schimperi<br/>Ipomoea coptica<br/>Commelina benghalensis<br/>Ocimum americanum<br/>Pogonarthria squarrosa,herb_016<br/>herb_067 (Aristida scabrivalvis),Indigofera schimperi<br/>Ipomoea coptica<br/>Commelina benghalensis<br/>Ocimum americanum<br/>Pogonarthria squarrosa<br/>herb_016<br/>herb_067 (Aristida scabrivalvis),,,1779441577725.jpg,0.2176955,37.4881025,992.1,2.4,,uuid:2439f628-f86d-4770-98d1-ae7b99a4d91f,uuid:2439f628-f86d-4770-98d1-ae7b99a4d91f/observations/quadrat_repeat[1]
2,,yes,yes,,0,,yes,,herb_010,herb_010,,,1779441776755.jpg,0.2176645,37.4880913,992.5334584737219,3.7,,uuid:2439f628-f86d-4770-98d1-ae7b99a4d91f,uuid:2439f628-f86d-4770-98d1-ae7b99a4d91f/observations/quadrat_repeat[2]
3,,yes,yes,,0,,yes,,herb_010<br/>Macrotalyma daltonii,herb_010<br/>Macrotalyma daltonii,,,1779442062449.jpg,0.2176417,37.4881380,987.2444706460965,2.6,,uuid:2439f628-f86d-4770-98d1-ae7b99a4d91f,uuid:2439f628-f86d-4770-98d1-ae7b99a4d91f/observations/quadrat_repeat[3]
4,,yes,no,8fb56826-0f75-4fd9-afc2-f995f704dbcf,1,,yes,Hibiscus micranthus,herb_016<br/>Macrotalyma daltonii<br/>herb_007<br/>herb_068<br/>herb_069 (Asparagus africanus),Hibiscus micranthus<br/>herb_016<br/>Macrotalyma daltonii<br/>herb_007<br/>herb_068<br/>herb_069 (Asparagus africanus),,,1779443341707.jpg,0.2176350,37.4882857,992.4143047936733,4.6,,uuid:2439f628-f86d-4770-98d1-ae7b99a4d91f,uuid:2439f628-f86d-4770-98d1-ae7b99a4d91f/observations/quadrat_repeat[4]
5,,yes,yes,,0,,yes,,Macrotalyma daltonii,Macrotalyma daltonii,,,1779443531967.jpg,0.2176140,37.4882571,1005.95642103451,4.1,,uuid:2439f628-f86d-4770-98d1-ae7b99a4d91f,uuid:2439f628-f86d-4770-98d1-ae7b99a4d91f/observations/quadrat_repeat[5]
6,,yes,no,d28bc79a-42b8-4cf2-991b-acd944f819fa,1,,yes,Pupalia lappacea,herb_070,Pupalia lappacea<br/>herb_070,,,1779444050226.jpg,0.2175892,37.4883292,997.1178195502767,3.0,,uuid:2439f628-f86d-4770-98d1-ae7b99a4d91f,uuid:2439f628-f86d-4770-98d1-ae7b99a4d91f/observations/quadrat_repeat[6]
7,,yes,no,d28bc79a-42b8-4cf2-991b-acd944f819fa cdc30e17-bf4f-4243-9c0b-0698d69bc373,2,,no,Pogonarthria squarrosa<br/>Pupalia lappacea,,Pogonarthria squarrosa<br/>Pupalia lappacea,,,1779444242777.jpg,0.2176267,37.4883688,993.6344677726153,3.3,,uuid:2439f628-f86d-4770-98d1-ae7b99a4d91f,uuid:2439f628-f86d-4770-98d1-ae7b99a4d91f/observations/quadrat_repeat[7]
8,,yes,yes,,0,,yes,,Macrotalyma daltonii<br/>Rhynchosia totta<br/>herb_011,Macrotalyma daltonii<br/>Rhynchosia totta<br/>herb_011,,,1779444615609.jpg,0.2175607,37.4884217,988.1,4.5,,uuid:2439f628-f86d-4770-98d1-ae7b99a4d91f,uuid:2439f628-f86d-4770-98d1-ae7b99a4d91f/observations/quadrat_repeat[8]
9,,yes,no,008f3da5-910b-4d85-a844-c5ab8b75fcd8,1,,yes,Aristida adscensionis,Rhynchosia totta<br/>herb_010<br/>herb_071,Aristida adscensionis<br/>Rhynchosia totta<br/>herb_010<br/>herb_071,,,1779445076890.jpg,0.2175897,37.4884185,992.9,3.9,,uuid:2439f628-f86d-4770-98d1-ae7b99a4d91f,uuid:2439f628-f86d-4770-98d1-ae7b99a4d91f/observations/quadrat_repeat[9]
10,,yes,no,883b0fcc-8eea-4779-b237-22e299be16fc 008f3da5-910b-4d85-a844-c5ab8b75fcd8,2,,yes,Aristida adscensionis<br/>Commelina benghalensis,Rhynchosia totta<br/>herb_007<br/>herb_071,Aristida adscensionis<br/>Commelina benghalensis<br/>Rhynchosia totta<br/>herb_007<br/>herb_071,,,1779445360932.jpg,0.2175889,37.4884900,976.8,4.1,,uuid:2439f628-f86d-4770-98d1-ae7b99a4d91f,uuid:2439f628-f86d-4770-98d1-ae7b99a4d91f/observations/quadrat_repeat[10]
11,,yes,yes,,0,,yes,,Aristida scabrivalvis,Aristida scabrivalvis,,,1779445536682.jpg,0.2174785,37.4885021,981.4,4.766,,uuid:2439f628-f86d-4770-98d1-ae7b99a4d91f,uuid:2439f628-f86d-4770-98d1-ae7b99a4d91f/observations/quadrat_repeat[11]
12,,yes,no,008f3da5-910b-4d85-a844-c5ab8b75fcd8,1,,yes,Aristida adscensionis,Aristida scabrivalvis<br/>Rhynchosia totta<br/>herb_010,Aristida adscensionis<br/>Aristida scabrivalvis<br/>Rhynchosia totta<br/>herb_010,,,1779445666520.jpg,0.2174635,37.4884251,980.6786571622692,2.4,,uuid:2439f628-f86d-4770-98d1-ae7b99a4d91f,uuid:2439f628-f86d-4770-98d1-ae7b99a4d91f/observations/quadrat_repeat[12]
13,,yes,no,008f3da5-910b-4d85-a844-c5ab8b75fcd8,1,,yes,Aristida adscensionis,herb_038<br/>herb_010<br/>herb_035,Aristida adscensionis<br/>herb_038<br/>herb_010<br/>herb_035,,,1779445949696.jpg,0.2175314,37.4883718,980.6160086913324,3.3,,uuid:2439f628-f86d-4770-98d1-ae7b99a4d91f,uuid:2439f628-f86d-4770-98d1-ae7b99a4d91f/observations/quadrat_repeat[13]
14,,yes,yes,,0,,yes,,herb_035<br/>Rhynchosia totta<br/>herb_068,herb_035<br/>Rhynchosia totta<br/>herb_068,,,1779446108247.jpg,0.2176173,37.4882617,981.3053351884354,4.3,,uuid:2439f628-f86d-4770-98d1-ae7b99a4d91f,uuid:2439f628-f86d-4770-98d1-ae7b99a4d91f/observations/quadrat_repeat[14]
15,,yes,yes,,0,,yes,,Rhynchosia totta<br/>Macrotalyma daltonii<br/>herb_035,Rhynchosia totta<br/>Macrotalyma daltonii<br/>herb_035,,,1779446272233.jpg,0.2175375,37.4883234,981.5893327492666,3.3,,uuid:2439f628-f86d-4770-98d1-ae7b99a4d91f,uuid:2439f628-f86d-4770-98d1-ae7b99a4d91f/observations/quadrat_repeat[15]
16,,yes,no,d28bc79a-42b8-4cf2-991b-acd944f819fa,1,,yes,Pupalia lappacea,herb_068<br/>Macrotalyma daltonii,Pupalia lappacea<br/>herb_068<br/>Macrotalyma daltonii,,,1779446465097.jpg,0.2175196,37.4882284,983.9053362304518,3.7,,uuid:2439f628-f86d-4770-98d1-ae7b99a4d91f,uuid:2439f628-f86d-4770-98d1-ae7b99a4d91f/observations/quadrat_repeat[16]
17,,yes,no,3c3ff64b-92fd-4d60-9022-63a7c599e108,1,,yes,Ocimum americanum,Aristida scabrivalvis<br/>herb_031,Ocimum americanum<br/>Aristida scabrivalvis<br/>herb_031,,,1779446645891.jpg,0.2175328,37.4881508,984.4946658536016,4.8,,uuid:2439f628-f86d-4770-98d1-ae7b99a4d91f,uuid:2439f628-f86d-4770-98d1-ae7b99a4d91f/observations/quadrat_repeat[17]
18,,yes,no,008f3da5-910b-4d85-a844-c5ab8b75fcd8,1,,yes,Aristida adscensionis,herb_054<br/>herb_010,Aristida adscensionis<br/>herb_054<br/>herb_010,,,1779447009740.jpg,0.2175872,37.4881098,985.4834265602335,2.6,,uuid:2439f628-f86d-4770-98d1-ae7b99a4d91f,uuid:2439f628-f86d-4770-98d1-ae7b99a4d91f/observations/quadrat_repeat[18]
19,,yes,no,8fb56826-0f75-4fd9-afc2-f995f704dbcf,1,,yes,Hibiscus micranthus,herb_010,Hibiscus micranthus<br/>herb_010,,,1779447118145.jpg,0.2175231,37.4880590,985.6727676336503,2.85,,uuid:2439f628-f86d-4770-98d1-ae7b99a4d91f,uuid:2439f628-f86d-4770-98d1-ae7b99a4d91f/observations/quadrat_repeat[19]
20,,yes,no,42b6fdde-7193-48e4-8a16-488eae05fab9 008f3da5-910b-4d85-a844-c5ab8b75fcd8 8fb56826-0f75-4fd9-afc2-f995f704dbcf,3,,yes,Aristida adscensionis<br/>Ipomoea coptica<br/>Hibiscus micranthus,herb_010<br/>Rhynchosia totta,Aristida adscensionis<br/>Ipomoea coptica<br/>Hibiscus micranthus<br/>herb_010<br/>Rhynchosia totta,,,1779447279604.jpg,0.2176564,37.4879311,984.788757586732,3.5,,uuid:2439f628-f86d-4770-98d1-ae7b99a4d91f,uuid:2439f628-f86d-4770-98d1-ae7b99a4d91f/observations/quadrat_repeat[20]
1,,yes,yes,,0,,yes,,herb_024,herb_024,,,1779431576174.jpg,0.2732175,37.4888572,980.5230103567133,2.6,,uuid:5d242bf2-8888-4eb0-9082-431482177425,uuid:5d242bf2-8888-4eb0-9082-431482177425/observations/quadrat_repeat[1]
2,,yes,no,4c3c1743-5505-4c19-8499-5f3f89bcc48f,1,,yes,Perotis patens,Oldenladia corymbosa,Perotis patens<br/>Oldenladia corymbosa,,,1779432006087.jpg,0.2732475,37.4888912,978.7315282035818,2.5,,uuid:5d242bf2-8888-4eb0-9082-431482177425,uuid:5d242bf2-8888-4eb0-9082-431482177425/observations/quadrat_repeat[2]
3,,yes,no,fef04a86-9057-43e3-a920-1cc20a78d566 cdc30e17-bf4f-4243-9c0b-0698d69bc373 4c3c1743-5505-4c19-8499-5f3f89bcc48f 8fb56826-0f75-4fd9-afc2-f995f704dbcf,4,,yes,Eragrostis trichophora<br/>Perotis patens<br/>Pogonarthria squarrosa<br/>Hibiscus micranthus,herb_024,Eragrostis trichophora<br/>Perotis patens<br/>Pogonarthria squarrosa<br/>Hibiscus micranthus<br/>herb_024,,,1779432406020.jpg,0.2732545,37.4889579,977.5997432546891,2.3,,uuid:5d242bf2-8888-4eb0-9082-431482177425,uuid:5d242bf2-8888-4eb0-9082-431482177425/observations/quadrat_repeat[3]
4,,yes,no,4c3c1743-5505-4c19-8499-5f3f89bcc48f fef04a86-9057-43e3-a920-1cc20a78d566,2,,no,Eragrostis trichophora<br/>Perotis patens,,Eragrostis trichophora<br/>Perotis patens,,,1779432585977.jpg,0.2732407,37.4889537,977.8828193703602,2.7,,uuid:5d242bf2-8888-4eb0-9082-431482177425,uuid:5d242bf2-8888-4eb0-9082-431482177425/observations/quadrat_repeat[4]
5,,yes,no,fef04a86-9057-43e3-a920-1cc20a78d566,1,,yes,Eragrostis trichophora,herb_055,Eragrostis trichophora<br/>herb_055,,,1779432971557.jpg,0.2731365,37.4890474,983.2768739230011,2.5,,uuid:5d242bf2-8888-4eb0-9082-431482177425,uuid:5d242bf2-8888-4eb0-9082-431482177425/observations/quadrat_repeat[5]
6,,yes,no,f407986d-94a5-4fa9-a058-b9f183687960,1,,no,Sida cordifolia,,Sida cordifolia,,,1779433346325.jpg,0.2731294,37.4890985,982.4344324156167,2.8,,uuid:5d242bf2-8888-4eb0-9082-431482177425,uuid:5d242bf2-8888-4eb0-9082-431482177425/observations/quadrat_repeat[6]
7,,yes,no,c1a4c299-0f56-4c4b-92f9-b39be88b0291 fef04a86-9057-43e3-a920-1cc20a78d566,2,,yes,Eragrostis trichophora<br/>Oxygonum alatum,herb_063 (Sida chrysantha),Eragrostis trichophora<br/>Oxygonum alatum<br/>herb_063 (Sida chrysantha),,,1779434798810.jpg,0.2731524,37.4890892,984.0,2.3,.,uuid:5d242bf2-8888-4eb0-9082-431482177425,uuid:5d242bf2-8888-4eb0-9082-431482177425/observations/quadrat_repeat[7]
8,,yes,no,fef04a86-9057-43e3-a920-1cc20a78d566,1,,yes,Eragrostis trichophora,herb_024,Eragrostis trichophora<br/>herb_024,,,1779434890054.jpg,0.2731302,37.4891960,984.8,2.2,.,uuid:5d242bf2-8888-4eb0-9082-431482177425,uuid:5d242bf2-8888-4eb0-9082-431482177425/observations/quadrat_repeat[8]
9,,yes,no,fef04a86-9057-43e3-a920-1cc20a78d566,1,,yes,Eragrostis trichophora,herb_024<br/>herb_064 (Ipomea sinensis),Eragrostis trichophora<br/>herb_024<br/>herb_064 (Ipomea sinensis),,,1779435239114.jpg,0.2731017,37.4892196,985.2542653443045,2.3,,uuid:5d242bf2-8888-4eb0-9082-431482177425,uuid:5d242bf2-8888-4eb0-9082-431482177425/observations/quadrat_repeat[9]
10,,yes,no,8fb56826-0f75-4fd9-afc2-f995f704dbcf 205ebff1-7ff4-472d-8e20-9472eb0c5824 4c3c1743-5505-4c19-8499-5f3f89bcc48f,3,,no,Pavonia senegalensis<br/>Perotis patens<br/>Hibiscus micranthus,,Pavonia senegalensis<br/>Perotis patens<br/>Hibiscus micranthus,,,1779435736585.jpg,0.2730941,37.4893055,978.5,3.3,,uuid:5d242bf2-8888-4eb0-9082-431482177425,uuid:5d242bf2-8888-4eb0-9082-431482177425/observations/quadrat_repeat[10]
11,,yes,no,fef04a86-9057-43e3-a920-1cc20a78d566,1,,no,Eragrostis trichophora,,Eragrostis trichophora,,,1779435807746.jpg,0.2730793,37.4892523,984.7736242204899,3.7,,uuid:5d242bf2-8888-4eb0-9082-431482177425,uuid:5d242bf2-8888-4eb0-9082-431482177425/observations/quadrat_repeat[11]
12,,yes,no,fef04a86-9057-43e3-a920-1cc20a78d566 8fb56826-0f75-4fd9-afc2-f995f704dbcf c1a4c299-0f56-4c4b-92f9-b39be88b0291,3,,no,Eragrostis trichophora<br/>Oxygonum alatum<br/>Hibiscus micranthus,,Eragrostis trichophora<br/>Oxygonum alatum<br/>Hibiscus micranthus,,,1779435891409.jpg,0.2731170,37.4892107,978.5943721533936,2.6,,uuid:5d242bf2-8888-4eb0-9082-431482177425,uuid:5d242bf2-8888-4eb0-9082-431482177425/observations/quadrat_repeat[12]
13,,yes,no,4c3c1743-5505-4c19-8499-5f3f89bcc48f fef04a86-9057-43e3-a920-1cc20a78d566,2,,yes,Eragrostis trichophora<br/>Perotis patens,herb_024,Eragrostis trichophora<br/>Perotis patens<br/>herb_024,,,1779435962984.jpg,0.2731100,37.4891701,978.4,3.1,,uuid:5d242bf2-8888-4eb0-9082-431482177425,uuid:5d242bf2-8888-4eb0-9082-431482177425/observations/quadrat_repeat[13]
14,,no,,,,,,,,,,,1779436011055.jpg,0.2731034,37.4891317,980.5999999999999,3.0,,uuid:5d242bf2-8888-4eb0-9082-431482177425,uuid:5d242bf2-8888-4eb0-9082-431482177425/observations/quadrat_repeat[14]
15,,yes,no,fef04a86-9057-43e3-a920-1cc20a78d566,1,,no,Eragrostis trichophora,,Eragrostis trichophora,,,1779436297558.jpg,0.2731321,37.4890410,978.3831195670224,3.0,,uuid:5d242bf2-8888-4eb0-9082-431482177425,uuid:5d242bf2-8888-4eb0-9082-431482177425/observations/quadrat_repeat[15]
16,,yes,no,fef04a86-9057-43e3-a920-1cc20a78d566 4c3c1743-5505-4c19-8499-5f3f89bcc48f 008f3da5-910b-4d85-a844-c5ab8b75fcd8,3,,no,Aristida adscensionis<br/>Eragrostis trichophora<br/>Perotis patens,,Aristida adscensionis<br/>Eragrostis trichophora<br/>Perotis patens,,,1779436646970.jpg,0.2730414,37.4889935,979.1544307380819,4.56,,uuid:5d242bf2-8888-4eb0-9082-431482177425,uuid:5d242bf2-8888-4eb0-9082-431482177425/observations/quadrat_repeat[16]
17,,yes,yes,,0,,yes,,herb_024<br/>herb_065 (Gisekia pharnaceoides)<br/>herb_066,herb_024<br/>herb_065 (Gisekia pharnaceoides)<br/>herb_066,,,1779437160400.jpg,0.2731287,37.4889676,978.8,2.6,,uuid:5d242bf2-8888-4eb0-9082-431482177425,uuid:5d242bf2-8888-4eb0-9082-431482177425/observations/quadrat_repeat[17]
18,,yes,yes,,0,,yes,,Xenostegia tridentata<br/>herb_066,Xenostegia tridentata<br/>herb_066,,,1779437289666.jpg,0.2731285,37.4889654,983.0120180715334,4.0,,uuid:5d242bf2-8888-4eb0-9082-431482177425,uuid:5d242bf2-8888-4eb0-9082-431482177425/observations/quadrat_repeat[18]
19,,yes,no,fef04a86-9057-43e3-a920-1cc20a78d566,1,,yes,Eragrostis trichophora,herb_064,Eragrostis trichophora<br/>herb_064,,,1779437354422.jpg,0.2731456,37.4888921,983.3890821331514,4.2,,uuid:5d242bf2-8888-4eb0-9082-431482177425,uuid:5d242bf2-8888-4eb0-9082-431482177425/observations/quadrat_repeat[19]
20,,yes,yes,,0,,yes,,herb_024,herb_024,,,1779437405371.jpg,0.2731745,37.4888120,982.5999999999999,3.4,,uuid:5d242bf2-8888-4eb0-9082-431482177425,uuid:5d242bf2-8888-4eb0-9082-431482177425/observations/quadrat_repeat[20]
1,,yes,no,e3454aa0-e2f6-495b-9aea-90847fdd1858 8fb56826-0f75-4fd9-afc2-f995f704dbcf 3c3ff64b-92fd-4d60-9022-63a7c599e108,3,,yes,Indigofera schimperi<br/>Ocimum americanum<br/>Hibiscus micranthus,herb_024<br/>herb_056,Indigofera schimperi<br/>Ocimum americanum<br/>Hibiscus micranthus<br/>herb_024<br/>herb_056,,,1779364797158.jpg,0.2423559,37.4884551,992.1,2.9,,uuid:95cde0b4-8b49-4f5d-a3c7-6765e1c06466,uuid:95cde0b4-8b49-4f5d-a3c7-6765e1c06466/observations/quadrat_repeat[1]
2,,yes,no,e3454aa0-e2f6-495b-9aea-90847fdd1858 7bad79fe-2bdc-435c-acab-1246afb4fc19 3c3ff64b-92fd-4d60-9022-63a7c599e108,3,,no,Eragrostis rigidior<br/>Indigofera schimperi<br/>Ocimum americanum,,Eragrostis rigidior<br/>Indigofera schimperi<br/>Ocimum americanum,,,1779364933145.jpg,0.2423958,37.4885179,992.5732776911202,4.4,,uuid:95cde0b4-8b49-4f5d-a3c7-6765e1c06466,uuid:95cde0b4-8b49-4f5d-a3c7-6765e1c06466/observations/quadrat_repeat[2]
3,,yes,no,e3454aa0-e2f6-495b-9aea-90847fdd1858 3c3ff64b-92fd-4d60-9022-63a7c599e108,2,,yes,Indigofera schimperi<br/>Ocimum americanum,Evolvulus alsinoides ,Indigofera schimperi<br/>Ocimum americanum<br/>Evolvulus alsinoides ,,,1779365142870.jpg,0.2424099,37.4884956,991.8576035527534,4.3,,uuid:95cde0b4-8b49-4f5d-a3c7-6765e1c06466,uuid:95cde0b4-8b49-4f5d-a3c7-6765e1c06466/observations/quadrat_repeat[3]
4,,yes,no,e3454aa0-e2f6-495b-9aea-90847fdd1858,1,,yes,Indigofera schimperi,herb_054,Indigofera schimperi<br/>herb_054,,,1779365657667.jpg,0.2424389,37.4886168,975.6,4.0,,uuid:95cde0b4-8b49-4f5d-a3c7-6765e1c06466,uuid:95cde0b4-8b49-4f5d-a3c7-6765e1c06466/observations/quadrat_repeat[4]
5,,yes,no,3c3ff64b-92fd-4d60-9022-63a7c599e108,1,,yes,Ocimum americanum,herb_054<br/>herb_057 (Erlangea misera),Ocimum americanum<br/>herb_054<br/>herb_057 (Erlangea misera),,,1779366245264.jpg,0.2424062,37.4886605,986.1999999999999,2.1,,uuid:95cde0b4-8b49-4f5d-a3c7-6765e1c06466,uuid:95cde0b4-8b49-4f5d-a3c7-6765e1c06466/observations/quadrat_repeat[5]
6,,yes,no,e3454aa0-e2f6-495b-9aea-90847fdd1858,1,,yes,Indigofera schimperi,herb_058,Indigofera schimperi<br/>herb_058,,,1779366501634.jpg,0.2423932,37.4887025,985.9,2.25,Unknown 58 has a very strong smell,uuid:95cde0b4-8b49-4f5d-a3c7-6765e1c06466,uuid:95cde0b4-8b49-4f5d-a3c7-6765e1c06466/observations/quadrat_repeat[6]
7,,yes,yes,,0,,yes,,Macrotalyma daltonii<br/>Panicum hirtum<br/>Tephrosia purpurea,Macrotalyma daltonii<br/>Panicum hirtum<br/>Tephrosia purpurea,,,1779366634736.jpg,0.2424460,37.4887137,986.4,4.88,,uuid:95cde0b4-8b49-4f5d-a3c7-6765e1c06466,uuid:95cde0b4-8b49-4f5d-a3c7-6765e1c06466/observations/quadrat_repeat[7]
8,,yes,no,883b0fcc-8eea-4779-b237-22e299be16fc 8fb56826-0f75-4fd9-afc2-f995f704dbcf,2,,yes,Commelina benghalensis<br/>Hibiscus micranthus,herb_007<br/>Phyllanthus pantandrus<br/>Panicum hirtum<br/>herb_054,Commelina benghalensis<br/>Hibiscus micranthus<br/>herb_007<br/>Phyllanthus pantandrus<br/>Panicum hirtum<br/>herb_054,,,1779366902006.jpg,0.2424281,37.4887388,985.9947878096491,4.883,,uuid:95cde0b4-8b49-4f5d-a3c7-6765e1c06466,uuid:95cde0b4-8b49-4f5d-a3c7-6765e1c06466/observations/quadrat_repeat[8]
9,,yes,no,e3454aa0-e2f6-495b-9aea-90847fdd1858 f407986d-94a5-4fa9-a058-b9f183687960 42b6fdde-7193-48e4-8a16-488eae05fab9,3,,yes,Indigofera schimperi<br/>Ipomoea coptica<br/>Sida cordifolia,herb_033<br/>herb_059 (Justicia divaricata),Indigofera schimperi<br/>Ipomoea coptica<br/>Sida cordifolia<br/>herb_033<br/>herb_059 (Justicia divaricata),,,1779367281493.jpg,0.2424037,37.4888652,986.4843665632133,2.55,,uuid:95cde0b4-8b49-4f5d-a3c7-6765e1c06466,uuid:95cde0b4-8b49-4f5d-a3c7-6765e1c06466/observations/quadrat_repeat[9]
10,,yes,no,883b0fcc-8eea-4779-b237-22e299be16fc 42b6fdde-7193-48e4-8a16-488eae05fab9 3c3ff64b-92fd-4d60-9022-63a7c599e108 e3454aa0-e2f6-495b-9aea-90847fdd1858,4,,yes,Indigofera schimperi<br/>Ipomoea coptica<br/>Commelina benghalensis<br/>Ocimum americanum,herb_057,Indigofera schimperi<br/>Ipomoea coptica<br/>Commelina benghalensis<br/>Ocimum americanum<br/>herb_057,,,1779367416813.jpg,0.2422816,37.4889928,985.889576664046,4.0,,uuid:95cde0b4-8b49-4f5d-a3c7-6765e1c06466,uuid:95cde0b4-8b49-4f5d-a3c7-6765e1c06466/observations/quadrat_repeat[10]
11,,yes,no,3c3ff64b-92fd-4d60-9022-63a7c599e108 e3454aa0-e2f6-495b-9aea-90847fdd1858 f407986d-94a5-4fa9-a058-b9f183687960 883b0fcc-8eea-4779-b237-22e299be16fc 42b6fdde-7193-48e4-8a16-488eae05fab9,5,,yes,Indigofera schimperi<br/>Ipomoea coptica<br/>Commelina benghalensis<br/>Ocimum americanum<br/>Sida cordifolia,herb_057<br/>herb_054,Indigofera schimperi<br/>Ipomoea coptica<br/>Commelina benghalensis<br/>Ocimum americanum<br/>Sida cordifolia<br/>herb_057<br/>herb_054,,,1779367523228.jpg,0.2423434,37.4888790,986.294787809649,3.3,,uuid:95cde0b4-8b49-4f5d-a3c7-6765e1c06466,uuid:95cde0b4-8b49-4f5d-a3c7-6765e1c06466/observations/quadrat_repeat[11]
12,,yes,no,42b6fdde-7193-48e4-8a16-488eae05fab9 cdc30e17-bf4f-4243-9c0b-0698d69bc373 7bad79fe-2bdc-435c-acab-1246afb4fc19,3,,yes,Eragrostis rigidior<br/>Ipomoea coptica<br/>Pogonarthria squarrosa,Macrotalyma daltonii<br/>herb_054<br/>herb_057<br/>Evolvulus alsinoides <br/>herb_049,Eragrostis rigidior<br/>Ipomoea coptica<br/>Pogonarthria squarrosa<br/>Macrotalyma daltonii<br/>herb_054<br/>herb_057<br/>Evolvulus alsinoides <br/>herb_049,,,1779367821798.jpg,0.2423085,37.4888499,988.1947878096491,3.85,,uuid:95cde0b4-8b49-4f5d-a3c7-6765e1c06466,uuid:95cde0b4-8b49-4f5d-a3c7-6765e1c06466/observations/quadrat_repeat[12]
13,,yes,no,008f3da5-910b-4d85-a844-c5ab8b75fcd8 883b0fcc-8eea-4779-b237-22e299be16fc,2,,yes,Aristida adscensionis<br/>Commelina benghalensis,Evolvulus alsinoides <br/>herb_054<br/>herb_060 (Citrullus naudinianus),Aristida adscensionis<br/>Commelina benghalensis<br/>Evolvulus alsinoides <br/>herb_054<br/>herb_060 (Citrullus naudinianus),,,1779368120594.jpg,0.2423437,37.4887779,984.1,2.3,,uuid:95cde0b4-8b49-4f5d-a3c7-6765e1c06466,uuid:95cde0b4-8b49-4f5d-a3c7-6765e1c06466/observations/quadrat_repeat[13]
14,,yes,no,e3454aa0-e2f6-495b-9aea-90847fdd1858 883b0fcc-8eea-4779-b237-22e299be16fc 3c3ff64b-92fd-4d60-9022-63a7c599e108 f407986d-94a5-4fa9-a058-b9f183687960,4,,yes,Indigofera schimperi<br/>Commelina benghalensis<br/>Ocimum americanum<br/>Sida cordifolia,herb_057<br/>Macrotalyma daltonii<br/>Panicum hirtum<br/>Pogonarthria fleckii,Indigofera schimperi<br/>Commelina benghalensis<br/>Ocimum americanum<br/>Sida cordifolia<br/>herb_057<br/>Macrotalyma daltonii<br/>Panicum hirtum<br/>Pogonarthria fleckii,,,1779368310609.jpg,0.2422266,37.4886321,988.8104191568692,3.75,,uuid:95cde0b4-8b49-4f5d-a3c7-6765e1c06466,uuid:95cde0b4-8b49-4f5d-a3c7-6765e1c06466/observations/quadrat_repeat[14]
15,,yes,no,e3454aa0-e2f6-495b-9aea-90847fdd1858,1,,yes,Indigofera schimperi,herb_054<br/>Evolvulus alsinoides <br/>herb_060<br/>herb_061,Indigofera schimperi<br/>herb_054<br/>Evolvulus alsinoides <br/>herb_060<br/>herb_061,,,1779368537310.jpg,0.2423533,37.4886833,989.0,3.3,,uuid:95cde0b4-8b49-4f5d-a3c7-6765e1c06466,uuid:95cde0b4-8b49-4f5d-a3c7-6765e1c06466/observations/quadrat_repeat[15]
16,,yes,no,883b0fcc-8eea-4779-b237-22e299be16fc f407986d-94a5-4fa9-a058-b9f183687960 7bad79fe-2bdc-435c-acab-1246afb4fc19,3,,yes,Eragrostis rigidior<br/>Commelina benghalensis<br/>Sida cordifolia,Evolvulus alsinoides ,Eragrostis rigidior<br/>Commelina benghalensis<br/>Sida cordifolia<br/>Evolvulus alsinoides ,,,1779368652463.jpg,0.2423986,37.4885995,988.8104191568692,4.9,,uuid:95cde0b4-8b49-4f5d-a3c7-6765e1c06466,uuid:95cde0b4-8b49-4f5d-a3c7-6765e1c06466/observations/quadrat_repeat[16]
17,,yes,no,f407986d-94a5-4fa9-a058-b9f183687960,1,,yes,Sida cordifolia,Phyllanthus pantandrus<br/>Macrotalyma daltonii,Sida cordifolia<br/>Phyllanthus pantandrus<br/>Macrotalyma daltonii,,,1779368749461.jpg,0.2423575,37.4885903,989.4681707825717,3.8,,uuid:95cde0b4-8b49-4f5d-a3c7-6765e1c06466,uuid:95cde0b4-8b49-4f5d-a3c7-6765e1c06466/observations/quadrat_repeat[17]
18,,yes,no,883b0fcc-8eea-4779-b237-22e299be16fc e3454aa0-e2f6-495b-9aea-90847fdd1858,2,,yes,Indigofera schimperi<br/>Commelina benghalensis,herb_054,Indigofera schimperi<br/>Commelina benghalensis<br/>herb_054,,,1779368806945.jpg,0.2423179,37.4885095,989.4681707825717,4.9,,uuid:95cde0b4-8b49-4f5d-a3c7-6765e1c06466,uuid:95cde0b4-8b49-4f5d-a3c7-6765e1c06466/observations/quadrat_repeat[18]
19,,yes,no,f407986d-94a5-4fa9-a058-b9f183687960 883b0fcc-8eea-4779-b237-22e299be16fc 7bad79fe-2bdc-435c-acab-1246afb4fc19,3,,yes,Eragrostis rigidior<br/>Commelina benghalensis<br/>Sida cordifolia,Evolvulus alsinoides <br/>Macrotalyma daltonii<br/>herb_054,Eragrostis rigidior<br/>Commelina benghalensis<br/>Sida cordifolia<br/>Evolvulus alsinoides <br/>Macrotalyma daltonii<br/>herb_054,,,1779368904475.jpg,0.2424027,37.4885517,989.5681895707913,4.766,,uuid:95cde0b4-8b49-4f5d-a3c7-6765e1c06466,uuid:95cde0b4-8b49-4f5d-a3c7-6765e1c06466/observations/quadrat_repeat[19]
20,,yes,no,883b0fcc-8eea-4779-b237-22e299be16fc,1,,yes,Commelina benghalensis,Macrotalyma daltonii<br/>herb_054<br/>herb_062 (Abitulum ramosum),Commelina benghalensis<br/>Macrotalyma daltonii<br/>herb_054<br/>herb_062 (Abitulum ramosum),,,1779369140448.jpg,0.2423795,37.4884426,989.7572090717009,3.0,,uuid:95cde0b4-8b49-4f5d-a3c7-6765e1c06466,uuid:95cde0b4-8b49-4f5d-a3c7-6765e1c06466/observations/quadrat_repeat[20]
1,,yes,no,b53b3d79-30f5-4ac3-995e-d1e00442200e 3c3ff64b-92fd-4d60-9022-63a7c599e108 8fb56826-0f75-4fd9-afc2-f995f704dbcf e3454aa0-e2f6-495b-9aea-90847fdd1858,4,,yes,Abutilon angulatum<br/>Indigofera schimperi<br/>Ocimum americanum<br/>Hibiscus micranthus,Evolvulus alsinoides ,Abutilon angulatum<br/>Indigofera schimperi<br/>Ocimum americanum<br/>Hibiscus micranthus<br/>Evolvulus alsinoides ,,,1779357933075.jpg,0.2207631,37.5025627,982.5,3.2,,uuid:fdf5f121-0a7f-4769-85bb-4717e0361eb4,uuid:fdf5f121-0a7f-4769-85bb-4717e0361eb4/observations/quadrat_repeat[1]
2,,yes,no,3c3ff64b-92fd-4d60-9022-63a7c599e108 7bad79fe-2bdc-435c-acab-1246afb4fc19,2,,yes,Eragrostis rigidior<br/>Ocimum americanum,Tephrosia purpurea,Eragrostis rigidior<br/>Ocimum americanum<br/>Tephrosia purpurea,,,1779358432847.jpg,0.2208218,37.5026179,983.4455769652825,4.98,,uuid:fdf5f121-0a7f-4769-85bb-4717e0361eb4,uuid:fdf5f121-0a7f-4769-85bb-4717e0361eb4/observations/quadrat_repeat[2]
3,,yes,no,3c3ff64b-92fd-4d60-9022-63a7c599e108 e3454aa0-e2f6-495b-9aea-90847fdd1858 7bad79fe-2bdc-435c-acab-1246afb4fc19,3,,no,Eragrostis rigidior<br/>Indigofera schimperi<br/>Ocimum americanum,,Eragrostis rigidior<br/>Indigofera schimperi<br/>Ocimum americanum,,,1779358812948.jpg,0.2207585,37.5026486,985.6504828144168,4.82,,uuid:fdf5f121-0a7f-4769-85bb-4717e0361eb4,uuid:fdf5f121-0a7f-4769-85bb-4717e0361eb4/observations/quadrat_repeat[3]
4,,yes,no,3c3ff64b-92fd-4d60-9022-63a7c599e108 e3454aa0-e2f6-495b-9aea-90847fdd1858 7bad79fe-2bdc-435c-acab-1246afb4fc19,3,,no,Eragrostis rigidior<br/>Indigofera schimperi<br/>Ocimum americanum,,Eragrostis rigidior<br/>Indigofera schimperi<br/>Ocimum americanum,,,1779358871293.jpg,0.2208044,37.5025987,984.867171530674,4.2,,uuid:fdf5f121-0a7f-4769-85bb-4717e0361eb4,uuid:fdf5f121-0a7f-4769-85bb-4717e0361eb4/observations/quadrat_repeat[4]
5,,yes,no,e3454aa0-e2f6-495b-9aea-90847fdd1858 3c3ff64b-92fd-4d60-9022-63a7c599e108 7bad79fe-2bdc-435c-acab-1246afb4fc19,3,,no,Eragrostis rigidior<br/>Indigofera schimperi<br/>Ocimum americanum,,Eragrostis rigidior<br/>Indigofera schimperi<br/>Ocimum americanum,,,1779358933063.jpg,0.2207945,37.5026190,984.4853124009666,4.0,,uuid:fdf5f121-0a7f-4769-85bb-4717e0361eb4,uuid:fdf5f121-0a7f-4769-85bb-4717e0361eb4/observations/quadrat_repeat[5]
6,,yes,no,3c3ff64b-92fd-4d60-9022-63a7c599e108 e3454aa0-e2f6-495b-9aea-90847fdd1858,2,,yes,Indigofera schimperi<br/>Ocimum americanum,herb_045<br/>herb_052,Indigofera schimperi<br/>Ocimum americanum<br/>herb_045<br/>herb_052,,,1779359265283.jpg,0.2208080,37.5027737,985.0525462676263,4.3,,uuid:fdf5f121-0a7f-4769-85bb-4717e0361eb4,uuid:fdf5f121-0a7f-4769-85bb-4717e0361eb4/observations/quadrat_repeat[6]
7,,yes,no,3c3ff64b-92fd-4d60-9022-63a7c599e108 e3454aa0-e2f6-495b-9aea-90847fdd1858 7bad79fe-2bdc-435c-acab-1246afb4fc19 8fb56826-0f75-4fd9-afc2-f995f704dbcf,4,,yes,Eragrostis rigidior<br/>Indigofera schimperi<br/>Ocimum americanum<br/>Hibiscus micranthus,herb_045<br/>herb_053 (Pechuel-loeschea leubnitziae),Eragrostis rigidior<br/>Indigofera schimperi<br/>Ocimum americanum<br/>Hibiscus micranthus<br/>herb_045<br/>herb_053 (Pechuel-loeschea leubnitziae),,,1779359520738.jpg,0.2208506,37.5027632,984.9184433826603,3.5,,uuid:fdf5f121-0a7f-4769-85bb-4717e0361eb4,uuid:fdf5f121-0a7f-4769-85bb-4717e0361eb4/observations/quadrat_repeat[7]
8,,yes,no,e3454aa0-e2f6-495b-9aea-90847fdd1858 3c3ff64b-92fd-4d60-9022-63a7c599e108 7bad79fe-2bdc-435c-acab-1246afb4fc19,3,,yes,Eragrostis rigidior<br/>Indigofera schimperi<br/>Ocimum americanum,,Eragrostis rigidior<br/>Indigofera schimperi<br/>Ocimum americanum,,,1779359568894.jpg,0.2208787,37.5028372,982.1797566461925,3.7,,uuid:fdf5f121-0a7f-4769-85bb-4717e0361eb4,uuid:fdf5f121-0a7f-4769-85bb-4717e0361eb4/observations/quadrat_repeat[8]
9,,yes,no,3c3ff64b-92fd-4d60-9022-63a7c599e108 e3454aa0-e2f6-495b-9aea-90847fdd1858 7bad79fe-2bdc-435c-acab-1246afb4fc19 9dfde157-fde9-4421-991d-27eef1edce57,4,,no,Citrullus lanatus<br/>Eragrostis rigidior<br/>Indigofera schimperi<br/>Ocimum americanum,,Citrullus lanatus<br/>Eragrostis rigidior<br/>Indigofera schimperi<br/>Ocimum americanum,,,1779359717195.jpg,0.2208633,37.5028978,979.8913461556033,3.8,,uuid:fdf5f121-0a7f-4769-85bb-4717e0361eb4,uuid:fdf5f121-0a7f-4769-85bb-4717e0361eb4/observations/quadrat_repeat[9]
10,,yes,no,7bad79fe-2bdc-435c-acab-1246afb4fc19 e3454aa0-e2f6-495b-9aea-90847fdd1858,2,,yes,Eragrostis rigidior<br/>Indigofera schimperi,herb_012<br/>herb_054<br/>herb_055,Eragrostis rigidior<br/>Indigofera schimperi<br/>herb_012<br/>herb_054<br/>herb_055,,,1779360217265.jpg,0.2210638,37.5028860,979.3280770687899,3.1,,uuid:fdf5f121-0a7f-4769-85bb-4717e0361eb4,uuid:fdf5f121-0a7f-4769-85bb-4717e0361eb4/observations/quadrat_repeat[10]
11,,yes,no,3c3ff64b-92fd-4d60-9022-63a7c599e108 7bad79fe-2bdc-435c-acab-1246afb4fc19 e3454aa0-e2f6-495b-9aea-90847fdd1858 883b0fcc-8eea-4779-b237-22e299be16fc,4,,no,Eragrostis rigidior<br/>Indigofera schimperi<br/>Commelina benghalensis<br/>Ocimum americanum,,Eragrostis rigidior<br/>Indigofera schimperi<br/>Commelina benghalensis<br/>Ocimum americanum,,,1779360275487.jpg,0.2210280,37.5028863,980.6336013619768,3.9,,uuid:fdf5f121-0a7f-4769-85bb-4717e0361eb4,uuid:fdf5f121-0a7f-4769-85bb-4717e0361eb4/observations/quadrat_repeat[11]
12,,yes,no,e3454aa0-e2f6-495b-9aea-90847fdd1858 3c3ff64b-92fd-4d60-9022-63a7c599e108 7bad79fe-2bdc-435c-acab-1246afb4fc19,3,,no,Eragrostis rigidior<br/>Indigofera schimperi<br/>Ocimum americanum,,Eragrostis rigidior<br/>Indigofera schimperi<br/>Ocimum americanum,,,1779360346588.jpg,0.2208910,37.5028851,979.8317231629227,3.6,,uuid:fdf5f121-0a7f-4769-85bb-4717e0361eb4,uuid:fdf5f121-0a7f-4769-85bb-4717e0361eb4/observations/quadrat_repeat[12]
13,,yes,no,e3454aa0-e2f6-495b-9aea-90847fdd1858 9dfde157-fde9-4421-991d-27eef1edce57 7bad79fe-2bdc-435c-acab-1246afb4fc19,3,,yes,Citrullus lanatus<br/>Eragrostis rigidior<br/>Indigofera schimperi,herb_045,Citrullus lanatus<br/>Eragrostis rigidior<br/>Indigofera schimperi<br/>herb_045,,,1779360410618.jpg,0.2208449,37.5028918,980.7728300292962,3.7,,uuid:fdf5f121-0a7f-4769-85bb-4717e0361eb4,uuid:fdf5f121-0a7f-4769-85bb-4717e0361eb4/observations/quadrat_repeat[13]
14,,yes,no,e3454aa0-e2f6-495b-9aea-90847fdd1858 3c3ff64b-92fd-4d60-9022-63a7c599e108 7bad79fe-2bdc-435c-acab-1246afb4fc19 f407986d-94a5-4fa9-a058-b9f183687960,4,,yes,Eragrostis rigidior<br/>Indigofera schimperi<br/>Ocimum americanum<br/>Sida cordifolia,herb_053,Eragrostis rigidior<br/>Indigofera schimperi<br/>Ocimum americanum<br/>Sida cordifolia<br/>herb_053,,,1779360576973.jpg,0.2207411,37.5028044,981.0664122545637,4.2,,uuid:fdf5f121-0a7f-4769-85bb-4717e0361eb4,uuid:fdf5f121-0a7f-4769-85bb-4717e0361eb4/observations/quadrat_repeat[14]
15,,yes,no,e3454aa0-e2f6-495b-9aea-90847fdd1858 3c3ff64b-92fd-4d60-9022-63a7c599e108 7bad79fe-2bdc-435c-acab-1246afb4fc19,3,,yes,Eragrostis rigidior<br/>Indigofera schimperi<br/>Ocimum americanum,herb_012<br/>Senna obtusifolia,Eragrostis rigidior<br/>Indigofera schimperi<br/>Ocimum americanum<br/>herb_012<br/>Senna obtusifolia,,,1779360775844.jpg,0.2208060,37.5027706,981.8787404656022,4.0,,uuid:fdf5f121-0a7f-4769-85bb-4717e0361eb4,uuid:fdf5f121-0a7f-4769-85bb-4717e0361eb4/observations/quadrat_repeat[15]
16,,yes,no,3c3ff64b-92fd-4d60-9022-63a7c599e108 7bad79fe-2bdc-435c-acab-1246afb4fc19 e3454aa0-e2f6-495b-9aea-90847fdd1858,3,,yes,Eragrostis rigidior<br/>Indigofera schimperi<br/>Ocimum americanum,herb_045<br/>Senna obtusifolia,Eragrostis rigidior<br/>Indigofera schimperi<br/>Ocimum americanum<br/>herb_045<br/>Senna obtusifolia,,,1779360903958.jpg,0.2208009,37.5027481,981.2728508209236,3.7,,uuid:fdf5f121-0a7f-4769-85bb-4717e0361eb4,uuid:fdf5f121-0a7f-4769-85bb-4717e0361eb4/observations/quadrat_repeat[16]
17,,yes,no,7bad79fe-2bdc-435c-acab-1246afb4fc19 3c3ff64b-92fd-4d60-9022-63a7c599e108 e3454aa0-e2f6-495b-9aea-90847fdd1858,3,,no,Eragrostis rigidior<br/>Indigofera schimperi<br/>Ocimum americanum,,Eragrostis rigidior<br/>Indigofera schimperi<br/>Ocimum americanum,,,1779360955598.jpg,0.2208135,37.5027333,981.4622293811475,4.65,,uuid:fdf5f121-0a7f-4769-85bb-4717e0361eb4,uuid:fdf5f121-0a7f-4769-85bb-4717e0361eb4/observations/quadrat_repeat[17]
18,,yes,no,3c3ff64b-92fd-4d60-9022-63a7c599e108 e3454aa0-e2f6-495b-9aea-90847fdd1858 7bad79fe-2bdc-435c-acab-1246afb4fc19,3,,no,Eragrostis rigidior<br/>Indigofera schimperi<br/>Ocimum americanum,,Eragrostis rigidior<br/>Indigofera schimperi<br/>Ocimum americanum,,,1779361020147.jpg,0.2207870,37.5026562,982.54042160742,3.6,,uuid:fdf5f121-0a7f-4769-85bb-4717e0361eb4,uuid:fdf5f121-0a7f-4769-85bb-4717e0361eb4/observations/quadrat_repeat[18]
19,,yes,no,7bad79fe-2bdc-435c-acab-1246afb4fc19 3c3ff64b-92fd-4d60-9022-63a7c599e108 e3454aa0-e2f6-495b-9aea-90847fdd1858,3,,yes,Eragrostis rigidior<br/>Indigofera schimperi<br/>Ocimum americanum,herb_053,Eragrostis rigidior<br/>Indigofera schimperi<br/>Ocimum americanum<br/>herb_053,,,1779361098284.jpg,0.2207504,37.5026286,984.0808775891738,4.4,,uuid:fdf5f121-0a7f-4769-85bb-4717e0361eb4,uuid:fdf5f121-0a7f-4769-85bb-4717e0361eb4/observations/quadrat_repeat[19]
20,,yes,no,b53b3d79-30f5-4ac3-995e-d1e00442200e 3c3ff64b-92fd-4d60-9022-63a7c599e108,2,,yes,Abutilon angulatum<br/>Ocimum americanum,herb_010,Abutilon angulatum<br/>Ocimum americanum<br/>herb_010,,,1779361266115.jpg,0.2207482,37.5025056,983.8650916279717,4.1,,uuid:fdf5f121-0a7f-4769-85bb-4717e0361eb4,uuid:fdf5f121-0a7f-4769-85bb-4717e0361eb4/observations/quadrat_repeat[20]
1,,yes,no,e3454aa0-e2f6-495b-9aea-90847fdd1858 f407986d-94a5-4fa9-a058-b9f183687960,2,,yes,Indigofera schimperi<br/>Sida cordifolia,Tephrosia purpurea,Indigofera schimperi<br/>Sida cordifolia<br/>Tephrosia purpurea,,,1779352554112.jpg,0.2197140,37.4988958,985.7,2.7,,uuid:3865525f-1d45-40fc-83ca-7e30fafe6b54,uuid:3865525f-1d45-40fc-83ca-7e30fafe6b54/observations/quadrat_repeat[1]
2,,yes,no,972e3d35-071b-4b53-b1f6-8741e2fa6eaf,1,,yes,Merremia verecunda,herb_045<br/>herb_048 (Thunbergia reticulata),Merremia verecunda<br/>herb_045<br/>herb_048 (Thunbergia reticulata),,,1779353112453.jpg,0.2197093,37.4989399,986.5499853277994,2.1,,uuid:3865525f-1d45-40fc-83ca-7e30fafe6b54,uuid:3865525f-1d45-40fc-83ca-7e30fafe6b54/observations/quadrat_repeat[2]
3,,yes,no,e3454aa0-e2f6-495b-9aea-90847fdd1858,1,,yes,Indigofera schimperi,herb_045<br/>herb_049,Indigofera schimperi<br/>herb_045<br/>herb_049,,,1779353533362.jpg,0.2197129,37.4989992,987.7775700365592,2.2,,uuid:3865525f-1d45-40fc-83ca-7e30fafe6b54,uuid:3865525f-1d45-40fc-83ca-7e30fafe6b54/observations/quadrat_repeat[3]
4,,yes,no,e3454aa0-e2f6-495b-9aea-90847fdd1858 f407986d-94a5-4fa9-a058-b9f183687960 8fb56826-0f75-4fd9-afc2-f995f704dbcf,3,,yes,Indigofera schimperi<br/>Sida cordifolia<br/>Hibiscus micranthus,herb_024,Indigofera schimperi<br/>Sida cordifolia<br/>Hibiscus micranthus<br/>herb_024,,,1779353813652.jpg,0.2197138,37.4990027,985.0826651556902,2.7,,uuid:3865525f-1d45-40fc-83ca-7e30fafe6b54,uuid:3865525f-1d45-40fc-83ca-7e30fafe6b54/observations/quadrat_repeat[4]
5,,yes,no,e3454aa0-e2f6-495b-9aea-90847fdd1858 8fb56826-0f75-4fd9-afc2-f995f704dbcf,2,,yes,Indigofera schimperi<br/>Hibiscus micranthus,Tephrosia purpurea<br/>herb_045<br/>herb_049<br/>Senna obtusifolia,Indigofera schimperi<br/>Hibiscus micranthus<br/>Tephrosia purpurea<br/>herb_045<br/>herb_049<br/>Senna obtusifolia,,,1779354033748.jpg,0.2196930,37.4991896,985.3493072312037,3.95,,uuid:3865525f-1d45-40fc-83ca-7e30fafe6b54,uuid:3865525f-1d45-40fc-83ca-7e30fafe6b54/observations/quadrat_repeat[5]
6,,yes,no,e3454aa0-e2f6-495b-9aea-90847fdd1858,1,,yes,Indigofera schimperi,herb_024<br/>herb_045,Indigofera schimperi<br/>herb_024<br/>herb_045,,,1779354154040.jpg,0.2196419,37.4991281,986.0274736817097,3.0,,uuid:3865525f-1d45-40fc-83ca-7e30fafe6b54,uuid:3865525f-1d45-40fc-83ca-7e30fafe6b54/observations/quadrat_repeat[6]
7,,yes,no,e3454aa0-e2f6-495b-9aea-90847fdd1858,1,,yes,Indigofera schimperi,herb_045,Indigofera schimperi<br/>herb_045,,,1779354210526.jpg,0.2196327,37.4991576,986.9,3.5,,uuid:3865525f-1d45-40fc-83ca-7e30fafe6b54,uuid:3865525f-1d45-40fc-83ca-7e30fafe6b54/observations/quadrat_repeat[7]
8,,yes,no,e3454aa0-e2f6-495b-9aea-90847fdd1858 3c3ff64b-92fd-4d60-9022-63a7c599e108,2,,yes,Indigofera schimperi<br/>Ocimum americanum,herb_024,Indigofera schimperi<br/>Ocimum americanum<br/>herb_024,,,1779354294217.jpg,0.2196723,37.4991868,986.2159866444671,3.2,,uuid:3865525f-1d45-40fc-83ca-7e30fafe6b54,uuid:3865525f-1d45-40fc-83ca-7e30fafe6b54/observations/quadrat_repeat[8]
9,,yes,no,e3454aa0-e2f6-495b-9aea-90847fdd1858,1,,yes,Indigofera schimperi,,Indigofera schimperi,,,1779354331306.jpg,0.2196746,37.4992198,984.850265354407,2.7,,uuid:3865525f-1d45-40fc-83ca-7e30fafe6b54,uuid:3865525f-1d45-40fc-83ca-7e30fafe6b54/observations/quadrat_repeat[9]
10,,yes,no,e3454aa0-e2f6-495b-9aea-90847fdd1858,1,,yes,Indigofera schimperi,Macrotalyma daltonii,Indigofera schimperi<br/>Macrotalyma daltonii,,,1779354380872.jpg,0.2196200,37.4992906,983.7557232221337,3.4,,uuid:3865525f-1d45-40fc-83ca-7e30fafe6b54,uuid:3865525f-1d45-40fc-83ca-7e30fafe6b54/observations/quadrat_repeat[10]
11,,yes,no,883b0fcc-8eea-4779-b237-22e299be16fc e3454aa0-e2f6-495b-9aea-90847fdd1858 d28bc79a-42b8-4cf2-991b-acd944f819fa 3c3ff64b-92fd-4d60-9022-63a7c599e108,4,,yes,Indigofera schimperi<br/>Commelina benghalensis<br/>Ocimum americanum<br/>Pupalia lappacea,Macrotalyma daltonii,Indigofera schimperi<br/>Commelina benghalensis<br/>Ocimum americanum<br/>Pupalia lappacea<br/>Macrotalyma daltonii,,,1779354463543.jpg,0.2196152,37.4992917,983.7944331839249,2.85,,uuid:3865525f-1d45-40fc-83ca-7e30fafe6b54,uuid:3865525f-1d45-40fc-83ca-7e30fafe6b54/observations/quadrat_repeat[11]
12,,yes,no,008f3da5-910b-4d85-a844-c5ab8b75fcd8 e3454aa0-e2f6-495b-9aea-90847fdd1858,2,,yes,Aristida adscensionis<br/>Indigofera schimperi,herb_024<br/>herb_050 (Hibiscus sidiformis),Aristida adscensionis<br/>Indigofera schimperi<br/>herb_024<br/>herb_050 (Hibiscus sidiformis),,,1779355028506.jpg,0.2195910,37.4992148,979.2,2.5,,uuid:3865525f-1d45-40fc-83ca-7e30fafe6b54,uuid:3865525f-1d45-40fc-83ca-7e30fafe6b54/observations/quadrat_repeat[12]
13,,yes,no,e3454aa0-e2f6-495b-9aea-90847fdd1858,1,,yes,Indigofera schimperi,herb_045<br/>Tephrosia purpurea<br/>Xenostegia tridentata<br/>herb_049,Indigofera schimperi<br/>herb_045<br/>Tephrosia purpurea<br/>Xenostegia tridentata<br/>herb_049,,,1779355186768.jpg,0.2196356,37.4992509,982.3775982666432,2.5,,uuid:3865525f-1d45-40fc-83ca-7e30fafe6b54,uuid:3865525f-1d45-40fc-83ca-7e30fafe6b54/observations/quadrat_repeat[13]
14,,yes,no,e3454aa0-e2f6-495b-9aea-90847fdd1858,1,,yes,Indigofera schimperi,herb_045<br/>herb_049,Indigofera schimperi<br/>herb_045<br/>herb_049,,,1779355252458.jpg,0.2196092,37.4991505,982.5666918729358,3.0,,uuid:3865525f-1d45-40fc-83ca-7e30fafe6b54,uuid:3865525f-1d45-40fc-83ca-7e30fafe6b54/observations/quadrat_repeat[14]
15,,yes,no,e3454aa0-e2f6-495b-9aea-90847fdd1858 8fb56826-0f75-4fd9-afc2-f995f704dbcf 4c3c1743-5505-4c19-8499-5f3f89bcc48f,3,,yes,Indigofera schimperi<br/>Perotis patens<br/>Hibiscus micranthus,herb_012<br/>herb_024<br/>herb_045<br/>Panicum hirtum,Indigofera schimperi<br/>Perotis patens<br/>Hibiscus micranthus<br/>herb_012<br/>herb_024<br/>herb_045<br/>Panicum hirtum,,,1779355373511.jpg,0.2196523,37.4990845,982.7557896370428,3.3,,uuid:3865525f-1d45-40fc-83ca-7e30fafe6b54,uuid:3865525f-1d45-40fc-83ca-7e30fafe6b54/observations/quadrat_repeat[15]
16,,yes,no,e3454aa0-e2f6-495b-9aea-90847fdd1858 8fb56826-0f75-4fd9-afc2-f995f704dbcf,2,,no,Indigofera schimperi<br/>Hibiscus micranthus,,Indigofera schimperi<br/>Hibiscus micranthus,,,1779355415071.jpg,0.2196323,37.4990632,982.372160122182,3.9,,uuid:3865525f-1d45-40fc-83ca-7e30fafe6b54,uuid:3865525f-1d45-40fc-83ca-7e30fafe6b54/observations/quadrat_repeat[16]
17,,yes,no,3c3ff64b-92fd-4d60-9022-63a7c599e108 f407986d-94a5-4fa9-a058-b9f183687960,2,,yes,Ocimum americanum<br/>Sida cordifolia,herb_024<br/>herb_045,Ocimum americanum<br/>Sida cordifolia<br/>herb_024<br/>herb_045,,,1779355515947.jpg,0.2195922,37.4989911,982.8443461685015,2.55,,uuid:3865525f-1d45-40fc-83ca-7e30fafe6b54,uuid:3865525f-1d45-40fc-83ca-7e30fafe6b54/observations/quadrat_repeat[17]
18,,yes,no,8fb56826-0f75-4fd9-afc2-f995f704dbcf e3454aa0-e2f6-495b-9aea-90847fdd1858,2,,yes,Indigofera schimperi<br/>Hibiscus micranthus,herb_045,Indigofera schimperi<br/>Hibiscus micranthus<br/>herb_045,,,1779355559469.jpg,0.2196721,37.4989791,982.1781913703995,2.5,,uuid:3865525f-1d45-40fc-83ca-7e30fafe6b54,uuid:3865525f-1d45-40fc-83ca-7e30fafe6b54/observations/quadrat_repeat[18]
19,,yes,no,8fb56826-0f75-4fd9-afc2-f995f704dbcf,1,,yes,Hibiscus micranthus,Panicum hirtum,Hibiscus micranthus<br/>Panicum hirtum,,,1779355637240.jpg,0.2196511,37.4989182,981.1223643949709,4.2,,uuid:3865525f-1d45-40fc-83ca-7e30fafe6b54,uuid:3865525f-1d45-40fc-83ca-7e30fafe6b54/observations/quadrat_repeat[19]
20,,yes,no,8fb56826-0f75-4fd9-afc2-f995f704dbcf,1,,yes,Hibiscus micranthus,Panicum hirtum<br/>herb_051 (Boerhavia coccinea),Hibiscus micranthus<br/>Panicum hirtum<br/>herb_051 (Boerhavia coccinea),,,1779355964208.jpg,0.2196484,37.4988998,979.3667727981693,2.4,,uuid:3865525f-1d45-40fc-83ca-7e30fafe6b54,uuid:3865525f-1d45-40fc-83ca-7e30fafe6b54/observations/quadrat_repeat[20]
1,,yes,no,e3454aa0-e2f6-495b-9aea-90847fdd1858 f407986d-94a5-4fa9-a058-b9f183687960,2,,yes,Indigofera schimperi<br/>Sida cordifolia,Tephrosia purpurea,Indigofera schimperi<br/>Sida cordifolia<br/>Tephrosia purpurea,,,1779344482849.jpg,0.2210138,37.4963010,989.0608242784828,3.6,,uuid:c17516f9-53dd-4fda-b4e6-e257068198b9,uuid:c17516f9-53dd-4fda-b4e6-e257068198b9/observations/quadrat_repeat[1]
2,,yes,no,e3454aa0-e2f6-495b-9aea-90847fdd1858 3c3ff64b-92fd-4d60-9022-63a7c599e108,2,,yes,Indigofera schimperi<br/>Ocimum americanum,Tephrosia purpurea<br/>herb_043 (Striga gesnerioides),Indigofera schimperi<br/>Ocimum americanum<br/>Tephrosia purpurea<br/>herb_043 (Striga gesnerioides),,,1779344934406.jpg,0.2209956,37.4963601,988.0211746757243,2.6,,uuid:c17516f9-53dd-4fda-b4e6-e257068198b9,uuid:c17516f9-53dd-4fda-b4e6-e257068198b9/observations/quadrat_repeat[2]
3,,yes,no,e3454aa0-e2f6-495b-9aea-90847fdd1858,1,,no,Indigofera schimperi,,Indigofera schimperi,,,1779345043673.jpg,0.2210010,37.4964258,988.4934073863363,2.25,,uuid:c17516f9-53dd-4fda-b4e6-e257068198b9,uuid:c17516f9-53dd-4fda-b4e6-e257068198b9/observations/quadrat_repeat[3]
4,,yes,no,e3454aa0-e2f6-495b-9aea-90847fdd1858,1,,yes,Indigofera schimperi,Tephrosia purpurea<br/>Evolvulus alsinoides <br/>herb_044,Indigofera schimperi<br/>Tephrosia purpurea<br/>Evolvulus alsinoides <br/>herb_044,,,1779345533292.jpg,0.2209527,37.4964587,983.8,3.6,,uuid:c17516f9-53dd-4fda-b4e6-e257068198b9,uuid:c17516f9-53dd-4fda-b4e6-e257068198b9/observations/quadrat_repeat[4]
5,,yes,no,e3454aa0-e2f6-495b-9aea-90847fdd1858 008f3da5-910b-4d85-a844-c5ab8b75fcd8,2,,no,Aristida adscensionis<br/>Indigofera schimperi,,Aristida adscensionis<br/>Indigofera schimperi,,,1779345972501.jpg,0.2209915,37.4964560,986.9495478396535,3.1,,uuid:c17516f9-53dd-4fda-b4e6-e257068198b9,uuid:c17516f9-53dd-4fda-b4e6-e257068198b9/observations/quadrat_repeat[5]
6,,yes,no,e3454aa0-e2f6-495b-9aea-90847fdd1858 8fb56826-0f75-4fd9-afc2-f995f704dbcf 3c3ff64b-92fd-4d60-9022-63a7c599e108 008f3da5-910b-4d85-a844-c5ab8b75fcd8 cdc30e17-bf4f-4243-9c0b-0698d69bc373,5,,no,Aristida adscensionis<br/>Indigofera schimperi<br/>Ocimum americanum<br/>Pogonarthria squarrosa<br/>Hibiscus micranthus,,Aristida adscensionis<br/>Indigofera schimperi<br/>Ocimum americanum<br/>Pogonarthria squarrosa<br/>Hibiscus micranthus,,,1779346235083.jpg,0.2209236,37.4965471,986.8549942860661,4.05,,uuid:c17516f9-53dd-4fda-b4e6-e257068198b9,uuid:c17516f9-53dd-4fda-b4e6-e257068198b9/observations/quadrat_repeat[6]
7,,yes,no,e3454aa0-e2f6-495b-9aea-90847fdd1858 008f3da5-910b-4d85-a844-c5ab8b75fcd8 cdc30e17-bf4f-4243-9c0b-0698d69bc373 883b0fcc-8eea-4779-b237-22e299be16fc d28bc79a-42b8-4cf2-991b-acd944f819fa,5,,yes,Aristida adscensionis<br/>Indigofera schimperi<br/>Commelina benghalensis<br/>Pogonarthria squarrosa<br/>Pupalia lappacea,herb_010,Aristida adscensionis<br/>Indigofera schimperi<br/>Commelina benghalensis<br/>Pogonarthria squarrosa<br/>Pupalia lappacea<br/>herb_010,,,1779346567454.jpg,0.2208775,37.4965499,989.2108939323927,3.6,,uuid:c17516f9-53dd-4fda-b4e6-e257068198b9,uuid:c17516f9-53dd-4fda-b4e6-e257068198b9/observations/quadrat_repeat[7]
8,,yes,no,883b0fcc-8eea-4779-b237-22e299be16fc 3c3ff64b-92fd-4d60-9022-63a7c599e108 205ebff1-7ff4-472d-8e20-9472eb0c5824,3,,yes,Commelina benghalensis<br/>Ocimum americanum<br/>Pavonia senegalensis,herb_010<br/>herb_012,Commelina benghalensis<br/>Ocimum americanum<br/>Pavonia senegalensis<br/>herb_010<br/>herb_012,,,1779346850362.jpg,0.2208753,37.4966528,983.8,3.3,,uuid:c17516f9-53dd-4fda-b4e6-e257068198b9,uuid:c17516f9-53dd-4fda-b4e6-e257068198b9/observations/quadrat_repeat[8]
9,,yes,no,d28bc79a-42b8-4cf2-991b-acd944f819fa 883b0fcc-8eea-4779-b237-22e299be16fc 008f3da5-910b-4d85-a844-c5ab8b75fcd8,3,,yes,Aristida adscensionis<br/>Commelina benghalensis<br/>Pupalia lappacea,Macrotalyma daltonii,Aristida adscensionis<br/>Commelina benghalensis<br/>Pupalia lappacea<br/>Macrotalyma daltonii,,,1779347037921.jpg,0.2208755,37.4966962,980.3612983515399,2.7,,uuid:c17516f9-53dd-4fda-b4e6-e257068198b9,uuid:c17516f9-53dd-4fda-b4e6-e257068198b9/observations/quadrat_repeat[9]
10,,yes,no,e3454aa0-e2f6-495b-9aea-90847fdd1858 cdc30e17-bf4f-4243-9c0b-0698d69bc373,2,,yes,Indigofera schimperi<br/>Pogonarthria squarrosa,Tephrosia purpurea,Indigofera schimperi<br/>Pogonarthria squarrosa<br/>Tephrosia purpurea,,,1779347132261.jpg,0.2208390,37.4966687,980.4498288908534,2.2,,uuid:c17516f9-53dd-4fda-b4e6-e257068198b9,uuid:c17516f9-53dd-4fda-b4e6-e257068198b9/observations/quadrat_repeat[10]
11,,yes,no,e3454aa0-e2f6-495b-9aea-90847fdd1858 008f3da5-910b-4d85-a844-c5ab8b75fcd8 cdc30e17-bf4f-4243-9c0b-0698d69bc373 d28bc79a-42b8-4cf2-991b-acd944f819fa 883b0fcc-8eea-4779-b237-22e299be16fc,5,,yes,Aristida adscensionis<br/>Indigofera schimperi<br/>Commelina benghalensis<br/>Pogonarthria squarrosa<br/>Pupalia lappacea,Macrotalyma daltonii,Aristida adscensionis<br/>Indigofera schimperi<br/>Commelina benghalensis<br/>Pogonarthria squarrosa<br/>Pupalia lappacea<br/>Macrotalyma daltonii,,,1779347294322.jpg,0.2208274,37.4967980,979.9776273013462,3.5,,uuid:c17516f9-53dd-4fda-b4e6-e257068198b9,uuid:c17516f9-53dd-4fda-b4e6-e257068198b9/observations/quadrat_repeat[11]
12,,yes,no,e3454aa0-e2f6-495b-9aea-90847fdd1858 cdc30e17-bf4f-4243-9c0b-0698d69bc373 42b6fdde-7193-48e4-8a16-488eae05fab9,3,,no,Indigofera schimperi<br/>Ipomoea coptica<br/>Pogonarthria squarrosa,,Indigofera schimperi<br/>Ipomoea coptica<br/>Pogonarthria squarrosa,,,1779347480268.jpg,0.2208988,37.4967362,979.983077899554,3.4,,uuid:c17516f9-53dd-4fda-b4e6-e257068198b9,uuid:c17516f9-53dd-4fda-b4e6-e257068198b9/observations/quadrat_repeat[12]
13,,yes,no,e3454aa0-e2f6-495b-9aea-90847fdd1858 008f3da5-910b-4d85-a844-c5ab8b75fcd8,2,,yes,Aristida adscensionis<br/>Indigofera schimperi,herb_045<br/>Macrotalyma daltonii,Aristida adscensionis<br/>Indigofera schimperi<br/>herb_045<br/>Macrotalyma daltonii,,,1779347920685.jpg,0.2208602,37.4965818,979.3163580313925,2.8,,uuid:c17516f9-53dd-4fda-b4e6-e257068198b9,uuid:c17516f9-53dd-4fda-b4e6-e257068198b9/observations/quadrat_repeat[13]
14,,yes,no,e3454aa0-e2f6-495b-9aea-90847fdd1858 7bad79fe-2bdc-435c-acab-1246afb4fc19 cdc30e17-bf4f-4243-9c0b-0698d69bc373,3,,yes,Eragrostis rigidior<br/>Indigofera schimperi<br/>Pogonarthria squarrosa,,Eragrostis rigidior<br/>Indigofera schimperi<br/>Pogonarthria squarrosa,,,1779348100515.jpg,0.2208592,37.4965655,979.4163549130309,4.314,,uuid:c17516f9-53dd-4fda-b4e6-e257068198b9,uuid:c17516f9-53dd-4fda-b4e6-e257068198b9/observations/quadrat_repeat[14]
15,,yes,no,e3454aa0-e2f6-495b-9aea-90847fdd1858 008f3da5-910b-4d85-a844-c5ab8b75fcd8 3c3ff64b-92fd-4d60-9022-63a7c599e108 883b0fcc-8eea-4779-b237-22e299be16fc d28bc79a-42b8-4cf2-991b-acd944f819fa,5,,yes,Aristida adscensionis<br/>Indigofera schimperi<br/>Commelina benghalensis<br/>Ocimum americanum<br/>Pupalia lappacea,herb_010<br/>Macrotalyma daltonii<br/>herb_045,Aristida adscensionis<br/>Indigofera schimperi<br/>Commelina benghalensis<br/>Ocimum americanum<br/>Pupalia lappacea<br/>herb_010<br/>Macrotalyma daltonii<br/>herb_045,,,1779348248376.jpg,0.2208156,37.4965814,979.133295666843,3.9,,uuid:c17516f9-53dd-4fda-b4e6-e257068198b9,uuid:c17516f9-53dd-4fda-b4e6-e257068198b9/observations/quadrat_repeat[15]
16,,yes,no,d28bc79a-42b8-4cf2-991b-acd944f819fa f407986d-94a5-4fa9-a058-b9f183687960,2,,yes,Pupalia lappacea<br/>Sida cordifolia,herb_042<br/>herb_046 (Senna obtusifolia)<br/>herb_047 (Panicum hirtum),Pupalia lappacea<br/>Sida cordifolia<br/>herb_042<br/>herb_046 (Senna obtusifolia)<br/>herb_047 (Panicum hirtum),,,1779349245858.jpg,0.2209393,37.4964751,973.8,3.5,,uuid:c17516f9-53dd-4fda-b4e6-e257068198b9,uuid:c17516f9-53dd-4fda-b4e6-e257068198b9/observations/quadrat_repeat[16]
17,,yes,no,e3454aa0-e2f6-495b-9aea-90847fdd1858,1,,no,Indigofera schimperi,,Indigofera schimperi,,,1779349306351.jpg,0.2209364,37.4965246,982.8170735782899,3.6,,uuid:c17516f9-53dd-4fda-b4e6-e257068198b9,uuid:c17516f9-53dd-4fda-b4e6-e257068198b9/observations/quadrat_repeat[17]
18,,yes,no,e3454aa0-e2f6-495b-9aea-90847fdd1858 3c3ff64b-92fd-4d60-9022-63a7c599e108 f407986d-94a5-4fa9-a058-b9f183687960,3,,yes,Indigofera schimperi<br/>Ocimum americanum<br/>Sida cordifolia,herb_029<br/>herb_044,Indigofera schimperi<br/>Ocimum americanum<br/>Sida cordifolia<br/>herb_029<br/>herb_044,,,1779349546473.jpg,0.2208951,37.4965141,974.8499120266918,4.4,,uuid:c17516f9-53dd-4fda-b4e6-e257068198b9,uuid:c17516f9-53dd-4fda-b4e6-e257068198b9/observations/quadrat_repeat[18]
19,,yes,no,e3454aa0-e2f6-495b-9aea-90847fdd1858 f407986d-94a5-4fa9-a058-b9f183687960 cdc30e17-bf4f-4243-9c0b-0698d69bc373 c1a4c299-0f56-4c4b-92f9-b39be88b0291,4,,yes,Indigofera schimperi<br/>Oxygonum alatum<br/>Pogonarthria squarrosa<br/>Sida cordifolia,Tephrosia purpurea<br/>herb_043,Indigofera schimperi<br/>Oxygonum alatum<br/>Pogonarthria squarrosa<br/>Sida cordifolia<br/>Tephrosia purpurea<br/>herb_043,,,1779349741169.jpg,0.2209614,37.4964006,974.0,3.6,,uuid:c17516f9-53dd-4fda-b4e6-e257068198b9,uuid:c17516f9-53dd-4fda-b4e6-e257068198b9/observations/quadrat_repeat[19]
20,,yes,no,f407986d-94a5-4fa9-a058-b9f183687960 d28bc79a-42b8-4cf2-991b-acd944f819fa,2,,yes,Pupalia lappacea<br/>Sida cordifolia,Macrotalyma daltonii,Pupalia lappacea<br/>Sida cordifolia<br/>Macrotalyma daltonii,,,1779349912135.jpg,0.2204828,37.4964511,973.9054869346252,5.0,,uuid:c17516f9-53dd-4fda-b4e6-e257068198b9,uuid:c17516f9-53dd-4fda-b4e6-e257068198b9/observations/quadrat_repeat[20]
1,,yes,yes,,0,,yes,,Macrotalyma daltonii<br/>herb_010<br/>herb_026,Macrotalyma daltonii<br/>herb_010<br/>herb_026,,,1779283590522.jpg,0.2223266,37.4759082,970.0840951526515,4.3,,uuid:967cb42c-f21a-4ba6-92be-81cd6d2b0e8d,uuid:967cb42c-f21a-4ba6-92be-81cd6d2b0e8d/observations/quadrat_repeat[1]
2,,yes,yes,,0,,yes,,Macrotalyma daltonii<br/>herb_036,Macrotalyma daltonii<br/>herb_036,,,1779283668048.jpg,0.2222305,37.4759525,970.9051087505834,4.3,,uuid:967cb42c-f21a-4ba6-92be-81cd6d2b0e8d,uuid:967cb42c-f21a-4ba6-92be-81cd6d2b0e8d/observations/quadrat_repeat[2]
3,,yes,no,51a3efb3-9fe9-44f9-a052-11661a7152a1 cdc30e17-bf4f-4243-9c0b-0698d69bc373,2,,yes,Dactyloctenium giganteum<br/>Pogonarthria squarrosa,herb_037,Dactyloctenium giganteum<br/>Pogonarthria squarrosa<br/>herb_037,,,1779283754386.jpg,0.2221550,37.4759746,970.7892028562046,4.1,,uuid:967cb42c-f21a-4ba6-92be-81cd6d2b0e8d,uuid:967cb42c-f21a-4ba6-92be-81cd6d2b0e8d/observations/quadrat_repeat[3]
4,,yes,yes,,0,,yes,,Macrotalyma daltonii<br/>herb_010<br/>herb_038<br/>herb_039,Macrotalyma daltonii<br/>herb_010<br/>herb_038<br/>herb_039,,,1779283871526.jpg,0.2220260,37.4760467,971.3789843144621,4.4,,uuid:967cb42c-f21a-4ba6-92be-81cd6d2b0e8d,uuid:967cb42c-f21a-4ba6-92be-81cd6d2b0e8d/observations/quadrat_repeat[4]
5,,yes,yes,,0,,yes,,Rhynchosia totta<br/>herb_038<br/>herb_039,Rhynchosia totta<br/>herb_038<br/>herb_039,,,1779284090831.jpg,0.2220150,37.4760008,971.9687845621339,4.3,,uuid:967cb42c-f21a-4ba6-92be-81cd6d2b0e8d,uuid:967cb42c-f21a-4ba6-92be-81cd6d2b0e8d/observations/quadrat_repeat[5]
6,,yes,yes,,0,,yes,,Rhynchosia totta<br/>herb_038<br/>herb_040 (Aristida scabrivalvis),Rhynchosia totta<br/>herb_038<br/>herb_040 (Aristida scabrivalvis),,,1779284443522.jpg,0.2221483,37.4761530,973.3962041903136,3.2,,uuid:967cb42c-f21a-4ba6-92be-81cd6d2b0e8d,uuid:967cb42c-f21a-4ba6-92be-81cd6d2b0e8d/observations/quadrat_repeat[6]
7,,yes,no,d28bc79a-42b8-4cf2-991b-acd944f819fa,1,,yes,Pupalia lappacea,Macrotalyma daltonii,Pupalia lappacea<br/>Macrotalyma daltonii,,,1779284621952.jpg,0.2220442,37.4762036,974.7962877614073,4.3,,uuid:967cb42c-f21a-4ba6-92be-81cd6d2b0e8d,uuid:967cb42c-f21a-4ba6-92be-81cd6d2b0e8d/observations/quadrat_repeat[7]
8,,yes,yes,,0,,yes,,herb_038,herb_038,,,1779284699076.jpg,0.2220729,37.4762013,971.1,4.683,,uuid:967cb42c-f21a-4ba6-92be-81cd6d2b0e8d,uuid:967cb42c-f21a-4ba6-92be-81cd6d2b0e8d/observations/quadrat_repeat[8]
9,,yes,yes,,0,,yes,,herb_010<br/>herb_038,herb_010<br/>herb_038,,,1779284797191.jpg,0.2220077,37.4762738,971.0065042155437,3.7,,uuid:967cb42c-f21a-4ba6-92be-81cd6d2b0e8d,uuid:967cb42c-f21a-4ba6-92be-81cd6d2b0e8d/observations/quadrat_repeat[9]
10,,yes,no,cdc30e17-bf4f-4243-9c0b-0698d69bc373,1,,yes,Pogonarthria squarrosa,herb_009<br/>herb_010,Pogonarthria squarrosa<br/>herb_009<br/>herb_010,,,1779284940954.jpg,0.2220728,37.4762546,972.7050888722268,4.74,,uuid:967cb42c-f21a-4ba6-92be-81cd6d2b0e8d,uuid:967cb42c-f21a-4ba6-92be-81cd6d2b0e8d/observations/quadrat_repeat[10]
11,,yes,no,cdc30e17-bf4f-4243-9c0b-0698d69bc373,1,,yes,Pogonarthria squarrosa,herb_041 (Pogonarthria fleckii),Pogonarthria squarrosa<br/>herb_041 (Pogonarthria fleckii),,,1779285478086.jpg,0.2220366,37.4762767,979.4,2.7,,uuid:967cb42c-f21a-4ba6-92be-81cd6d2b0e8d,uuid:967cb42c-f21a-4ba6-92be-81cd6d2b0e8d/observations/quadrat_repeat[11]
12,,yes,yes,,0,,yes,,herb_010<br/>herb_042,herb_010<br/>herb_042,,,1779286594272.jpg,0.2219603,37.4761861,973.1209446608002,4.2,,uuid:967cb42c-f21a-4ba6-92be-81cd6d2b0e8d,uuid:967cb42c-f21a-4ba6-92be-81cd6d2b0e8d/observations/quadrat_repeat[12]
13,,no,,,,,,,,,,,1779285658355.jpg,0.2220424,37.4762270,973.2158516053174,3.8,,uuid:967cb42c-f21a-4ba6-92be-81cd6d2b0e8d,uuid:967cb42c-f21a-4ba6-92be-81cd6d2b0e8d/observations/quadrat_repeat[13]
14,,yes,yes,,0,,yes,,Macrotalyma daltonii<br/>herb_038,Macrotalyma daltonii<br/>herb_038,,,1779285820789.jpg,0.2220636,37.4762254,981.4107575087282,4.4,,uuid:967cb42c-f21a-4ba6-92be-81cd6d2b0e8d,uuid:967cb42c-f21a-4ba6-92be-81cd6d2b0e8d/observations/quadrat_repeat[14]
15,,yes,yes,,0,,yes,,herb_039,herb_039,,,1779285911907.jpg,0.2220700,37.4761147,981.5050888722269,4.35,,uuid:967cb42c-f21a-4ba6-92be-81cd6d2b0e8d,uuid:967cb42c-f21a-4ba6-92be-81cd6d2b0e8d/observations/quadrat_repeat[15]
16,,yes,yes,,0,,yes,,Macrotalyma daltonii<br/>herb_039,Macrotalyma daltonii<br/>herb_039,,,1779285970149.jpg,0.2220387,37.4760784,981.6,4.3,,uuid:967cb42c-f21a-4ba6-92be-81cd6d2b0e8d,uuid:967cb42c-f21a-4ba6-92be-81cd6d2b0e8d/observations/quadrat_repeat[16]
17,,yes,yes,,0,,yes,,herb_010<br/>Macrotalyma daltonii<br/>herb_026,herb_010<br/>Macrotalyma daltonii<br/>herb_026,,,1779286647999.jpg,0.2220974,37.4760593,982.253659080096,4.2,,uuid:967cb42c-f21a-4ba6-92be-81cd6d2b0e8d,uuid:967cb42c-f21a-4ba6-92be-81cd6d2b0e8d/observations/quadrat_repeat[17]
18,,yes,yes,,0,,yes,,Macrotalyma daltonii<br/>herb_042<br/>herb_038,Macrotalyma daltonii<br/>herb_042<br/>herb_038,,,1779286743718.jpg,0.2220685,37.4759653,980.7587479523229,3.2,,uuid:967cb42c-f21a-4ba6-92be-81cd6d2b0e8d,uuid:967cb42c-f21a-4ba6-92be-81cd6d2b0e8d/observations/quadrat_repeat[18]
19,,yes,yes,,0,,yes,,herb_010<br/>herb_038,herb_010<br/>herb_038,,,1779286874540.jpg,0.2220840,37.4759181,983.0638284505437,4.3,,uuid:967cb42c-f21a-4ba6-92be-81cd6d2b0e8d,uuid:967cb42c-f21a-4ba6-92be-81cd6d2b0e8d/observations/quadrat_repeat[19]
20,,no,,,,,,,,,,,1779286950707.jpg,0.2220900,37.4759228,981.8587479523229,3.3,,uuid:967cb42c-f21a-4ba6-92be-81cd6d2b0e8d,uuid:967cb42c-f21a-4ba6-92be-81cd6d2b0e8d/observations/quadrat_repeat[20]
1,,yes,no,883b0fcc-8eea-4779-b237-22e299be16fc e3454aa0-e2f6-495b-9aea-90847fdd1858,2,,yes,Indigofera schimperi<br/>Commelina benghalensis,Tephrosia purpurea<br/>herb_031<br/>herb_032 (Rhynchosia minima),Indigofera schimperi<br/>Commelina benghalensis<br/>Tephrosia purpurea<br/>herb_031<br/>herb_032 (Rhynchosia minima),,,1779274554898.jpg,0.2231474,37.4733313,981.0137959318288,3.7,,uuid:ce4f999d-8849-42a9-a870-1205d47b1903,uuid:ce4f999d-8849-42a9-a870-1205d47b1903/observations/quadrat_repeat[1]
2,,yes,no,883b0fcc-8eea-4779-b237-22e299be16fc 008f3da5-910b-4d85-a844-c5ab8b75fcd8,2,,yes,Aristida adscensionis<br/>Commelina benghalensis,herb_033<br/>Tephrosia purpurea,Aristida adscensionis<br/>Commelina benghalensis<br/>herb_033<br/>Tephrosia purpurea,,,1779274682382.jpg,0.2232180,37.4734446,981.3274919541541,3.5,,uuid:ce4f999d-8849-42a9-a870-1205d47b1903,uuid:ce4f999d-8849-42a9-a870-1205d47b1903/observations/quadrat_repeat[2]
3,,yes,yes,,0,,yes,,Macrotalyma daltonii<br/>herb_026,Macrotalyma daltonii<br/>herb_026,,,1779274796322.jpg,0.2232156,37.4734530,981.6821191708519,3.8,,uuid:ce4f999d-8849-42a9-a870-1205d47b1903,uuid:ce4f999d-8849-42a9-a870-1205d47b1903/observations/quadrat_repeat[3]
4,,yes,no,d28bc79a-42b8-4cf2-991b-acd944f819fa,1,,yes,Pupalia lappacea,Macrotalyma daltonii<br/>Phyllanthus pantandrus<br/>herb_032,Pupalia lappacea<br/>Macrotalyma daltonii<br/>Phyllanthus pantandrus<br/>herb_032,,,1779274921062.jpg,0.2232463,37.4734577,982.4176105352217,4.46,,uuid:ce4f999d-8849-42a9-a870-1205d47b1903,uuid:ce4f999d-8849-42a9-a870-1205d47b1903/observations/quadrat_repeat[4]
5,,yes,no,d28bc79a-42b8-4cf2-991b-acd944f819fa,1,,yes,Pupalia lappacea,herb_010<br/>herb_034,Pupalia lappacea<br/>herb_010<br/>herb_034,,,1779275349758.jpg,0.2233184,37.4735723,982.0,2.7,,uuid:ce4f999d-8849-42a9-a870-1205d47b1903,uuid:ce4f999d-8849-42a9-a870-1205d47b1903/observations/quadrat_repeat[5]
6,,yes,no,883b0fcc-8eea-4779-b237-22e299be16fc d28bc79a-42b8-4cf2-991b-acd944f819fa,2,,yes,Commelina benghalensis<br/>Pupalia lappacea,Macrotalyma daltonii<br/>herb_034<br/>herb_035,Commelina benghalensis<br/>Pupalia lappacea<br/>Macrotalyma daltonii<br/>herb_034<br/>herb_035,,,1779276039235.jpg,0.2232991,37.4735300,984.8,2.45,,uuid:ce4f999d-8849-42a9-a870-1205d47b1903,uuid:ce4f999d-8849-42a9-a870-1205d47b1903/observations/quadrat_repeat[6]
7,,yes,no,e3454aa0-e2f6-495b-9aea-90847fdd1858 cdc30e17-bf4f-4243-9c0b-0698d69bc373,2,,no,Indigofera schimperi<br/>Pogonarthria squarrosa,,Indigofera schimperi<br/>Pogonarthria squarrosa,,,1779276291848.jpg,0.2231883,37.4735646,983.1411889852568,4.45, ,uuid:ce4f999d-8849-42a9-a870-1205d47b1903,uuid:ce4f999d-8849-42a9-a870-1205d47b1903/observations/quadrat_repeat[7]
8,,yes,no,e3454aa0-e2f6-495b-9aea-90847fdd1858 cdc30e17-bf4f-4243-9c0b-0698d69bc373,2,,yes,Indigofera schimperi<br/>Pogonarthria squarrosa,herb_016<br/>Phyllanthus pantandrus,Indigofera schimperi<br/>Pogonarthria squarrosa<br/>herb_016<br/>Phyllanthus pantandrus,,,1779276431694.jpg,0.2234918,37.4736078,983.3301418984399,4.5,,uuid:ce4f999d-8849-42a9-a870-1205d47b1903,uuid:ce4f999d-8849-42a9-a870-1205d47b1903/observations/quadrat_repeat[8]
9,,yes,no,e3454aa0-e2f6-495b-9aea-90847fdd1858 883b0fcc-8eea-4779-b237-22e299be16fc 008f3da5-910b-4d85-a844-c5ab8b75fcd8,3,,no,Aristida adscensionis<br/>Indigofera schimperi<br/>Commelina benghalensis,,Aristida adscensionis<br/>Indigofera schimperi<br/>Commelina benghalensis,,,1779276590742.jpg,0.2234342,37.4736004,984.1039870346619,3.45,,uuid:ce4f999d-8849-42a9-a870-1205d47b1903,uuid:ce4f999d-8849-42a9-a870-1205d47b1903/observations/quadrat_repeat[9]
10,,yes,no,883b0fcc-8eea-4779-b237-22e299be16fc e3454aa0-e2f6-495b-9aea-90847fdd1858,2,,yes,Indigofera schimperi<br/>Commelina benghalensis,herb_035,Indigofera schimperi<br/>Commelina benghalensis<br/>herb_035,,,1779276911349.jpg,0.2233584,37.4737304,986.2040995837272,3.7,,uuid:ce4f999d-8849-42a9-a870-1205d47b1903,uuid:ce4f999d-8849-42a9-a870-1205d47b1903/observations/quadrat_repeat[10]
11,,yes,no,883b0fcc-8eea-4779-b237-22e299be16fc 8fb56826-0f75-4fd9-afc2-f995f704dbcf,2,,no,Commelina benghalensis<br/>Hibiscus micranthus,,Commelina benghalensis<br/>Hibiscus micranthus,,,1779277128411.jpg,0.2235106,37.4737656,985.6878600463372,2.8,,uuid:ce4f999d-8849-42a9-a870-1205d47b1903,uuid:ce4f999d-8849-42a9-a870-1205d47b1903/observations/quadrat_repeat[11]
12,,yes,no,883b0fcc-8eea-4779-b237-22e299be16fc 008f3da5-910b-4d85-a844-c5ab8b75fcd8,2,,yes,Aristida adscensionis<br/>Commelina benghalensis,Tephrosia purpurea<br/>herb_035,Aristida adscensionis<br/>Commelina benghalensis<br/>Tephrosia purpurea<br/>herb_035,,,1779277253872.jpg,0.2234228,37.4736964,979.604193366885,3.2,,uuid:ce4f999d-8849-42a9-a870-1205d47b1903,uuid:ce4f999d-8849-42a9-a870-1205d47b1903/observations/quadrat_repeat[12]
13,,yes,no,e3454aa0-e2f6-495b-9aea-90847fdd1858 cdc30e17-bf4f-4243-9c0b-0698d69bc373,2,,yes,Indigofera schimperi<br/>Pogonarthria squarrosa,Macrotalyma daltonii,Indigofera schimperi<br/>Pogonarthria squarrosa<br/>Macrotalyma daltonii,,,1779277364892.jpg,0.2233346,37.4737039,979.6999999999999,3.5,,uuid:ce4f999d-8849-42a9-a870-1205d47b1903,uuid:ce4f999d-8849-42a9-a870-1205d47b1903/observations/quadrat_repeat[13]
14,,yes,no,cdc30e17-bf4f-4243-9c0b-0698d69bc373 008f3da5-910b-4d85-a844-c5ab8b75fcd8,2,,yes,Aristida adscensionis<br/>Pogonarthria squarrosa,Macrotalyma daltonii<br/>Macrotalyma daltonii,Aristida adscensionis<br/>Pogonarthria squarrosa<br/>Macrotalyma daltonii<br/>Macrotalyma daltonii,,,1779277450295.jpg,0.2234125,37.4737087,979.9843665632133,3.3,,uuid:ce4f999d-8849-42a9-a870-1205d47b1903,uuid:ce4f999d-8849-42a9-a870-1205d47b1903/observations/quadrat_repeat[14]
15,,yes,no,883b0fcc-8eea-4779-b237-22e299be16fc 972e3d35-071b-4b53-b1f6-8741e2fa6eaf,2,,yes,Commelina benghalensis<br/>Merremia verecunda,herb_029,Commelina benghalensis<br/>Merremia verecunda<br/>herb_029,,,1779277972987.jpg,0.2233917,37.4736146,939.6999999999999,3.25,,uuid:ce4f999d-8849-42a9-a870-1205d47b1903,uuid:ce4f999d-8849-42a9-a870-1205d47b1903/observations/quadrat_repeat[15]
16,,yes,no,883b0fcc-8eea-4779-b237-22e299be16fc 008f3da5-910b-4d85-a844-c5ab8b75fcd8,2,,yes,Aristida adscensionis<br/>Commelina benghalensis,herb_034,Aristida adscensionis<br/>Commelina benghalensis<br/>herb_034,,,1779278090585.jpg,0.2232783,37.4735693,977.246776617147,3.1,,uuid:ce4f999d-8849-42a9-a870-1205d47b1903,uuid:ce4f999d-8849-42a9-a870-1205d47b1903/observations/quadrat_repeat[16]
17,,yes,no,d28bc79a-42b8-4cf2-991b-acd944f819fa,1,,yes,Pupalia lappacea,herb_031<br/>herb_033<br/>Evolvulus alsinoides ,Pupalia lappacea<br/>herb_031<br/>herb_033<br/>Evolvulus alsinoides ,,,1779278277859.jpg,0.2231103,37.4735758,977.2462287706431,4.7,,uuid:ce4f999d-8849-42a9-a870-1205d47b1903,uuid:ce4f999d-8849-42a9-a870-1205d47b1903/observations/quadrat_repeat[17]
18,,yes,no,d28bc79a-42b8-4cf2-991b-acd944f819fa,1,,yes,Pupalia lappacea,Macrotalyma daltonii,Pupalia lappacea<br/>Macrotalyma daltonii,,,1779278389803.jpg,0.2231710,37.4734495,976.7358231831269,4.6,,uuid:ce4f999d-8849-42a9-a870-1205d47b1903,uuid:ce4f999d-8849-42a9-a870-1205d47b1903/observations/quadrat_repeat[18]
19,,yes,no,d28bc79a-42b8-4cf2-991b-acd944f819fa,1,,no,Pupalia lappacea,,Pupalia lappacea,,,1779278622585.jpg,0.2231098,37.4733370,982.8256585638513,3.2,,uuid:ce4f999d-8849-42a9-a870-1205d47b1903,uuid:ce4f999d-8849-42a9-a870-1205d47b1903/observations/quadrat_repeat[19]
20,,yes,no,e3454aa0-e2f6-495b-9aea-90847fdd1858 cdc30e17-bf4f-4243-9c0b-0698d69bc373,2,,yes,Indigofera schimperi<br/>Pogonarthria squarrosa,Evolvulus alsinoides <br/>Tephrosia purpurea,Indigofera schimperi<br/>Pogonarthria squarrosa<br/>Evolvulus alsinoides <br/>Tephrosia purpurea,,,1779278736194.jpg,0.2232201,37.4734258,980.041292000638,3.35,,uuid:ce4f999d-8849-42a9-a870-1205d47b1903,uuid:ce4f999d-8849-42a9-a870-1205d47b1903/observations/quadrat_repeat[20]
1,,yes,no,e3454aa0-e2f6-495b-9aea-90847fdd1858 8fb56826-0f75-4fd9-afc2-f995f704dbcf 205ebff1-7ff4-472d-8e20-9472eb0c5824 35ab514b-f152-4f49-a27b-8d8c0fdd196d,4,,yes,Brachiaria eruciformis<br/>Indigofera schimperi<br/>Pavonia senegalensis<br/>Hibiscus micranthus,herb_010<br/>herb_017<br/>Tephrosia purpurea,Brachiaria eruciformis<br/>Indigofera schimperi<br/>Pavonia senegalensis<br/>Hibiscus micranthus<br/>herb_010<br/>herb_017<br/>Tephrosia purpurea,,,1779259502066.jpg,0.2298490,37.3733051,988.1,4.0,,uuid:e7de35f0-a715-47f1-885f-fd5a0d9a2907,uuid:e7de35f0-a715-47f1-885f-fd5a0d9a2907/observations/quadrat_repeat[1]
2,,yes,no,3c3ff64b-92fd-4d60-9022-63a7c599e108 4c3c1743-5505-4c19-8499-5f3f89bcc48f 883b0fcc-8eea-4779-b237-22e299be16fc 1dc71d7e-f47b-47f5-8dbb-7e82c9867534,4,,yes,Commelina benghalensis<br/>Melinis repens<br/>Ocimum americanum<br/>Perotis patens,herb_016<br/>herb_010<br/>herb_010<br/>herb_018 (Crotolaria heidmannii),Commelina benghalensis<br/>Melinis repens<br/>Ocimum americanum<br/>Perotis patens<br/>herb_016<br/>herb_010<br/>herb_010<br/>herb_018 (Crotolaria heidmannii),,,1779260232714.jpg,0.2298296,37.3732247,988.3,2.4, ,uuid:e7de35f0-a715-47f1-885f-fd5a0d9a2907,uuid:e7de35f0-a715-47f1-885f-fd5a0d9a2907/observations/quadrat_repeat[2]
3,,yes,yes,,0,,yes,,herb_010<br/>Alectra orobanchoides<br/>herb_019<br/>herb_020 (Oldenladia corymbosa),herb_010<br/>Alectra orobanchoides<br/>herb_019<br/>herb_020 (Oldenladia corymbosa),,,1779261691166.jpg,0.2298633,37.3733053,986.6,3.6,,uuid:e7de35f0-a715-47f1-885f-fd5a0d9a2907,uuid:e7de35f0-a715-47f1-885f-fd5a0d9a2907/observations/quadrat_repeat[3]
4,,yes,no,8fb56826-0f75-4fd9-afc2-f995f704dbcf 1dc71d7e-f47b-47f5-8dbb-7e82c9867534 42b6fdde-7193-48e4-8a16-488eae05fab9 7bad79fe-2bdc-435c-acab-1246afb4fc19,4,,yes,Eragrostis rigidior<br/>Ipomoea coptica<br/>Melinis repens<br/>Hibiscus micranthus,herb_017<br/>herb_020<br/>herb_017<br/>Evolvulus alsinoides <br/>herb_016<br/>herb_021,Eragrostis rigidior<br/>Ipomoea coptica<br/>Melinis repens<br/>Hibiscus micranthus<br/>herb_017<br/>herb_020<br/>herb_017<br/>Evolvulus alsinoides <br/>herb_016<br/>herb_021,,,1779261868373.jpg,0.2298576,37.3733475,986.4221319716294,3.5,,uuid:e7de35f0-a715-47f1-885f-fd5a0d9a2907,uuid:e7de35f0-a715-47f1-885f-fd5a0d9a2907/observations/quadrat_repeat[4]
5,,yes,no,1dc71d7e-f47b-47f5-8dbb-7e82c9867534 8fb56826-0f75-4fd9-afc2-f995f704dbcf,2,,yes,Melinis repens<br/>Hibiscus micranthus,Rhynchosia totta<br/>herb_021<br/>herb_017,Melinis repens<br/>Hibiscus micranthus<br/>Rhynchosia totta<br/>herb_021<br/>herb_017,,,1779263189871.jpg,0.2297200,37.3733881,985.5983573748134,4.68,,uuid:e7de35f0-a715-47f1-885f-fd5a0d9a2907,uuid:e7de35f0-a715-47f1-885f-fd5a0d9a2907/observations/quadrat_repeat[5]
6,,yes,no,8fb56826-0f75-4fd9-afc2-f995f704dbcf 4c3c1743-5505-4c19-8499-5f3f89bcc48f,2,,yes,Perotis patens<br/>Hibiscus micranthus,herb_022 (Phyllanthus pantandrus)<br/>Tephrosia purpurea<br/>herb_023,Perotis patens<br/>Hibiscus micranthus<br/>herb_022 (Phyllanthus pantandrus)<br/>Tephrosia purpurea<br/>herb_023,,,1779263865979.jpg,0.2297614,37.3733779,996.9891829508042,2.55,,uuid:e7de35f0-a715-47f1-885f-fd5a0d9a2907,uuid:e7de35f0-a715-47f1-885f-fd5a0d9a2907/observations/quadrat_repeat[6]
7,,yes,no,883b0fcc-8eea-4779-b237-22e299be16fc c1a4c299-0f56-4c4b-92f9-b39be88b0291 8fb56826-0f75-4fd9-afc2-f995f704dbcf,3,,yes,Commelina benghalensis<br/>Oxygonum alatum<br/>Hibiscus micranthus,herb_018,Commelina benghalensis<br/>Oxygonum alatum<br/>Hibiscus micranthus<br/>herb_018,,,1779264179514.jpg,0.2298214,37.3735306,995.0168101285997,4.75,,uuid:e7de35f0-a715-47f1-885f-fd5a0d9a2907,uuid:e7de35f0-a715-47f1-885f-fd5a0d9a2907/observations/quadrat_repeat[7]
8,,yes,no,42b6fdde-7193-48e4-8a16-488eae05fab9,1,,yes,Ipomoea coptica,Evolvulus alsinoides <br/>herb_016<br/>herb_024,Ipomoea coptica<br/>Evolvulus alsinoides <br/>herb_016<br/>herb_024,,,1779264733560.jpg,0.2298030,37.3734447,962.6,3.6,,uuid:e7de35f0-a715-47f1-885f-fd5a0d9a2907,uuid:e7de35f0-a715-47f1-885f-fd5a0d9a2907/observations/quadrat_repeat[8]
9,,yes,yes,,0,,yes,,herb_012<br/>herb_016<br/>herb_025<br/>herb_026,herb_012<br/>herb_016<br/>herb_025<br/>herb_026,,,1779265358490.jpg,0.2296811,37.3735071,961.0385272826409,3.5,,uuid:e7de35f0-a715-47f1-885f-fd5a0d9a2907,uuid:e7de35f0-a715-47f1-885f-fd5a0d9a2907/observations/quadrat_repeat[9]
10,,yes,yes,,0,,yes,,herb_016<br/>Tephrosia purpurea<br/>herb_027 (Macrotalyma daltonii),herb_016<br/>Tephrosia purpurea<br/>herb_027 (Macrotalyma daltonii),,,1779265827699.jpg,0.2296191,37.3735393,974.377731022318,2.9,,uuid:e7de35f0-a715-47f1-885f-fd5a0d9a2907,uuid:e7de35f0-a715-47f1-885f-fd5a0d9a2907/observations/quadrat_repeat[10]
11,,yes,no,4c3c1743-5505-4c19-8499-5f3f89bcc48f 7bad79fe-2bdc-435c-acab-1246afb4fc19 8fb56826-0f75-4fd9-afc2-f995f704dbcf 883b0fcc-8eea-4779-b237-22e299be16fc,4,,yes,Eragrostis rigidior<br/>Commelina benghalensis<br/>Perotis patens<br/>Hibiscus micranthus,herb_018<br/>herb_017,Eragrostis rigidior<br/>Commelina benghalensis<br/>Perotis patens<br/>Hibiscus micranthus<br/>herb_018<br/>herb_017,,,1779266010413.jpg,0.2296120,37.3735056,978.4500623154428,4.1,,uuid:e7de35f0-a715-47f1-885f-fd5a0d9a2907,uuid:e7de35f0-a715-47f1-885f-fd5a0d9a2907/observations/quadrat_repeat[11]
12,,yes,no,c1a4c299-0f56-4c4b-92f9-b39be88b0291,1,,yes,Oxygonum alatum,herb_016<br/>herb_017<br/>herb_010<br/>herb_012<br/>herb_028 (Jacquemontia tannifolia),Oxygonum alatum<br/>herb_016<br/>herb_017<br/>herb_010<br/>herb_012<br/>herb_028 (Jacquemontia tannifolia),,,1779266454262.jpg,0.2296523,37.3734548,990.3,3.35,,uuid:e7de35f0-a715-47f1-885f-fd5a0d9a2907,uuid:e7de35f0-a715-47f1-885f-fd5a0d9a2907/observations/quadrat_repeat[12]
13,,yes,no,8fb56826-0f75-4fd9-afc2-f995f704dbcf 883b0fcc-8eea-4779-b237-22e299be16fc fef04a86-9057-43e3-a920-1cc20a78d566,3,,yes,Eragrostis trichophora<br/>Commelina benghalensis<br/>Hibiscus micranthus,herb_016<br/>herb_017<br/>herb_023<br/>herb_029,Eragrostis trichophora<br/>Commelina benghalensis<br/>Hibiscus micranthus<br/>herb_016<br/>herb_017<br/>herb_023<br/>herb_029,,,1779267080962.jpg,0.2296771,37.3734565,998.2900576695268,3.7,,uuid:e7de35f0-a715-47f1-885f-fd5a0d9a2907,uuid:e7de35f0-a715-47f1-885f-fd5a0d9a2907/observations/quadrat_repeat[13]
14,,yes,no,8fb56826-0f75-4fd9-afc2-f995f704dbcf,1,,yes,Hibiscus micranthus,herb_016<br/>Tephrosia purpurea<br/>herb_017,Hibiscus micranthus<br/>herb_016<br/>Tephrosia purpurea<br/>herb_017,,,1779267248450.jpg,0.2296748,37.3733964,991.5286098695436,4.3,,uuid:e7de35f0-a715-47f1-885f-fd5a0d9a2907,uuid:e7de35f0-a715-47f1-885f-fd5a0d9a2907/observations/quadrat_repeat[14]
15,,yes,no,fef04a86-9057-43e3-a920-1cc20a78d566 8fb56826-0f75-4fd9-afc2-f995f704dbcf,2,,yes,Eragrostis trichophora<br/>Hibiscus micranthus,herb_017,Eragrostis trichophora<br/>Hibiscus micranthus<br/>herb_017,,,1779267390178.jpg,0.2297010,37.3733657,991.0286098695436,3.8,,uuid:e7de35f0-a715-47f1-885f-fd5a0d9a2907,uuid:e7de35f0-a715-47f1-885f-fd5a0d9a2907/observations/quadrat_repeat[15]
16,,yes,no,8fb56826-0f75-4fd9-afc2-f995f704dbcf 883b0fcc-8eea-4779-b237-22e299be16fc 4c3c1743-5505-4c19-8499-5f3f89bcc48f 3c3ff64b-92fd-4d60-9022-63a7c599e108,4,,yes,Commelina benghalensis<br/>Ocimum americanum<br/>Perotis patens<br/>Hibiscus micranthus,herb_016<br/>Xenostegia tridentata<br/>herb_030,Commelina benghalensis<br/>Ocimum americanum<br/>Perotis patens<br/>Hibiscus micranthus<br/>herb_016<br/>Xenostegia tridentata<br/>herb_030,,,1779267634875.jpg,0.2297449,37.3733356,992.3892099800333,2.7,,uuid:e7de35f0-a715-47f1-885f-fd5a0d9a2907,uuid:e7de35f0-a715-47f1-885f-fd5a0d9a2907/observations/quadrat_repeat[16]
17,,yes,no,4c3c1743-5505-4c19-8499-5f3f89bcc48f 3c3ff64b-92fd-4d60-9022-63a7c599e108 fef04a86-9057-43e3-a920-1cc20a78d566,3,,yes,Eragrostis trichophora<br/>Ocimum americanum<br/>Perotis patens,herb_016,Eragrostis trichophora<br/>Ocimum americanum<br/>Perotis patens<br/>herb_016,,,1779267836006.jpg,0.2298221,37.3733571,994.5838227756094,3.2,,uuid:e7de35f0-a715-47f1-885f-fd5a0d9a2907,uuid:e7de35f0-a715-47f1-885f-fd5a0d9a2907/observations/quadrat_repeat[17]
18,,yes,no,7bad79fe-2bdc-435c-acab-1246afb4fc19 8fb56826-0f75-4fd9-afc2-f995f704dbcf 42b6fdde-7193-48e4-8a16-488eae05fab9,3,,yes,Eragrostis rigidior<br/>Ipomoea coptica<br/>Hibiscus micranthus,herb_010<br/>herb_012,Eragrostis rigidior<br/>Ipomoea coptica<br/>Hibiscus micranthus<br/>herb_010<br/>herb_012,,,1779268046631.jpg,0.2297354,37.3732818,993.0509007840134,4.4,,uuid:e7de35f0-a715-47f1-885f-fd5a0d9a2907,uuid:e7de35f0-a715-47f1-885f-fd5a0d9a2907/observations/quadrat_repeat[18]
19,,yes,no,1dc71d7e-f47b-47f5-8dbb-7e82c9867534 3c3ff64b-92fd-4d60-9022-63a7c599e108 51a3efb3-9fe9-44f9-a052-11661a7152a1,3,,yes,Dactyloctenium giganteum<br/>Melinis repens<br/>Ocimum americanum,herb_022<br/>herb_010<br/>herb_018,Dactyloctenium giganteum<br/>Melinis repens<br/>Ocimum americanum<br/>herb_022<br/>herb_010<br/>herb_018,,,1779268265533.jpg,0.2298260,37.3731913,991.8,4.85,,uuid:e7de35f0-a715-47f1-885f-fd5a0d9a2907,uuid:e7de35f0-a715-47f1-885f-fd5a0d9a2907/observations/quadrat_repeat[19]
20,,yes,yes,,0,,yes,,herb_010<br/>herb_016<br/>herb_017<br/>herb_016<br/>herb_027<br/>herb_028,herb_010<br/>herb_016<br/>herb_017<br/>herb_016<br/>herb_027<br/>herb_028,,,1779268505304.jpg,0.2298353,37.3729972,990.8905562136548,4.714,,uuid:e7de35f0-a715-47f1-885f-fd5a0d9a2907,uuid:e7de35f0-a715-47f1-885f-fd5a0d9a2907/observations/quadrat_repeat[20]
1,,yes,no,7bad79fe-2bdc-435c-acab-1246afb4fc19 42b6fdde-7193-48e4-8a16-488eae05fab9 e3454aa0-e2f6-495b-9aea-90847fdd1858,3,,yes,Eragrostis rigidior<br/>Indigofera schimperi<br/>Ipomoea coptica,herb_001 (Evolvulus alsinoides )<br/>herb_002,Eragrostis rigidior<br/>Indigofera schimperi<br/>Ipomoea coptica<br/>herb_001 (Evolvulus alsinoides )<br/>herb_002,,,1779183093396.jpg,0.2278191,37.3591621,974.5,4.5,,uuid:359a5da6-d237-4203-b838-8596bdbd4935,uuid:359a5da6-d237-4203-b838-8596bdbd4935/observations/quadrat_repeat[1]
2,,yes,no,e3454aa0-e2f6-495b-9aea-90847fdd1858 42b6fdde-7193-48e4-8a16-488eae05fab9 7bad79fe-2bdc-435c-acab-1246afb4fc19,3,,yes,Eragrostis rigidior<br/>Indigofera schimperi<br/>Ipomoea coptica,herb_003 (Alectra orobanchoides)<br/>herb_004 (Tephrosia purpurea),Eragrostis rigidior<br/>Indigofera schimperi<br/>Ipomoea coptica<br/>herb_003 (Alectra orobanchoides)<br/>herb_004 (Tephrosia purpurea),,,1779184023165.jpg,0.2278158,37.3591799,933.8,4.34,,uuid:359a5da6-d237-4203-b838-8596bdbd4935,uuid:359a5da6-d237-4203-b838-8596bdbd4935/observations/quadrat_repeat[2]
3,,yes,no,e3454aa0-e2f6-495b-9aea-90847fdd1858 7bad79fe-2bdc-435c-acab-1246afb4fc19 f407986d-94a5-4fa9-a058-b9f183687960,3,,yes,Eragrostis rigidior<br/>Indigofera schimperi<br/>Sida cordifolia,herb_005 (Crotolaria sphaerocarpa)<br/>herb_002<br/>herb_006,Eragrostis rigidior<br/>Indigofera schimperi<br/>Sida cordifolia<br/>herb_005 (Crotolaria sphaerocarpa)<br/>herb_002<br/>herb_006,,,1779185462939.jpg,0.2277893,37.3592114,976.5,4.88,,uuid:359a5da6-d237-4203-b838-8596bdbd4935,uuid:359a5da6-d237-4203-b838-8596bdbd4935/observations/quadrat_repeat[3]
4,,yes,no,7bad79fe-2bdc-435c-acab-1246afb4fc19 42b6fdde-7193-48e4-8a16-488eae05fab9 883b0fcc-8eea-4779-b237-22e299be16fc f407986d-94a5-4fa9-a058-b9f183687960,4,,yes,Eragrostis rigidior<br/>Ipomoea coptica<br/>Commelina benghalensis<br/>Sida cordifolia,herb_002<br/>herb_007,Eragrostis rigidior<br/>Ipomoea coptica<br/>Commelina benghalensis<br/>Sida cordifolia<br/>herb_002<br/>herb_007,,,1779186409727.jpg,0.2278215,37.3593946,964.1,5.0,,uuid:359a5da6-d237-4203-b838-8596bdbd4935,uuid:359a5da6-d237-4203-b838-8596bdbd4935/observations/quadrat_repeat[4]
5,,yes,no,7bad79fe-2bdc-435c-acab-1246afb4fc19 42b6fdde-7193-48e4-8a16-488eae05fab9,2,,yes,Eragrostis rigidior<br/>Ipomoea coptica,herb_002<br/>herb_008<br/>herb_001,Eragrostis rigidior<br/>Ipomoea coptica<br/>herb_002<br/>herb_008<br/>herb_001,,,1779187190403.jpg,0.2278572,37.3593425,999.1999999999999,4.92,,uuid:359a5da6-d237-4203-b838-8596bdbd4935,uuid:359a5da6-d237-4203-b838-8596bdbd4935/observations/quadrat_repeat[5]
6,,yes,no,e3454aa0-e2f6-495b-9aea-90847fdd1858 42b6fdde-7193-48e4-8a16-488eae05fab9,2,,yes,Indigofera schimperi<br/>Ipomoea coptica,herb_002<br/>herb_008,Indigofera schimperi<br/>Ipomoea coptica<br/>herb_002<br/>herb_008,,,1779187394419.jpg,0.2277905,37.3594134,996.1,4.96,,uuid:359a5da6-d237-4203-b838-8596bdbd4935,uuid:359a5da6-d237-4203-b838-8596bdbd4935/observations/quadrat_repeat[6]
7,,yes,no,7bad79fe-2bdc-435c-acab-1246afb4fc19 883b0fcc-8eea-4779-b237-22e299be16fc c1a4c299-0f56-4c4b-92f9-b39be88b0291 42b6fdde-7193-48e4-8a16-488eae05fab9,4,,yes,Eragrostis rigidior<br/>Ipomoea coptica<br/>Commelina benghalensis<br/>Oxygonum alatum,herb_008,Eragrostis rigidior<br/>Ipomoea coptica<br/>Commelina benghalensis<br/>Oxygonum alatum<br/>herb_008,,,1779187780037.jpg,0.2277571,37.3595027,997.0577036504509,4.983,,uuid:359a5da6-d237-4203-b838-8596bdbd4935,uuid:359a5da6-d237-4203-b838-8596bdbd4935/observations/quadrat_repeat[7]
8,,yes,no,7bad79fe-2bdc-435c-acab-1246afb4fc19 c1a4c299-0f56-4c4b-92f9-b39be88b0291 42b6fdde-7193-48e4-8a16-488eae05fab9,3,,yes,Eragrostis rigidior<br/>Ipomoea coptica<br/>Oxygonum alatum,herb_009,Eragrostis rigidior<br/>Ipomoea coptica<br/>Oxygonum alatum<br/>herb_009,,,1779188205766.jpg,0.2276413,37.3594710,998.2727331676771,5.0,,uuid:359a5da6-d237-4203-b838-8596bdbd4935,uuid:359a5da6-d237-4203-b838-8596bdbd4935/observations/quadrat_repeat[8]
9,,yes,no,f407986d-94a5-4fa9-a058-b9f183687960 7bad79fe-2bdc-435c-acab-1246afb4fc19 302a303f-d1c7-4d13-acc8-c5185bc2b7b4 883b0fcc-8eea-4779-b237-22e299be16fc 42b6fdde-7193-48e4-8a16-488eae05fab9,5,,yes,Chloris virgata<br/>Eragrostis rigidior<br/>Ipomoea coptica<br/>Commelina benghalensis<br/>Sida cordifolia,herb_010<br/>herb_002<br/>herb_004,Chloris virgata<br/>Eragrostis rigidior<br/>Ipomoea coptica<br/>Commelina benghalensis<br/>Sida cordifolia<br/>herb_010<br/>herb_002<br/>herb_004,,,1779188915550.jpg,0.2277364,37.3594815,980.1888234327181,4.9,,uuid:359a5da6-d237-4203-b838-8596bdbd4935,uuid:359a5da6-d237-4203-b838-8596bdbd4935/observations/quadrat_repeat[9]
10,,yes,no,7bad79fe-2bdc-435c-acab-1246afb4fc19,1,,yes,Eragrostis rigidior,herb_010<br/>herb_003,Eragrostis rigidior<br/>herb_010<br/>herb_003,,,1779189117235.jpg,0.2277084,37.3596200,981.058062559672,4.8,,uuid:359a5da6-d237-4203-b838-8596bdbd4935,uuid:359a5da6-d237-4203-b838-8596bdbd4935/observations/quadrat_repeat[10]
11,,yes,no,7bad79fe-2bdc-435c-acab-1246afb4fc19 42b6fdde-7193-48e4-8a16-488eae05fab9,2,,yes,Eragrostis rigidior<br/>Ipomoea coptica,herb_002<br/>herb_011,Eragrostis rigidior<br/>Ipomoea coptica<br/>herb_002<br/>herb_011,,,1779189358449.jpg,0.2276437,37.3596261,981.4316687355545,4.933,,uuid:359a5da6-d237-4203-b838-8596bdbd4935,uuid:359a5da6-d237-4203-b838-8596bdbd4935/observations/quadrat_repeat[11]
12,,yes,no,7bad79fe-2bdc-435c-acab-1246afb4fc19 42b6fdde-7193-48e4-8a16-488eae05fab9 302a303f-d1c7-4d13-acc8-c5185bc2b7b4 51a3efb3-9fe9-44f9-a052-11661a7152a1,4,,yes,Chloris virgata<br/>Dactyloctenium giganteum<br/>Eragrostis rigidior<br/>Ipomoea coptica,herb_004<br/>herb_002<br/>herb_009<br/>herb_012,Chloris virgata<br/>Dactyloctenium giganteum<br/>Eragrostis rigidior<br/>Ipomoea coptica<br/>herb_004<br/>herb_002<br/>herb_009<br/>herb_012,,,1779191301873.jpg,0.2278424,37.3595636,1028.3,4.2,,uuid:359a5da6-d237-4203-b838-8596bdbd4935,uuid:359a5da6-d237-4203-b838-8596bdbd4935/observations/quadrat_repeat[12]
13,,yes,no,7bad79fe-2bdc-435c-acab-1246afb4fc19 42b6fdde-7193-48e4-8a16-488eae05fab9,2,,yes,Eragrostis rigidior<br/>Ipomoea coptica,herb_002<br/>herb_008<br/>herb_010,Eragrostis rigidior<br/>Ipomoea coptica<br/>herb_002<br/>herb_008<br/>herb_010,,,1779191748230.jpg,0.2278873,37.3595997,1087.2,4.983,,uuid:359a5da6-d237-4203-b838-8596bdbd4935,uuid:359a5da6-d237-4203-b838-8596bdbd4935/observations/quadrat_repeat[13]
14,,yes,no,7bad79fe-2bdc-435c-acab-1246afb4fc19 42b6fdde-7193-48e4-8a16-488eae05fab9 883b0fcc-8eea-4779-b237-22e299be16fc,3,,yes,Eragrostis rigidior<br/>Ipomoea coptica<br/>Commelina benghalensis,herb_005,Eragrostis rigidior<br/>Ipomoea coptica<br/>Commelina benghalensis<br/>herb_005,,,1779191961957.jpg,0.2279477,37.3594724,1087.5943116067879,4.96,,uuid:359a5da6-d237-4203-b838-8596bdbd4935,uuid:359a5da6-d237-4203-b838-8596bdbd4935/observations/quadrat_repeat[14]
15,,yes,no,7bad79fe-2bdc-435c-acab-1246afb4fc19 f407986d-94a5-4fa9-a058-b9f183687960 883b0fcc-8eea-4779-b237-22e299be16fc 42b6fdde-7193-48e4-8a16-488eae05fab9 4c3c1743-5505-4c19-8499-5f3f89bcc48f 8fb56826-0f75-4fd9-afc2-f995f704dbcf,6,,yes,Eragrostis rigidior<br/>Ipomoea coptica<br/>Commelina benghalensis<br/>Perotis patens<br/>Sida cordifolia<br/>Hibiscus micranthus,herb_008<br/>herb_013 (Xenostegia tridentata),Eragrostis rigidior<br/>Ipomoea coptica<br/>Commelina benghalensis<br/>Perotis patens<br/>Sida cordifolia<br/>Hibiscus micranthus<br/>herb_008<br/>herb_013 (Xenostegia tridentata),,,1779192463119.jpg,0.2278666,37.3595773,1088.163096168922,5.0,,uuid:359a5da6-d237-4203-b838-8596bdbd4935,uuid:359a5da6-d237-4203-b838-8596bdbd4935/observations/quadrat_repeat[15]
16,,yes,no,42b6fdde-7193-48e4-8a16-488eae05fab9 7bad79fe-2bdc-435c-acab-1246afb4fc19 4c3c1743-5505-4c19-8499-5f3f89bcc48f,3,,yes,Eragrostis rigidior<br/>Ipomoea coptica<br/>Perotis patens,herb_002<br/>herb_008<br/>herb_014,Eragrostis rigidior<br/>Ipomoea coptica<br/>Perotis patens<br/>herb_002<br/>herb_008<br/>herb_014,,,1779192818734.jpg,0.2277209,37.3594123,1088.9166329012223,3.4,,uuid:359a5da6-d237-4203-b838-8596bdbd4935,uuid:359a5da6-d237-4203-b838-8596bdbd4935/observations/quadrat_repeat[16]
17,,yes,no,7bad79fe-2bdc-435c-acab-1246afb4fc19 42b6fdde-7193-48e4-8a16-488eae05fab9 883b0fcc-8eea-4779-b237-22e299be16fc,3,,yes,Eragrostis rigidior<br/>Ipomoea coptica<br/>Commelina benghalensis,herb_009<br/>herb_015 (Rhynchosia totta),Eragrostis rigidior<br/>Ipomoea coptica<br/>Commelina benghalensis<br/>herb_009<br/>herb_015 (Rhynchosia totta),,,1779193287201.jpg,0.2277106,37.3592732,988.1999999999999,3.3,,uuid:359a5da6-d237-4203-b838-8596bdbd4935,uuid:359a5da6-d237-4203-b838-8596bdbd4935/observations/quadrat_repeat[17]
18,,yes,no,7bad79fe-2bdc-435c-acab-1246afb4fc19 e3454aa0-e2f6-495b-9aea-90847fdd1858 42b6fdde-7193-48e4-8a16-488eae05fab9,3,,no,Eragrostis rigidior<br/>Indigofera schimperi<br/>Ipomoea coptica,,Eragrostis rigidior<br/>Indigofera schimperi<br/>Ipomoea coptica,,,1779193421665.jpg,0.2277858,37.3592278,1038.1587061351938,4.733,,uuid:359a5da6-d237-4203-b838-8596bdbd4935,uuid:359a5da6-d237-4203-b838-8596bdbd4935/observations/quadrat_repeat[18]
19,,yes,no,7bad79fe-2bdc-435c-acab-1246afb4fc19 883b0fcc-8eea-4779-b237-22e299be16fc 42b6fdde-7193-48e4-8a16-488eae05fab9 8fb56826-0f75-4fd9-afc2-f995f704dbcf,4,,yes,Eragrostis rigidior<br/>Ipomoea coptica<br/>Commelina benghalensis<br/>Hibiscus micranthus,herb_009<br/>herb_016,Eragrostis rigidior<br/>Ipomoea coptica<br/>Commelina benghalensis<br/>Hibiscus micranthus<br/>herb_009<br/>herb_016,,,1779193993455.jpg,0.2277486,37.3592420,989.6220091605899,4.9,,uuid:359a5da6-d237-4203-b838-8596bdbd4935,uuid:359a5da6-d237-4203-b838-8596bdbd4935/observations/quadrat_repeat[19]
20,,yes,no,7bad79fe-2bdc-435c-acab-1246afb4fc19,1,,yes,Eragrostis rigidior,herb_015<br/>herb_010,Eragrostis rigidior<br/>herb_015<br/>herb_010,,,1779194263456.jpg,0.2277350,37.3590945,986.9740553092765,3.95,,uuid:359a5da6-d237-4203-b838-8596bdbd4935,uuid:359a5da6-d237-4203-b838-8596bdbd4935/observations/quadrat_repeat[20]
