observation_index,species_entry_mode,count_prior_new_in_submission,target_extra_name,assigned_unknown_index,auto_new_unknown_label,note_new_unknown,select_reuse_unknown,reused_unknown_label,note_reuse_unknown,auto_new_missing_label,new_missing_canonical,note_new_missing,select_reuse_missing,reused_missing_label,note_reuse_missing,validated_name,entity_label_to_write,review_status,new_record_reason,write_choice_status,macro_images-note_images,macro_images-macro_1,macro_images-macro_2,macro_images-macro_3,macro_images-macro_4,macro_images-macro_5,meta-entity-label,PARENT_KEY,KEY
1,reuse_unknown,,,,,,fee329ca-e301-4c77-9fe8-dda15a1ef3cc,herb_002,,,,,,,,herb_002,,,,,,,,,,,,uuid:599e04cf-832f-4535-8305-967918d12026/observations/quadrat_repeat[1],uuid:599e04cf-832f-4535-8305-967918d12026/observations/quadrat_repeat[1]/additional_species_repeat[1]
2,reuse_missing,,,,,,,,,,,,eacca28e-4664-4710-96b9-29a1ef6294ab,Pogonarthria fleckii,,Pogonarthria fleckii,,,,,,,,,,,,uuid:599e04cf-832f-4535-8305-967918d12026/observations/quadrat_repeat[1],uuid:599e04cf-832f-4535-8305-967918d12026/observations/quadrat_repeat[1]/additional_species_repeat[2]
3,reuse_missing,,,,,,,,,,,,43214fc0-8a13-4af6-bc50-5b2ff891d955,Oldenladia corymbosa,,Oldenladia corymbosa,,,,,,,,,,,,uuid:599e04cf-832f-4535-8305-967918d12026/observations/quadrat_repeat[1],uuid:599e04cf-832f-4535-8305-967918d12026/observations/quadrat_repeat[1]/additional_species_repeat[3]
1,reuse_missing,,,,,,,,,,,,6cfa0d1b-d0f6-4a6c-bd0d-5a0c3e586d9b,Tephrosia purpurea,,Tephrosia purpurea,,,,,,,,,,,,uuid:599e04cf-832f-4535-8305-967918d12026/observations/quadrat_repeat[2],uuid:599e04cf-832f-4535-8305-967918d12026/observations/quadrat_repeat[2]/additional_species_repeat[1]
2,reuse_missing,,,,,,,,,,,,eacca28e-4664-4710-96b9-29a1ef6294ab,Pogonarthria fleckii,,Pogonarthria fleckii,,,,,,,,,,,,uuid:599e04cf-832f-4535-8305-967918d12026/observations/quadrat_repeat[2],uuid:599e04cf-832f-4535-8305-967918d12026/observations/quadrat_repeat[2]/additional_species_repeat[2]
3,reuse_unknown,,,,,,36a62f28-926b-4cd3-b221-6c7e32a73ef6,herb_007,,,,,,,,herb_007,,,,,,,,,,,,uuid:599e04cf-832f-4535-8305-967918d12026/observations/quadrat_repeat[2],uuid:599e04cf-832f-4535-8305-967918d12026/observations/quadrat_repeat[2]/additional_species_repeat[3]
4,reuse_unknown,,,,,,029992eb-bc34-46d0-83ce-adb65fedf6d9,herb_054,,,,,,,,herb_054,,,,,,,,,,,,uuid:599e04cf-832f-4535-8305-967918d12026/observations/quadrat_repeat[2],uuid:599e04cf-832f-4535-8305-967918d12026/observations/quadrat_repeat[2]/additional_species_repeat[4]
1,reuse_missing,,,,,,,,,,,,86e48f75-a0d5-4cae-b0c7-f03a025bb150,Evolvulus alsinoides ,,Evolvulus alsinoides ,,,,,,,,,,,,uuid:599e04cf-832f-4535-8305-967918d12026/observations/quadrat_repeat[3],uuid:599e04cf-832f-4535-8305-967918d12026/observations/quadrat_repeat[3]/additional_species_repeat[1]
2,reuse_missing,,,,,,,,,,,,6cfa0d1b-d0f6-4a6c-bd0d-5a0c3e586d9b,Tephrosia purpurea,,Tephrosia purpurea,,,,,,,,,,,,uuid:599e04cf-832f-4535-8305-967918d12026/observations/quadrat_repeat[3],uuid:599e04cf-832f-4535-8305-967918d12026/observations/quadrat_repeat[3]/additional_species_repeat[2]
3,reuse_missing,,,,,,,,,,,,eacca28e-4664-4710-96b9-29a1ef6294ab,Pogonarthria fleckii,,Pogonarthria fleckii,,,,,,,,,,,,uuid:599e04cf-832f-4535-8305-967918d12026/observations/quadrat_repeat[3],uuid:599e04cf-832f-4535-8305-967918d12026/observations/quadrat_repeat[3]/additional_species_repeat[3]
4,reuse_unknown,,,,,,6b4d87ce-546c-471a-b9a1-04721386337f,herb_011,,,,,,,,herb_011,,,,,,,,,,,,uuid:599e04cf-832f-4535-8305-967918d12026/observations/quadrat_repeat[3],uuid:599e04cf-832f-4535-8305-967918d12026/observations/quadrat_repeat[3]/additional_species_repeat[4]
1,reuse_missing,,,,,,,,,,,,6cfa0d1b-d0f6-4a6c-bd0d-5a0c3e586d9b,Tephrosia purpurea,,Tephrosia purpurea,,,,,,,,,,,,uuid:599e04cf-832f-4535-8305-967918d12026/observations/quadrat_repeat[4],uuid:599e04cf-832f-4535-8305-967918d12026/observations/quadrat_repeat[4]/additional_species_repeat[1]
2,reuse_missing,,,,,,,,,,,,eacca28e-4664-4710-96b9-29a1ef6294ab,Pogonarthria fleckii,,Pogonarthria fleckii,,,,,,,,,,,,uuid:599e04cf-832f-4535-8305-967918d12026/observations/quadrat_repeat[4],uuid:599e04cf-832f-4535-8305-967918d12026/observations/quadrat_repeat[4]/additional_species_repeat[2]
3,reuse_missing,,,,,,,,,,,,895bce64-ba76-494b-9f25-aef306fddca0,Xenostegia tridentata,,Xenostegia tridentata,,,,,,,,,,,,uuid:599e04cf-832f-4535-8305-967918d12026/observations/quadrat_repeat[4],uuid:599e04cf-832f-4535-8305-967918d12026/observations/quadrat_repeat[4]/additional_species_repeat[3]
1,reuse_missing,,,,,,,,,,,,6cfa0d1b-d0f6-4a6c-bd0d-5a0c3e586d9b,Tephrosia purpurea,,Tephrosia purpurea,,,,,,,,,,,,uuid:599e04cf-832f-4535-8305-967918d12026/observations/quadrat_repeat[5],uuid:599e04cf-832f-4535-8305-967918d12026/observations/quadrat_repeat[5]/additional_species_repeat[1]
2,reuse_missing,,,,,,,,,,,,eacca28e-4664-4710-96b9-29a1ef6294ab,Pogonarthria fleckii,,Pogonarthria fleckii,,,,,,,,,,,,uuid:599e04cf-832f-4535-8305-967918d12026/observations/quadrat_repeat[5],uuid:599e04cf-832f-4535-8305-967918d12026/observations/quadrat_repeat[5]/additional_species_repeat[2]
3,reuse_unknown,,,,,,029992eb-bc34-46d0-83ce-adb65fedf6d9,herb_054,,,,,,,,herb_054,,,,,,,,,,,,uuid:599e04cf-832f-4535-8305-967918d12026/observations/quadrat_repeat[5],uuid:599e04cf-832f-4535-8305-967918d12026/observations/quadrat_repeat[5]/additional_species_repeat[3]
4,new_unknown,0,c9f88afc-957b-45fe-a718-2b652d28ea53,103,herb_103,,,,,,,,,,,herb_103,herb_103,pending,unknown_species,active,,1779868793110.jpg,,,,,herb_103,uuid:599e04cf-832f-4535-8305-967918d12026/observations/quadrat_repeat[5],uuid:599e04cf-832f-4535-8305-967918d12026/observations/quadrat_repeat[5]/additional_species_repeat[4]
1,reuse_missing,,,,,,,,,,,,895bce64-ba76-494b-9f25-aef306fddca0,Xenostegia tridentata,,Xenostegia tridentata,,,,,,,,,,,,uuid:599e04cf-832f-4535-8305-967918d12026/observations/quadrat_repeat[6],uuid:599e04cf-832f-4535-8305-967918d12026/observations/quadrat_repeat[6]/additional_species_repeat[1]
2,reuse_missing,,,,,,,,,,,,c9c6df41-df82-4bc5-87b7-63b84898087d,Rhynchosia totta,,Rhynchosia totta,,,,,,,,,,,,uuid:599e04cf-832f-4535-8305-967918d12026/observations/quadrat_repeat[6],uuid:599e04cf-832f-4535-8305-967918d12026/observations/quadrat_repeat[6]/additional_species_repeat[2]
3,reuse_unknown,,,,,,029992eb-bc34-46d0-83ce-adb65fedf6d9,herb_054,,,,,,,,herb_054,,,,,,,,,,,,uuid:599e04cf-832f-4535-8305-967918d12026/observations/quadrat_repeat[6],uuid:599e04cf-832f-4535-8305-967918d12026/observations/quadrat_repeat[6]/additional_species_repeat[3]
1,reuse_missing,,,,,,,,,,,,c9c6df41-df82-4bc5-87b7-63b84898087d,Rhynchosia totta,,Rhynchosia totta,,,,,,,,,,,,uuid:599e04cf-832f-4535-8305-967918d12026/observations/quadrat_repeat[7],uuid:599e04cf-832f-4535-8305-967918d12026/observations/quadrat_repeat[7]/additional_species_repeat[1]
2,reuse_missing,,,,,,,,,,,,6cfa0d1b-d0f6-4a6c-bd0d-5a0c3e586d9b,Tephrosia purpurea,,Tephrosia purpurea,,,,,,,,,,,,uuid:599e04cf-832f-4535-8305-967918d12026/observations/quadrat_repeat[7],uuid:599e04cf-832f-4535-8305-967918d12026/observations/quadrat_repeat[7]/additional_species_repeat[2]
3,reuse_unknown,,,,,,6b4d87ce-546c-471a-b9a1-04721386337f,herb_011,,,,,,,,herb_011,,,,,,,,,,,,uuid:599e04cf-832f-4535-8305-967918d12026/observations/quadrat_repeat[7],uuid:599e04cf-832f-4535-8305-967918d12026/observations/quadrat_repeat[7]/additional_species_repeat[3]
1,reuse_missing,,,,,,,,,,,,c9c6df41-df82-4bc5-87b7-63b84898087d,Rhynchosia totta,,Rhynchosia totta,,,,,,,,,,,,uuid:599e04cf-832f-4535-8305-967918d12026/observations/quadrat_repeat[8],uuid:599e04cf-832f-4535-8305-967918d12026/observations/quadrat_repeat[8]/additional_species_repeat[1]
1,reuse_unknown,,,,,,1c7e36b1-3abf-447f-bf83-377eddf82870,herb_010,,,,,,,,herb_010,,,,,,,,,,,,uuid:599e04cf-832f-4535-8305-967918d12026/observations/quadrat_repeat[9],uuid:599e04cf-832f-4535-8305-967918d12026/observations/quadrat_repeat[9]/additional_species_repeat[1]
2,reuse_missing,,,,,,,,,,,,86e48f75-a0d5-4cae-b0c7-f03a025bb150,Evolvulus alsinoides ,,Evolvulus alsinoides ,,,,,,,,,,,,uuid:599e04cf-832f-4535-8305-967918d12026/observations/quadrat_repeat[9],uuid:599e04cf-832f-4535-8305-967918d12026/observations/quadrat_repeat[9]/additional_species_repeat[2]
3,reuse_missing,,,,,,,,,,,,c9c6df41-df82-4bc5-87b7-63b84898087d,Rhynchosia totta,,Rhynchosia totta,,,,,,,,,,,,uuid:599e04cf-832f-4535-8305-967918d12026/observations/quadrat_repeat[9],uuid:599e04cf-832f-4535-8305-967918d12026/observations/quadrat_repeat[9]/additional_species_repeat[3]
1,reuse_missing,,,,,,,,,,,,895bce64-ba76-494b-9f25-aef306fddca0,Xenostegia tridentata,,Xenostegia tridentata,,,,,,,,,,,,uuid:599e04cf-832f-4535-8305-967918d12026/observations/quadrat_repeat[10],uuid:599e04cf-832f-4535-8305-967918d12026/observations/quadrat_repeat[10]/additional_species_repeat[1]
2,reuse_missing,,,,,,,,,,,,eacca28e-4664-4710-96b9-29a1ef6294ab,Pogonarthria fleckii,,Pogonarthria fleckii,,,,,,,,,,,,uuid:599e04cf-832f-4535-8305-967918d12026/observations/quadrat_repeat[10],uuid:599e04cf-832f-4535-8305-967918d12026/observations/quadrat_repeat[10]/additional_species_repeat[2]
1,reuse_unknown,,,,,,c9f88afc-957b-45fe-a718-2b652d28ea53,herb_103,,,,,,,,herb_103,,,,,,,,,,,,uuid:599e04cf-832f-4535-8305-967918d12026/observations/quadrat_repeat[11],uuid:599e04cf-832f-4535-8305-967918d12026/observations/quadrat_repeat[11]/additional_species_repeat[1]
2,reuse_missing,,,,,,,,,,,,05dc2613-2446-4b97-95f1-7f41bcaa476e,Sida chrysantha,,Sida chrysantha,,,,,,,,,,,,uuid:599e04cf-832f-4535-8305-967918d12026/observations/quadrat_repeat[11],uuid:599e04cf-832f-4535-8305-967918d12026/observations/quadrat_repeat[11]/additional_species_repeat[2]
3,reuse_missing,,,,,,,,,,,,eacca28e-4664-4710-96b9-29a1ef6294ab,Pogonarthria fleckii,,Pogonarthria fleckii,,,,,,,,,,,,uuid:599e04cf-832f-4535-8305-967918d12026/observations/quadrat_repeat[11],uuid:599e04cf-832f-4535-8305-967918d12026/observations/quadrat_repeat[11]/additional_species_repeat[3]
1,reuse_missing,,,,,,,,,,,,eacca28e-4664-4710-96b9-29a1ef6294ab,Pogonarthria fleckii,,Pogonarthria fleckii,,,,,,,,,,,,uuid:599e04cf-832f-4535-8305-967918d12026/observations/quadrat_repeat[12],uuid:599e04cf-832f-4535-8305-967918d12026/observations/quadrat_repeat[12]/additional_species_repeat[1]
2,reuse_missing,,,,,,,,,,,,05dc2613-2446-4b97-95f1-7f41bcaa476e,Sida chrysantha,,Sida chrysantha,,,,,,,,,,,,uuid:599e04cf-832f-4535-8305-967918d12026/observations/quadrat_repeat[12],uuid:599e04cf-832f-4535-8305-967918d12026/observations/quadrat_repeat[12]/additional_species_repeat[2]
1,reuse_missing,,,,,,,,,,,,6cfa0d1b-d0f6-4a6c-bd0d-5a0c3e586d9b,Tephrosia purpurea,,Tephrosia purpurea,,,,,,,,,,,,uuid:599e04cf-832f-4535-8305-967918d12026/observations/quadrat_repeat[13],uuid:599e04cf-832f-4535-8305-967918d12026/observations/quadrat_repeat[13]/additional_species_repeat[1]
2,reuse_missing,,,,,,,,,,,,eacca28e-4664-4710-96b9-29a1ef6294ab,Pogonarthria fleckii,,Pogonarthria fleckii,,,,,,,,,,,,uuid:599e04cf-832f-4535-8305-967918d12026/observations/quadrat_repeat[13],uuid:599e04cf-832f-4535-8305-967918d12026/observations/quadrat_repeat[13]/additional_species_repeat[2]
1,reuse_missing,,,,,,,,,,,,6cfa0d1b-d0f6-4a6c-bd0d-5a0c3e586d9b,Tephrosia purpurea,,Tephrosia purpurea,,,,,,,,,,,,uuid:599e04cf-832f-4535-8305-967918d12026/observations/quadrat_repeat[14],uuid:599e04cf-832f-4535-8305-967918d12026/observations/quadrat_repeat[14]/additional_species_repeat[1]
2,reuse_missing,,,,,,,,,,,,c9c6df41-df82-4bc5-87b7-63b84898087d,Rhynchosia totta,,Rhynchosia totta,,,,,,,,,,,,uuid:599e04cf-832f-4535-8305-967918d12026/observations/quadrat_repeat[14],uuid:599e04cf-832f-4535-8305-967918d12026/observations/quadrat_repeat[14]/additional_species_repeat[2]
3,reuse_unknown,,,,,,6b4d87ce-546c-471a-b9a1-04721386337f,herb_011,,,,,,,,herb_011,,,,,,,,,,,,uuid:599e04cf-832f-4535-8305-967918d12026/observations/quadrat_repeat[14],uuid:599e04cf-832f-4535-8305-967918d12026/observations/quadrat_repeat[14]/additional_species_repeat[3]
1,reuse_missing,,,,,,,,,,,,c9c6df41-df82-4bc5-87b7-63b84898087d,Rhynchosia totta,,Rhynchosia totta,,,,,,,,,,,,uuid:599e04cf-832f-4535-8305-967918d12026/observations/quadrat_repeat[15],uuid:599e04cf-832f-4535-8305-967918d12026/observations/quadrat_repeat[15]/additional_species_repeat[1]
1,reuse_missing,,,,,,,,,,,,6cfa0d1b-d0f6-4a6c-bd0d-5a0c3e586d9b,Tephrosia purpurea,,Tephrosia purpurea,,,,,,,,,,,,uuid:599e04cf-832f-4535-8305-967918d12026/observations/quadrat_repeat[16],uuid:599e04cf-832f-4535-8305-967918d12026/observations/quadrat_repeat[16]/additional_species_repeat[1]
2,reuse_missing,,,,,,,,,,,,895bce64-ba76-494b-9f25-aef306fddca0,Xenostegia tridentata,,Xenostegia tridentata,,,,,,,,,,,,uuid:599e04cf-832f-4535-8305-967918d12026/observations/quadrat_repeat[16],uuid:599e04cf-832f-4535-8305-967918d12026/observations/quadrat_repeat[16]/additional_species_repeat[2]
3,new_missing,1,904a3ae7-d660-4dc6-9aa7-b31c1f2c8b75,104,,,,,,herb_104,Justicia divaricata ,,,,,herb_104 (Justicia divaricata ),Justicia divaricata ,pending,missing_species,active,,1779870318547.jpg,1779870352233.jpg,,,,Justicia divaricata ,uuid:599e04cf-832f-4535-8305-967918d12026/observations/quadrat_repeat[16],uuid:599e04cf-832f-4535-8305-967918d12026/observations/quadrat_repeat[16]/additional_species_repeat[3]
1,reuse_unknown,,,,,,c9f88afc-957b-45fe-a718-2b652d28ea53,herb_103,,,,,,,,herb_103,,,,,,,,,,,,uuid:599e04cf-832f-4535-8305-967918d12026/observations/quadrat_repeat[17],uuid:599e04cf-832f-4535-8305-967918d12026/observations/quadrat_repeat[17]/additional_species_repeat[1]
2,reuse_missing,,,,,,,,,,,,6cfa0d1b-d0f6-4a6c-bd0d-5a0c3e586d9b,Tephrosia purpurea,,Tephrosia purpurea,,,,,,,,,,,,uuid:599e04cf-832f-4535-8305-967918d12026/observations/quadrat_repeat[17],uuid:599e04cf-832f-4535-8305-967918d12026/observations/quadrat_repeat[17]/additional_species_repeat[2]
1,reuse_missing,,,,,,,,,,,,6cfa0d1b-d0f6-4a6c-bd0d-5a0c3e586d9b,Tephrosia purpurea,,Tephrosia purpurea,,,,,,,,,,,,uuid:599e04cf-832f-4535-8305-967918d12026/observations/quadrat_repeat[19],uuid:599e04cf-832f-4535-8305-967918d12026/observations/quadrat_repeat[19]/additional_species_repeat[1]
1,reuse_unknown,,,,,,029992eb-bc34-46d0-83ce-adb65fedf6d9,herb_054,,,,,,,,herb_054,,,,,,,,,,,,uuid:599e04cf-832f-4535-8305-967918d12026/observations/quadrat_repeat[20],uuid:599e04cf-832f-4535-8305-967918d12026/observations/quadrat_repeat[20]/additional_species_repeat[1]
2,reuse_missing,,,,,,,,,,,,6cfa0d1b-d0f6-4a6c-bd0d-5a0c3e586d9b,Tephrosia purpurea,,Tephrosia purpurea,,,,,,,,,,,,uuid:599e04cf-832f-4535-8305-967918d12026/observations/quadrat_repeat[20],uuid:599e04cf-832f-4535-8305-967918d12026/observations/quadrat_repeat[20]/additional_species_repeat[2]
3,reuse_missing,,,,,,,,,,,,eacca28e-4664-4710-96b9-29a1ef6294ab,Pogonarthria fleckii,,Pogonarthria fleckii,,,,,,,,,,,,uuid:599e04cf-832f-4535-8305-967918d12026/observations/quadrat_repeat[20],uuid:599e04cf-832f-4535-8305-967918d12026/observations/quadrat_repeat[20]/additional_species_repeat[3]
1,reuse_unknown,,,,,,861c0749-4626-47d9-aa35-25d7cbdec26a,herb_009,,,,,,,,herb_009,,,,,,,,,,,,uuid:c6cc7231-7af6-4bc5-b281-565c53f21763/observations/quadrat_repeat[1],uuid:c6cc7231-7af6-4bc5-b281-565c53f21763/observations/quadrat_repeat[1]/additional_species_repeat[1]
1,reuse_unknown,,,,,,1c7e36b1-3abf-447f-bf83-377eddf82870,herb_010,,,,,,,,herb_010,,,,,,,,,,,,uuid:c6cc7231-7af6-4bc5-b281-565c53f21763/observations/quadrat_repeat[3],uuid:c6cc7231-7af6-4bc5-b281-565c53f21763/observations/quadrat_repeat[3]/additional_species_repeat[1]
2,reuse_missing,,,,,,,,,,,,c9c6df41-df82-4bc5-87b7-63b84898087d,Rhynchosia totta,,Rhynchosia totta,,,,,,,,,,,,uuid:c6cc7231-7af6-4bc5-b281-565c53f21763/observations/quadrat_repeat[3],uuid:c6cc7231-7af6-4bc5-b281-565c53f21763/observations/quadrat_repeat[3]/additional_species_repeat[2]
1,reuse_unknown,,,,,,861c0749-4626-47d9-aa35-25d7cbdec26a,herb_009,,,,,,,,herb_009,,,,,,,,,,,,uuid:c6cc7231-7af6-4bc5-b281-565c53f21763/observations/quadrat_repeat[4],uuid:c6cc7231-7af6-4bc5-b281-565c53f21763/observations/quadrat_repeat[4]/additional_species_repeat[1]
2,reuse_missing,,,,,,,,,,,,8c8d1146-7b63-440d-9262-4d0c6c3ef1fa,Macrotalyma daltonii,,Macrotalyma daltonii,,,,,,,,,,,,uuid:c6cc7231-7af6-4bc5-b281-565c53f21763/observations/quadrat_repeat[4],uuid:c6cc7231-7af6-4bc5-b281-565c53f21763/observations/quadrat_repeat[4]/additional_species_repeat[2]
1,reuse_unknown,,,,,,1c7e36b1-3abf-447f-bf83-377eddf82870,herb_010,,,,,,,,herb_010,,,,,,,,,,,,uuid:c6cc7231-7af6-4bc5-b281-565c53f21763/observations/quadrat_repeat[5],uuid:c6cc7231-7af6-4bc5-b281-565c53f21763/observations/quadrat_repeat[5]/additional_species_repeat[1]
2,reuse_unknown,,,,,,795b0715-6af6-4249-914c-0d4ec9f55692,herb_016,,,,,,,,herb_016,,,,,,,,,,,,uuid:c6cc7231-7af6-4bc5-b281-565c53f21763/observations/quadrat_repeat[5],uuid:c6cc7231-7af6-4bc5-b281-565c53f21763/observations/quadrat_repeat[5]/additional_species_repeat[2]
3,reuse_unknown,,,,,,eaddd154-6c59-4cdb-b06f-3a84ff2c6e67,herb_045,,,,,,,,herb_045,,,,,,,,,,,,uuid:c6cc7231-7af6-4bc5-b281-565c53f21763/observations/quadrat_repeat[5],uuid:c6cc7231-7af6-4bc5-b281-565c53f21763/observations/quadrat_repeat[5]/additional_species_repeat[3]
1,reuse_unknown,,,,,,c1697c58-50cd-4e1c-b10d-550b66e45676,herb_094,,,,,,,,herb_094,,,,,,,,,,,,uuid:c6cc7231-7af6-4bc5-b281-565c53f21763/observations/quadrat_repeat[6],uuid:c6cc7231-7af6-4bc5-b281-565c53f21763/observations/quadrat_repeat[6]/additional_species_repeat[1]
2,reuse_missing,,,,,,,,,,,,6cfa0d1b-d0f6-4a6c-bd0d-5a0c3e586d9b,Tephrosia purpurea,,Tephrosia purpurea,,,,,,,,,,,,uuid:c6cc7231-7af6-4bc5-b281-565c53f21763/observations/quadrat_repeat[6],uuid:c6cc7231-7af6-4bc5-b281-565c53f21763/observations/quadrat_repeat[6]/additional_species_repeat[2]
3,reuse_missing,,,,,,,,,,,,eacca28e-4664-4710-96b9-29a1ef6294ab,Pogonarthria fleckii,,Pogonarthria fleckii,,,,,,,,,,,,uuid:c6cc7231-7af6-4bc5-b281-565c53f21763/observations/quadrat_repeat[6],uuid:c6cc7231-7af6-4bc5-b281-565c53f21763/observations/quadrat_repeat[6]/additional_species_repeat[3]
1,reuse_unknown,,,,,,1c7e36b1-3abf-447f-bf83-377eddf82870,herb_010,,,,,,,,herb_010,,,,,,,,,,,,uuid:c6cc7231-7af6-4bc5-b281-565c53f21763/observations/quadrat_repeat[7],uuid:c6cc7231-7af6-4bc5-b281-565c53f21763/observations/quadrat_repeat[7]/additional_species_repeat[1]
1,reuse_missing,,,,,,,,,,,,eacca28e-4664-4710-96b9-29a1ef6294ab,Pogonarthria fleckii,,Pogonarthria fleckii,,,,,,,,,,,,uuid:c6cc7231-7af6-4bc5-b281-565c53f21763/observations/quadrat_repeat[8],uuid:c6cc7231-7af6-4bc5-b281-565c53f21763/observations/quadrat_repeat[8]/additional_species_repeat[1]
2,reuse_missing,,,,,,,,,,,,6cfa0d1b-d0f6-4a6c-bd0d-5a0c3e586d9b,Tephrosia purpurea,,Tephrosia purpurea,,,,,,,,,,,,uuid:c6cc7231-7af6-4bc5-b281-565c53f21763/observations/quadrat_repeat[8],uuid:c6cc7231-7af6-4bc5-b281-565c53f21763/observations/quadrat_repeat[8]/additional_species_repeat[2]
3,reuse_unknown,,,,,,c04014bb-ee9b-4db9-a053-9031f44f91a8,herb_017,,,,,,,,herb_017,,,,,,,,,,,,uuid:c6cc7231-7af6-4bc5-b281-565c53f21763/observations/quadrat_repeat[8],uuid:c6cc7231-7af6-4bc5-b281-565c53f21763/observations/quadrat_repeat[8]/additional_species_repeat[3]
1,reuse_missing,,,,,,,,,,,,6cfa0d1b-d0f6-4a6c-bd0d-5a0c3e586d9b,Tephrosia purpurea,,Tephrosia purpurea,,,,,,,,,,,,uuid:c6cc7231-7af6-4bc5-b281-565c53f21763/observations/quadrat_repeat[9],uuid:c6cc7231-7af6-4bc5-b281-565c53f21763/observations/quadrat_repeat[9]/additional_species_repeat[1]
2,reuse_missing,,,,,,,,,,,,eacca28e-4664-4710-96b9-29a1ef6294ab,Pogonarthria fleckii,,Pogonarthria fleckii,,,,,,,,,,,,uuid:c6cc7231-7af6-4bc5-b281-565c53f21763/observations/quadrat_repeat[9],uuid:c6cc7231-7af6-4bc5-b281-565c53f21763/observations/quadrat_repeat[9]/additional_species_repeat[2]
3,reuse_unknown,,,,,,c04014bb-ee9b-4db9-a053-9031f44f91a8,herb_017,,,,,,,,herb_017,,,,,,,,,,,,uuid:c6cc7231-7af6-4bc5-b281-565c53f21763/observations/quadrat_repeat[9],uuid:c6cc7231-7af6-4bc5-b281-565c53f21763/observations/quadrat_repeat[9]/additional_species_repeat[3]
1,reuse_missing,,,,,,,,,,,,eacca28e-4664-4710-96b9-29a1ef6294ab,Pogonarthria fleckii,,Pogonarthria fleckii,,,,,,,,,,,,uuid:c6cc7231-7af6-4bc5-b281-565c53f21763/observations/quadrat_repeat[10],uuid:c6cc7231-7af6-4bc5-b281-565c53f21763/observations/quadrat_repeat[10]/additional_species_repeat[1]
2,reuse_missing,,,,,,,,,,,,6cfa0d1b-d0f6-4a6c-bd0d-5a0c3e586d9b,Tephrosia purpurea,,Tephrosia purpurea,,,,,,,,,,,,uuid:c6cc7231-7af6-4bc5-b281-565c53f21763/observations/quadrat_repeat[10],uuid:c6cc7231-7af6-4bc5-b281-565c53f21763/observations/quadrat_repeat[10]/additional_species_repeat[2]
3,new_unknown,0,7f546152-afac-4615-973d-765ebd524ee0,101,herb_101,,,,,,,,,,,herb_101,herb_101,pending,unknown_species,active,,1779800486081.jpg,,,,,herb_101,uuid:c6cc7231-7af6-4bc5-b281-565c53f21763/observations/quadrat_repeat[10],uuid:c6cc7231-7af6-4bc5-b281-565c53f21763/observations/quadrat_repeat[10]/additional_species_repeat[3]
1,reuse_unknown,,,,,,795b0715-6af6-4249-914c-0d4ec9f55692,herb_016,,,,,,,,herb_016,,,,,,,,,,,,uuid:c6cc7231-7af6-4bc5-b281-565c53f21763/observations/quadrat_repeat[11],uuid:c6cc7231-7af6-4bc5-b281-565c53f21763/observations/quadrat_repeat[11]/additional_species_repeat[1]
2,reuse_unknown,,,,,,c04014bb-ee9b-4db9-a053-9031f44f91a8,herb_017,,,,,,,,herb_017,,,,,,,,,,,,uuid:c6cc7231-7af6-4bc5-b281-565c53f21763/observations/quadrat_repeat[11],uuid:c6cc7231-7af6-4bc5-b281-565c53f21763/observations/quadrat_repeat[11]/additional_species_repeat[2]
3,reuse_missing,,,,,,,,,,,,86e48f75-a0d5-4cae-b0c7-f03a025bb150,Evolvulus alsinoides ,,Evolvulus alsinoides ,,,,,,,,,,,,uuid:c6cc7231-7af6-4bc5-b281-565c53f21763/observations/quadrat_repeat[11],uuid:c6cc7231-7af6-4bc5-b281-565c53f21763/observations/quadrat_repeat[11]/additional_species_repeat[3]
1,reuse_unknown,,,,,,c04014bb-ee9b-4db9-a053-9031f44f91a8,herb_017,,,,,,,,herb_017,,,,,,,,,,,,uuid:c6cc7231-7af6-4bc5-b281-565c53f21763/observations/quadrat_repeat[12],uuid:c6cc7231-7af6-4bc5-b281-565c53f21763/observations/quadrat_repeat[12]/additional_species_repeat[1]
2,reuse_missing,,,,,,,,,,,,6cfa0d1b-d0f6-4a6c-bd0d-5a0c3e586d9b,Tephrosia purpurea,,Tephrosia purpurea,,,,,,,,,,,,uuid:c6cc7231-7af6-4bc5-b281-565c53f21763/observations/quadrat_repeat[12],uuid:c6cc7231-7af6-4bc5-b281-565c53f21763/observations/quadrat_repeat[12]/additional_species_repeat[2]
1,reuse_missing,,,,,,,,,,,,895bce64-ba76-494b-9f25-aef306fddca0,Xenostegia tridentata,,Xenostegia tridentata,,,,,,,,,,,,uuid:c6cc7231-7af6-4bc5-b281-565c53f21763/observations/quadrat_repeat[13],uuid:c6cc7231-7af6-4bc5-b281-565c53f21763/observations/quadrat_repeat[13]/additional_species_repeat[1]
2,reuse_unknown,,,,,,c04014bb-ee9b-4db9-a053-9031f44f91a8,herb_017,,,,,,,,herb_017,,,,,,,,,,,,uuid:c6cc7231-7af6-4bc5-b281-565c53f21763/observations/quadrat_repeat[13],uuid:c6cc7231-7af6-4bc5-b281-565c53f21763/observations/quadrat_repeat[13]/additional_species_repeat[2]
3,new_missing,1,86006328-b762-4106-ae57-e5d76a35d55d,102,,,,,,herb_102,Cyperus margaritaceus,,,,,herb_102 (Cyperus margaritaceus),Cyperus margaritaceus,pending,missing_species,active,,1779800661593.jpg,,,,,Cyperus margaritaceus,uuid:c6cc7231-7af6-4bc5-b281-565c53f21763/observations/quadrat_repeat[13],uuid:c6cc7231-7af6-4bc5-b281-565c53f21763/observations/quadrat_repeat[13]/additional_species_repeat[3]
1,reuse_unknown,,,,,,1c7e36b1-3abf-447f-bf83-377eddf82870,herb_010,,,,,,,,herb_010,,,,,,,,,,,,uuid:c6cc7231-7af6-4bc5-b281-565c53f21763/observations/quadrat_repeat[14],uuid:c6cc7231-7af6-4bc5-b281-565c53f21763/observations/quadrat_repeat[14]/additional_species_repeat[1]
2,reuse_missing,,,,,,,,,,,,eacca28e-4664-4710-96b9-29a1ef6294ab,Pogonarthria fleckii,,Pogonarthria fleckii,,,,,,,,,,,,uuid:c6cc7231-7af6-4bc5-b281-565c53f21763/observations/quadrat_repeat[14],uuid:c6cc7231-7af6-4bc5-b281-565c53f21763/observations/quadrat_repeat[14]/additional_species_repeat[2]
3,reuse_missing,,,,,,,,,,,,6cfa0d1b-d0f6-4a6c-bd0d-5a0c3e586d9b,Tephrosia purpurea,,Tephrosia purpurea,,,,,,,,,,,,uuid:c6cc7231-7af6-4bc5-b281-565c53f21763/observations/quadrat_repeat[14],uuid:c6cc7231-7af6-4bc5-b281-565c53f21763/observations/quadrat_repeat[14]/additional_species_repeat[3]
1,reuse_unknown,,,,,,029992eb-bc34-46d0-83ce-adb65fedf6d9,herb_054,,,,,,,,herb_054,,,,,,,,,,,,uuid:c6cc7231-7af6-4bc5-b281-565c53f21763/observations/quadrat_repeat[15],uuid:c6cc7231-7af6-4bc5-b281-565c53f21763/observations/quadrat_repeat[15]/additional_species_repeat[1]
2,reuse_missing,,,,,,,,,,,,eacca28e-4664-4710-96b9-29a1ef6294ab,Pogonarthria fleckii,,Pogonarthria fleckii,,,,,,,,,,,,uuid:c6cc7231-7af6-4bc5-b281-565c53f21763/observations/quadrat_repeat[15],uuid:c6cc7231-7af6-4bc5-b281-565c53f21763/observations/quadrat_repeat[15]/additional_species_repeat[2]
1,reuse_unknown,,,,,,861c0749-4626-47d9-aa35-25d7cbdec26a,herb_009,,,,,,,,herb_009,,,,,,,,,,,,uuid:c6cc7231-7af6-4bc5-b281-565c53f21763/observations/quadrat_repeat[16],uuid:c6cc7231-7af6-4bc5-b281-565c53f21763/observations/quadrat_repeat[16]/additional_species_repeat[1]
2,reuse_unknown,,,,,,1c7e36b1-3abf-447f-bf83-377eddf82870,herb_010,,,,,,,,herb_010,,,,,,,,,,,,uuid:c6cc7231-7af6-4bc5-b281-565c53f21763/observations/quadrat_repeat[16],uuid:c6cc7231-7af6-4bc5-b281-565c53f21763/observations/quadrat_repeat[16]/additional_species_repeat[2]
1,reuse_unknown,,,,,,1c7e36b1-3abf-447f-bf83-377eddf82870,herb_010,,,,,,,,herb_010,,,,,,,,,,,,uuid:c6cc7231-7af6-4bc5-b281-565c53f21763/observations/quadrat_repeat[17],uuid:c6cc7231-7af6-4bc5-b281-565c53f21763/observations/quadrat_repeat[17]/additional_species_repeat[1]
2,reuse_unknown,,,,,,389d329c-62fe-4ded-80f2-3599fb31c5b6,herb_024,,,,,,,,herb_024,,,,,,,,,,,,uuid:c6cc7231-7af6-4bc5-b281-565c53f21763/observations/quadrat_repeat[17],uuid:c6cc7231-7af6-4bc5-b281-565c53f21763/observations/quadrat_repeat[17]/additional_species_repeat[2]
3,reuse_unknown,,,,,,ca871a91-6bf3-405f-a0f2-548575363579,herb_029,,,,,,,,herb_029,,,,,,,,,,,,uuid:c6cc7231-7af6-4bc5-b281-565c53f21763/observations/quadrat_repeat[17],uuid:c6cc7231-7af6-4bc5-b281-565c53f21763/observations/quadrat_repeat[17]/additional_species_repeat[3]
1,reuse_missing,,,,,,,,,,,,c9c6df41-df82-4bc5-87b7-63b84898087d,Rhynchosia totta,,Rhynchosia totta,,,,,,,,,,,,uuid:c6cc7231-7af6-4bc5-b281-565c53f21763/observations/quadrat_repeat[18],uuid:c6cc7231-7af6-4bc5-b281-565c53f21763/observations/quadrat_repeat[18]/additional_species_repeat[1]
2,reuse_missing,,,,,,,,,,,,eacca28e-4664-4710-96b9-29a1ef6294ab,Pogonarthria fleckii,,Pogonarthria fleckii,,,,,,,,,,,,uuid:c6cc7231-7af6-4bc5-b281-565c53f21763/observations/quadrat_repeat[18],uuid:c6cc7231-7af6-4bc5-b281-565c53f21763/observations/quadrat_repeat[18]/additional_species_repeat[2]
1,reuse_missing,,,,,,,,,,,,c9c6df41-df82-4bc5-87b7-63b84898087d,Rhynchosia totta,,Rhynchosia totta,,,,,,,,,,,,uuid:c6cc7231-7af6-4bc5-b281-565c53f21763/observations/quadrat_repeat[20],uuid:c6cc7231-7af6-4bc5-b281-565c53f21763/observations/quadrat_repeat[20]/additional_species_repeat[1]
2,reuse_unknown,,,,,,1c7e36b1-3abf-447f-bf83-377eddf82870,herb_010,,,,,,,,herb_010,,,,,,,,,,,,uuid:c6cc7231-7af6-4bc5-b281-565c53f21763/observations/quadrat_repeat[20],uuid:c6cc7231-7af6-4bc5-b281-565c53f21763/observations/quadrat_repeat[20]/additional_species_repeat[2]
3,reuse_unknown,,,,,,6b4d87ce-546c-471a-b9a1-04721386337f,herb_011,,,,,,,,herb_011,,,,,,,,,,,,uuid:c6cc7231-7af6-4bc5-b281-565c53f21763/observations/quadrat_repeat[20],uuid:c6cc7231-7af6-4bc5-b281-565c53f21763/observations/quadrat_repeat[20]/additional_species_repeat[3]
1,reuse_unknown,,,,,,1c7e36b1-3abf-447f-bf83-377eddf82870,herb_010,,,,,,,,herb_010,,,,,,,,,,,,uuid:49d73df9-2d36-4a1e-aa29-6f94f23a7513/observations/quadrat_repeat[1],uuid:49d73df9-2d36-4a1e-aa29-6f94f23a7513/observations/quadrat_repeat[1]/additional_species_repeat[1]
2,reuse_unknown,,,,,,eaddd154-6c59-4cdb-b06f-3a84ff2c6e67,herb_045,,,,,,,,herb_045,,,,,,,,,,,,uuid:49d73df9-2d36-4a1e-aa29-6f94f23a7513/observations/quadrat_repeat[1],uuid:49d73df9-2d36-4a1e-aa29-6f94f23a7513/observations/quadrat_repeat[1]/additional_species_repeat[2]
3,reuse_missing,,,,,,,,,,,,c9c6df41-df82-4bc5-87b7-63b84898087d,Rhynchosia totta,,Rhynchosia totta,,,,,,,,,,,,uuid:49d73df9-2d36-4a1e-aa29-6f94f23a7513/observations/quadrat_repeat[1],uuid:49d73df9-2d36-4a1e-aa29-6f94f23a7513/observations/quadrat_repeat[1]/additional_species_repeat[3]
1,reuse_unknown,,,,,,1c7e36b1-3abf-447f-bf83-377eddf82870,herb_010,,,,,,,,herb_010,,,,,,,,,,,,uuid:49d73df9-2d36-4a1e-aa29-6f94f23a7513/observations/quadrat_repeat[2],uuid:49d73df9-2d36-4a1e-aa29-6f94f23a7513/observations/quadrat_repeat[2]/additional_species_repeat[1]
1,reuse_unknown,,,,,,1c7e36b1-3abf-447f-bf83-377eddf82870,herb_010,,,,,,,,herb_010,,,,,,,,,,,,uuid:49d73df9-2d36-4a1e-aa29-6f94f23a7513/observations/quadrat_repeat[3],uuid:49d73df9-2d36-4a1e-aa29-6f94f23a7513/observations/quadrat_repeat[3]/additional_species_repeat[1]
2,reuse_missing,,,,,,,,,,,,c9c6df41-df82-4bc5-87b7-63b84898087d,Rhynchosia totta,,Rhynchosia totta,,,,,,,,,,,,uuid:49d73df9-2d36-4a1e-aa29-6f94f23a7513/observations/quadrat_repeat[3],uuid:49d73df9-2d36-4a1e-aa29-6f94f23a7513/observations/quadrat_repeat[3]/additional_species_repeat[2]
1,reuse_unknown,,,,,,861c0749-4626-47d9-aa35-25d7cbdec26a,herb_009,,,,,,,,herb_009,,,,,,,,,,,,uuid:49d73df9-2d36-4a1e-aa29-6f94f23a7513/observations/quadrat_repeat[4],uuid:49d73df9-2d36-4a1e-aa29-6f94f23a7513/observations/quadrat_repeat[4]/additional_species_repeat[1]
2,reuse_unknown,,,,,,1c7e36b1-3abf-447f-bf83-377eddf82870,herb_010,,,,,,,,herb_010,,,,,,,,,,,,uuid:49d73df9-2d36-4a1e-aa29-6f94f23a7513/observations/quadrat_repeat[4],uuid:49d73df9-2d36-4a1e-aa29-6f94f23a7513/observations/quadrat_repeat[4]/additional_species_repeat[2]
3,reuse_missing,,,,,,,,,,,,c9c6df41-df82-4bc5-87b7-63b84898087d,Rhynchosia totta,,Rhynchosia totta,,,,,,,,,,,,uuid:49d73df9-2d36-4a1e-aa29-6f94f23a7513/observations/quadrat_repeat[4],uuid:49d73df9-2d36-4a1e-aa29-6f94f23a7513/observations/quadrat_repeat[4]/additional_species_repeat[3]
4,reuse_missing,,,,,,,,,,,,eacca28e-4664-4710-96b9-29a1ef6294ab,Pogonarthria fleckii,,Pogonarthria fleckii,,,,,,,,,,,,uuid:49d73df9-2d36-4a1e-aa29-6f94f23a7513/observations/quadrat_repeat[4],uuid:49d73df9-2d36-4a1e-aa29-6f94f23a7513/observations/quadrat_repeat[4]/additional_species_repeat[4]
1,reuse_unknown,,,,,,1c7e36b1-3abf-447f-bf83-377eddf82870,herb_010,,,,,,,,herb_010,,,,,,,,,,,,uuid:49d73df9-2d36-4a1e-aa29-6f94f23a7513/observations/quadrat_repeat[5],uuid:49d73df9-2d36-4a1e-aa29-6f94f23a7513/observations/quadrat_repeat[5]/additional_species_repeat[1]
2,reuse_unknown,,,,,,795b0715-6af6-4249-914c-0d4ec9f55692,herb_016,,,,,,,,herb_016,,,,,,,,,,,,uuid:49d73df9-2d36-4a1e-aa29-6f94f23a7513/observations/quadrat_repeat[5],uuid:49d73df9-2d36-4a1e-aa29-6f94f23a7513/observations/quadrat_repeat[5]/additional_species_repeat[2]
3,reuse_missing,,,,,,,,,,,,eacca28e-4664-4710-96b9-29a1ef6294ab,Pogonarthria fleckii,,Pogonarthria fleckii,,,,,,,,,,,,uuid:49d73df9-2d36-4a1e-aa29-6f94f23a7513/observations/quadrat_repeat[5],uuid:49d73df9-2d36-4a1e-aa29-6f94f23a7513/observations/quadrat_repeat[5]/additional_species_repeat[3]
1,reuse_unknown,,,,,,fee329ca-e301-4c77-9fe8-dda15a1ef3cc,herb_002,,,,,,,,herb_002,,,,,,,,,,,,uuid:49d73df9-2d36-4a1e-aa29-6f94f23a7513/observations/quadrat_repeat[6],uuid:49d73df9-2d36-4a1e-aa29-6f94f23a7513/observations/quadrat_repeat[6]/additional_species_repeat[1]
2,reuse_missing,,,,,,,,,,,,6cfa0d1b-d0f6-4a6c-bd0d-5a0c3e586d9b,Tephrosia purpurea,,Tephrosia purpurea,,,,,,,,,,,,uuid:49d73df9-2d36-4a1e-aa29-6f94f23a7513/observations/quadrat_repeat[6],uuid:49d73df9-2d36-4a1e-aa29-6f94f23a7513/observations/quadrat_repeat[6]/additional_species_repeat[2]
1,reuse_missing,,,,,,,,,,,,43214fc0-8a13-4af6-bc50-5b2ff891d955,Oldenladia corymbosa,,Oldenladia corymbosa,,,,,,,,,,,,uuid:49d73df9-2d36-4a1e-aa29-6f94f23a7513/observations/quadrat_repeat[7],uuid:49d73df9-2d36-4a1e-aa29-6f94f23a7513/observations/quadrat_repeat[7]/additional_species_repeat[1]
1,reuse_missing,,,,,,,,,,,,6cfa0d1b-d0f6-4a6c-bd0d-5a0c3e586d9b,Tephrosia purpurea,,Tephrosia purpurea,,,,,,,,,,,,uuid:49d73df9-2d36-4a1e-aa29-6f94f23a7513/observations/quadrat_repeat[8],uuid:49d73df9-2d36-4a1e-aa29-6f94f23a7513/observations/quadrat_repeat[8]/additional_species_repeat[1]
2,reuse_missing,,,,,,,,,,,,eacca28e-4664-4710-96b9-29a1ef6294ab,Pogonarthria fleckii,,Pogonarthria fleckii,,,,,,,,,,,,uuid:49d73df9-2d36-4a1e-aa29-6f94f23a7513/observations/quadrat_repeat[8],uuid:49d73df9-2d36-4a1e-aa29-6f94f23a7513/observations/quadrat_repeat[8]/additional_species_repeat[2]
1,new_unknown,0,7f546152-afac-4615-973d-765ebd524ee0,101,herb_101,,,,,,,,,,,herb_101,herb_101,pending,unknown_species,active,,1779783665870.jpg,,,,,herb_101,uuid:49d73df9-2d36-4a1e-aa29-6f94f23a7513/observations/quadrat_repeat[9],uuid:49d73df9-2d36-4a1e-aa29-6f94f23a7513/observations/quadrat_repeat[9]/additional_species_repeat[1]
2,reuse_unknown,,,,,,c04014bb-ee9b-4db9-a053-9031f44f91a8,herb_017,,,,,,,,herb_017,,,,,,,,,,,,uuid:49d73df9-2d36-4a1e-aa29-6f94f23a7513/observations/quadrat_repeat[9],uuid:49d73df9-2d36-4a1e-aa29-6f94f23a7513/observations/quadrat_repeat[9]/additional_species_repeat[2]
3,reuse_missing,,,,,,,,,,,,6cfa0d1b-d0f6-4a6c-bd0d-5a0c3e586d9b,Tephrosia purpurea,,Tephrosia purpurea,,,,,,,,,,,,uuid:49d73df9-2d36-4a1e-aa29-6f94f23a7513/observations/quadrat_repeat[9],uuid:49d73df9-2d36-4a1e-aa29-6f94f23a7513/observations/quadrat_repeat[9]/additional_species_repeat[3]
4,reuse_missing,,,,,,,,,,,,eacca28e-4664-4710-96b9-29a1ef6294ab,Pogonarthria fleckii,,Pogonarthria fleckii,,,,,,,,,,,,uuid:49d73df9-2d36-4a1e-aa29-6f94f23a7513/observations/quadrat_repeat[9],uuid:49d73df9-2d36-4a1e-aa29-6f94f23a7513/observations/quadrat_repeat[9]/additional_species_repeat[4]
1,reuse_unknown,,,,,,c04014bb-ee9b-4db9-a053-9031f44f91a8,herb_017,,,,,,,,herb_017,,,,,,,,,,,,uuid:49d73df9-2d36-4a1e-aa29-6f94f23a7513/observations/quadrat_repeat[10],uuid:49d73df9-2d36-4a1e-aa29-6f94f23a7513/observations/quadrat_repeat[10]/additional_species_repeat[1]
2,reuse_missing,,,,,,,,,,,,6cfa0d1b-d0f6-4a6c-bd0d-5a0c3e586d9b,Tephrosia purpurea,,Tephrosia purpurea,,,,,,,,,,,,uuid:49d73df9-2d36-4a1e-aa29-6f94f23a7513/observations/quadrat_repeat[10],uuid:49d73df9-2d36-4a1e-aa29-6f94f23a7513/observations/quadrat_repeat[10]/additional_species_repeat[2]
3,reuse_missing,,,,,,,,,,,,eacca28e-4664-4710-96b9-29a1ef6294ab,Pogonarthria fleckii,,Pogonarthria fleckii,,,,,,,,,,,,uuid:49d73df9-2d36-4a1e-aa29-6f94f23a7513/observations/quadrat_repeat[10],uuid:49d73df9-2d36-4a1e-aa29-6f94f23a7513/observations/quadrat_repeat[10]/additional_species_repeat[3]
4,reuse_unknown,,,,,,7f546152-afac-4615-973d-765ebd524ee0,herb_101,,,,,,,,herb_101,,,,,,,,,,,,uuid:49d73df9-2d36-4a1e-aa29-6f94f23a7513/observations/quadrat_repeat[10],uuid:49d73df9-2d36-4a1e-aa29-6f94f23a7513/observations/quadrat_repeat[10]/additional_species_repeat[4]
1,reuse_unknown,,,,,,795b0715-6af6-4249-914c-0d4ec9f55692,herb_016,,,,,,,,herb_016,,,,,,,,,,,,uuid:49d73df9-2d36-4a1e-aa29-6f94f23a7513/observations/quadrat_repeat[11],uuid:49d73df9-2d36-4a1e-aa29-6f94f23a7513/observations/quadrat_repeat[11]/additional_species_repeat[1]
2,reuse_unknown,,,,,,c04014bb-ee9b-4db9-a053-9031f44f91a8,herb_017,,,,,,,,herb_017,,,,,,,,,,,,uuid:49d73df9-2d36-4a1e-aa29-6f94f23a7513/observations/quadrat_repeat[11],uuid:49d73df9-2d36-4a1e-aa29-6f94f23a7513/observations/quadrat_repeat[11]/additional_species_repeat[2]
3,reuse_missing,,,,,,,,,,,,86e48f75-a0d5-4cae-b0c7-f03a025bb150,Evolvulus alsinoides ,,Evolvulus alsinoides ,,,,,,,,,,,,uuid:49d73df9-2d36-4a1e-aa29-6f94f23a7513/observations/quadrat_repeat[11],uuid:49d73df9-2d36-4a1e-aa29-6f94f23a7513/observations/quadrat_repeat[11]/additional_species_repeat[3]
1,reuse_missing,,,,,,,,,,,,6cfa0d1b-d0f6-4a6c-bd0d-5a0c3e586d9b,Tephrosia purpurea,,Tephrosia purpurea,,,,,,,,,,,,uuid:49d73df9-2d36-4a1e-aa29-6f94f23a7513/observations/quadrat_repeat[12],uuid:49d73df9-2d36-4a1e-aa29-6f94f23a7513/observations/quadrat_repeat[12]/additional_species_repeat[1]
2,reuse_unknown,,,,,,c04014bb-ee9b-4db9-a053-9031f44f91a8,herb_017,,,,,,,,herb_017,,,,,,,,,,,,uuid:49d73df9-2d36-4a1e-aa29-6f94f23a7513/observations/quadrat_repeat[12],uuid:49d73df9-2d36-4a1e-aa29-6f94f23a7513/observations/quadrat_repeat[12]/additional_species_repeat[2]
3,reuse_unknown,,,,,,7f546152-afac-4615-973d-765ebd524ee0,herb_101,,,,,,,,herb_101,,,,,,,,,,,,uuid:49d73df9-2d36-4a1e-aa29-6f94f23a7513/observations/quadrat_repeat[12],uuid:49d73df9-2d36-4a1e-aa29-6f94f23a7513/observations/quadrat_repeat[12]/additional_species_repeat[3]
1,reuse_unknown,,,,,,c04014bb-ee9b-4db9-a053-9031f44f91a8,herb_017,,,,,,,,herb_017,,,,,,,,,,,,uuid:49d73df9-2d36-4a1e-aa29-6f94f23a7513/observations/quadrat_repeat[13],uuid:49d73df9-2d36-4a1e-aa29-6f94f23a7513/observations/quadrat_repeat[13]/additional_species_repeat[1]
2,new_missing,1,86006328-b762-4106-ae57-e5d76a35d55d,102,,,,,,herb_102,Cyperus margaritaceus,,,,,herb_102 (Cyperus margaritaceus),Cyperus margaritaceus,pending,missing_species,active,,1779784558604.jpg,1779784574995.jpg,,,,Cyperus margaritaceus,uuid:49d73df9-2d36-4a1e-aa29-6f94f23a7513/observations/quadrat_repeat[13],uuid:49d73df9-2d36-4a1e-aa29-6f94f23a7513/observations/quadrat_repeat[13]/additional_species_repeat[2]
1,reuse_unknown,,,,,,c04014bb-ee9b-4db9-a053-9031f44f91a8,herb_017,,,,,,,,herb_017,,,,,,,,,,,,uuid:49d73df9-2d36-4a1e-aa29-6f94f23a7513/observations/quadrat_repeat[14],uuid:49d73df9-2d36-4a1e-aa29-6f94f23a7513/observations/quadrat_repeat[14]/additional_species_repeat[1]
2,reuse_unknown,,,,,,861c0749-4626-47d9-aa35-25d7cbdec26a,herb_009,,,,,,,,herb_009,,,,,,,,,,,,uuid:49d73df9-2d36-4a1e-aa29-6f94f23a7513/observations/quadrat_repeat[14],uuid:49d73df9-2d36-4a1e-aa29-6f94f23a7513/observations/quadrat_repeat[14]/additional_species_repeat[2]
3,reuse_missing,,,,,,,,,,,,6cfa0d1b-d0f6-4a6c-bd0d-5a0c3e586d9b,Tephrosia purpurea,,Tephrosia purpurea,,,,,,,,,,,,uuid:49d73df9-2d36-4a1e-aa29-6f94f23a7513/observations/quadrat_repeat[14],uuid:49d73df9-2d36-4a1e-aa29-6f94f23a7513/observations/quadrat_repeat[14]/additional_species_repeat[3]
1,reuse_unknown,,,,,,029992eb-bc34-46d0-83ce-adb65fedf6d9,herb_054,,,,,,,,herb_054,,,,,,,,,,,,uuid:49d73df9-2d36-4a1e-aa29-6f94f23a7513/observations/quadrat_repeat[15],uuid:49d73df9-2d36-4a1e-aa29-6f94f23a7513/observations/quadrat_repeat[15]/additional_species_repeat[1]
2,reuse_unknown,,,,,,1c7e36b1-3abf-447f-bf83-377eddf82870,herb_010,,,,,,,,herb_010,,,,,,,,,,,,uuid:49d73df9-2d36-4a1e-aa29-6f94f23a7513/observations/quadrat_repeat[15],uuid:49d73df9-2d36-4a1e-aa29-6f94f23a7513/observations/quadrat_repeat[15]/additional_species_repeat[2]
1,reuse_unknown,,,,,,eaddd154-6c59-4cdb-b06f-3a84ff2c6e67,herb_045,,,,,,,,herb_045,,,,,,,,,,,,uuid:49d73df9-2d36-4a1e-aa29-6f94f23a7513/observations/quadrat_repeat[16],uuid:49d73df9-2d36-4a1e-aa29-6f94f23a7513/observations/quadrat_repeat[16]/additional_species_repeat[1]
2,reuse_unknown,,,,,,861c0749-4626-47d9-aa35-25d7cbdec26a,herb_009,,,,,,,,herb_009,,,,,,,,,,,,uuid:49d73df9-2d36-4a1e-aa29-6f94f23a7513/observations/quadrat_repeat[16],uuid:49d73df9-2d36-4a1e-aa29-6f94f23a7513/observations/quadrat_repeat[16]/additional_species_repeat[2]
3,reuse_unknown,,,,,,1c7e36b1-3abf-447f-bf83-377eddf82870,herb_010,,,,,,,,herb_010,,,,,,,,,,,,uuid:49d73df9-2d36-4a1e-aa29-6f94f23a7513/observations/quadrat_repeat[16],uuid:49d73df9-2d36-4a1e-aa29-6f94f23a7513/observations/quadrat_repeat[16]/additional_species_repeat[3]
1,reuse_unknown,,,,,,ca871a91-6bf3-405f-a0f2-548575363579,herb_029,,,,,,,,herb_029,,,,,,,,,,,,uuid:49d73df9-2d36-4a1e-aa29-6f94f23a7513/observations/quadrat_repeat[17],uuid:49d73df9-2d36-4a1e-aa29-6f94f23a7513/observations/quadrat_repeat[17]/additional_species_repeat[1]
2,reuse_unknown,,,,,,861c0749-4626-47d9-aa35-25d7cbdec26a,herb_009,,,,,,,,herb_009,,,,,,,,,,,,uuid:49d73df9-2d36-4a1e-aa29-6f94f23a7513/observations/quadrat_repeat[17],uuid:49d73df9-2d36-4a1e-aa29-6f94f23a7513/observations/quadrat_repeat[17]/additional_species_repeat[2]
1,reuse_missing,,,,,,,,,,,,c9c6df41-df82-4bc5-87b7-63b84898087d,Rhynchosia totta,,Rhynchosia totta,,,,,,,,,,,,uuid:49d73df9-2d36-4a1e-aa29-6f94f23a7513/observations/quadrat_repeat[18],uuid:49d73df9-2d36-4a1e-aa29-6f94f23a7513/observations/quadrat_repeat[18]/additional_species_repeat[1]
1,reuse_unknown,,,,,,861c0749-4626-47d9-aa35-25d7cbdec26a,herb_009,,,,,,,,herb_009,,,,,,,,,,,,uuid:49d73df9-2d36-4a1e-aa29-6f94f23a7513/observations/quadrat_repeat[20],uuid:49d73df9-2d36-4a1e-aa29-6f94f23a7513/observations/quadrat_repeat[20]/additional_species_repeat[1]
2,reuse_missing,,,,,,,,,,,,6cfa0d1b-d0f6-4a6c-bd0d-5a0c3e586d9b,Tephrosia purpurea,,Tephrosia purpurea,,,,,,,,,,,,uuid:49d73df9-2d36-4a1e-aa29-6f94f23a7513/observations/quadrat_repeat[20],uuid:49d73df9-2d36-4a1e-aa29-6f94f23a7513/observations/quadrat_repeat[20]/additional_species_repeat[2]
1,reuse_missing,,,,,,,,,,,,6cfa0d1b-d0f6-4a6c-bd0d-5a0c3e586d9b,Tephrosia purpurea,,Tephrosia purpurea,,,,,,,,,,,,uuid:cf362fbc-991a-4db1-8d49-6c1d29fd49c8/observations/quadrat_repeat[1],uuid:cf362fbc-991a-4db1-8d49-6c1d29fd49c8/observations/quadrat_repeat[1]/additional_species_repeat[1]
1,reuse_unknown,,,,,,6b4d87ce-546c-471a-b9a1-04721386337f,herb_011,,,,,,,,herb_011,,,,,,,,,,,,uuid:cf362fbc-991a-4db1-8d49-6c1d29fd49c8/observations/quadrat_repeat[2],uuid:cf362fbc-991a-4db1-8d49-6c1d29fd49c8/observations/quadrat_repeat[2]/additional_species_repeat[1]
2,reuse_missing,,,,,,,,,,,,43214fc0-8a13-4af6-bc50-5b2ff891d955,Oldenladia corymbosa,,Oldenladia corymbosa,,,,,,,,,,,,uuid:cf362fbc-991a-4db1-8d49-6c1d29fd49c8/observations/quadrat_repeat[2],uuid:cf362fbc-991a-4db1-8d49-6c1d29fd49c8/observations/quadrat_repeat[2]/additional_species_repeat[2]
3,reuse_missing,,,,,,,,,,,,6cfa0d1b-d0f6-4a6c-bd0d-5a0c3e586d9b,Tephrosia purpurea,,Tephrosia purpurea,,,,,,,,,,,,uuid:cf362fbc-991a-4db1-8d49-6c1d29fd49c8/observations/quadrat_repeat[2],uuid:cf362fbc-991a-4db1-8d49-6c1d29fd49c8/observations/quadrat_repeat[2]/additional_species_repeat[3]
4,reuse_missing,,,,,,,,,,,,43214fc0-8a13-4af6-bc50-5b2ff891d955,Oldenladia corymbosa,,Oldenladia corymbosa,,,,,,,,,,,,uuid:cf362fbc-991a-4db1-8d49-6c1d29fd49c8/observations/quadrat_repeat[2],uuid:cf362fbc-991a-4db1-8d49-6c1d29fd49c8/observations/quadrat_repeat[2]/additional_species_repeat[4]
1,reuse_missing,,,,,,,,,,,,6cfa0d1b-d0f6-4a6c-bd0d-5a0c3e586d9b,Tephrosia purpurea,,Tephrosia purpurea,,,,,,,,,,,,uuid:cf362fbc-991a-4db1-8d49-6c1d29fd49c8/observations/quadrat_repeat[3],uuid:cf362fbc-991a-4db1-8d49-6c1d29fd49c8/observations/quadrat_repeat[3]/additional_species_repeat[1]
2,reuse_missing,,,,,,,,,,,,43214fc0-8a13-4af6-bc50-5b2ff891d955,Oldenladia corymbosa,,Oldenladia corymbosa,,,,,,,,,,,,uuid:cf362fbc-991a-4db1-8d49-6c1d29fd49c8/observations/quadrat_repeat[3],uuid:cf362fbc-991a-4db1-8d49-6c1d29fd49c8/observations/quadrat_repeat[3]/additional_species_repeat[2]
3,reuse_missing,,,,,,,,,,,,27e0c6dd-e4b3-46e3-a446-c47be544bac9,Zornia glochidiala,,Zornia glochidiala,,,,,,,,,,,,uuid:cf362fbc-991a-4db1-8d49-6c1d29fd49c8/observations/quadrat_repeat[3],uuid:cf362fbc-991a-4db1-8d49-6c1d29fd49c8/observations/quadrat_repeat[3]/additional_species_repeat[3]
1,reuse_missing,,,,,,,,,,,,86e48f75-a0d5-4cae-b0c7-f03a025bb150,Evolvulus alsinoides ,,Evolvulus alsinoides ,,,,,,,,,,,,uuid:cf362fbc-991a-4db1-8d49-6c1d29fd49c8/observations/quadrat_repeat[4],uuid:cf362fbc-991a-4db1-8d49-6c1d29fd49c8/observations/quadrat_repeat[4]/additional_species_repeat[1]
2,reuse_missing,,,,,,,,,,,,c20ca3f8-38b6-47cf-9050-f3fd9cb7a13b,Aristida scabrivalvis,,Aristida scabrivalvis,,,,,,,,,,,,uuid:cf362fbc-991a-4db1-8d49-6c1d29fd49c8/observations/quadrat_repeat[4],uuid:cf362fbc-991a-4db1-8d49-6c1d29fd49c8/observations/quadrat_repeat[4]/additional_species_repeat[2]
3,reuse_missing,,,,,,,,,,,,6cfa0d1b-d0f6-4a6c-bd0d-5a0c3e586d9b,Tephrosia purpurea,,Tephrosia purpurea,,,,,,,,,,,,uuid:cf362fbc-991a-4db1-8d49-6c1d29fd49c8/observations/quadrat_repeat[4],uuid:cf362fbc-991a-4db1-8d49-6c1d29fd49c8/observations/quadrat_repeat[4]/additional_species_repeat[3]
4,new_unknown,0,24319a69-64ce-40d4-95bc-f9eb7044536c,100,herb_100,,,,,,,,,,,herb_100,herb_100,pending,unknown_species,active,,1779777873476.jpg,,,,,herb_100,uuid:cf362fbc-991a-4db1-8d49-6c1d29fd49c8/observations/quadrat_repeat[4],uuid:cf362fbc-991a-4db1-8d49-6c1d29fd49c8/observations/quadrat_repeat[4]/additional_species_repeat[4]
1,reuse_missing,,,,,,,,,,,,86e48f75-a0d5-4cae-b0c7-f03a025bb150,Evolvulus alsinoides ,,Evolvulus alsinoides ,,,,,,,,,,,,uuid:cf362fbc-991a-4db1-8d49-6c1d29fd49c8/observations/quadrat_repeat[5],uuid:cf362fbc-991a-4db1-8d49-6c1d29fd49c8/observations/quadrat_repeat[5]/additional_species_repeat[1]
1,reuse_missing,,,,,,,,,,,,eacca28e-4664-4710-96b9-29a1ef6294ab,Pogonarthria fleckii,,Pogonarthria fleckii,,,,,,,,,,,,uuid:cf362fbc-991a-4db1-8d49-6c1d29fd49c8/observations/quadrat_repeat[6],uuid:cf362fbc-991a-4db1-8d49-6c1d29fd49c8/observations/quadrat_repeat[6]/additional_species_repeat[1]
2,reuse_missing,,,,,,,,,,,,86e48f75-a0d5-4cae-b0c7-f03a025bb150,Evolvulus alsinoides ,,Evolvulus alsinoides ,,,,,,,,,,,,uuid:cf362fbc-991a-4db1-8d49-6c1d29fd49c8/observations/quadrat_repeat[6],uuid:cf362fbc-991a-4db1-8d49-6c1d29fd49c8/observations/quadrat_repeat[6]/additional_species_repeat[2]
1,reuse_missing,,,,,,,,,,,,c20ca3f8-38b6-47cf-9050-f3fd9cb7a13b,Aristida scabrivalvis,,Aristida scabrivalvis,,,,,,,,,,,,uuid:cf362fbc-991a-4db1-8d49-6c1d29fd49c8/observations/quadrat_repeat[7],uuid:cf362fbc-991a-4db1-8d49-6c1d29fd49c8/observations/quadrat_repeat[7]/additional_species_repeat[1]
2,reuse_missing,,,,,,,,,,,,eacca28e-4664-4710-96b9-29a1ef6294ab,Pogonarthria fleckii,,Pogonarthria fleckii,,,,,,,,,,,,uuid:cf362fbc-991a-4db1-8d49-6c1d29fd49c8/observations/quadrat_repeat[7],uuid:cf362fbc-991a-4db1-8d49-6c1d29fd49c8/observations/quadrat_repeat[7]/additional_species_repeat[2]
1,reuse_missing,,,,,,,,,,,,4821f54d-4b1b-4005-a7ce-0e57846592ea,Phyllanthus pantandrus,,Phyllanthus pantandrus,,,,,,,,,,,,uuid:cf362fbc-991a-4db1-8d49-6c1d29fd49c8/observations/quadrat_repeat[8],uuid:cf362fbc-991a-4db1-8d49-6c1d29fd49c8/observations/quadrat_repeat[8]/additional_species_repeat[1]
2,reuse_unknown,,,,,,c04014bb-ee9b-4db9-a053-9031f44f91a8,herb_017,,,,,,,,herb_017,,,,,,,,,,,,uuid:cf362fbc-991a-4db1-8d49-6c1d29fd49c8/observations/quadrat_repeat[8],uuid:cf362fbc-991a-4db1-8d49-6c1d29fd49c8/observations/quadrat_repeat[8]/additional_species_repeat[2]
1,reuse_unknown,,,,,,795b0715-6af6-4249-914c-0d4ec9f55692,herb_016,,,,,,,,herb_016,,,,,,,,,,,,uuid:cf362fbc-991a-4db1-8d49-6c1d29fd49c8/observations/quadrat_repeat[9],uuid:cf362fbc-991a-4db1-8d49-6c1d29fd49c8/observations/quadrat_repeat[9]/additional_species_repeat[1]
2,reuse_unknown,,,,,,ca871a91-6bf3-405f-a0f2-548575363579,herb_029,,,,,,,,herb_029,,,,,,,,,,,,uuid:cf362fbc-991a-4db1-8d49-6c1d29fd49c8/observations/quadrat_repeat[9],uuid:cf362fbc-991a-4db1-8d49-6c1d29fd49c8/observations/quadrat_repeat[9]/additional_species_repeat[2]
1,reuse_unknown,,,,,,795b0715-6af6-4249-914c-0d4ec9f55692,herb_016,,,,,,,,herb_016,,,,,,,,,,,,uuid:cf362fbc-991a-4db1-8d49-6c1d29fd49c8/observations/quadrat_repeat[10],uuid:cf362fbc-991a-4db1-8d49-6c1d29fd49c8/observations/quadrat_repeat[10]/additional_species_repeat[1]
1,reuse_unknown,,,,,,795b0715-6af6-4249-914c-0d4ec9f55692,herb_016,,,,,,,,herb_016,,,,,,,,,,,,uuid:cf362fbc-991a-4db1-8d49-6c1d29fd49c8/observations/quadrat_repeat[11],uuid:cf362fbc-991a-4db1-8d49-6c1d29fd49c8/observations/quadrat_repeat[11]/additional_species_repeat[1]
2,reuse_unknown,,,,,,c04014bb-ee9b-4db9-a053-9031f44f91a8,herb_017,,,,,,,,herb_017,,,,,,,,,,,,uuid:cf362fbc-991a-4db1-8d49-6c1d29fd49c8/observations/quadrat_repeat[11],uuid:cf362fbc-991a-4db1-8d49-6c1d29fd49c8/observations/quadrat_repeat[11]/additional_species_repeat[2]
3,reuse_missing,,,,,,,,,,,,d8ae21a7-5b8f-43df-8e16-b233dc6cb432,Erlangea misera,,Erlangea misera,,,,,,,,,,,,uuid:cf362fbc-991a-4db1-8d49-6c1d29fd49c8/observations/quadrat_repeat[11],uuid:cf362fbc-991a-4db1-8d49-6c1d29fd49c8/observations/quadrat_repeat[11]/additional_species_repeat[3]
1,reuse_missing,,,,,,,,,,,,c20ca3f8-38b6-47cf-9050-f3fd9cb7a13b,Aristida scabrivalvis,,Aristida scabrivalvis,,,,,,,,,,,,uuid:cf362fbc-991a-4db1-8d49-6c1d29fd49c8/observations/quadrat_repeat[12],uuid:cf362fbc-991a-4db1-8d49-6c1d29fd49c8/observations/quadrat_repeat[12]/additional_species_repeat[1]
2,reuse_unknown,,,,,,795b0715-6af6-4249-914c-0d4ec9f55692,herb_016,,,,,,,,herb_016,,,,,,,,,,,,uuid:cf362fbc-991a-4db1-8d49-6c1d29fd49c8/observations/quadrat_repeat[12],uuid:cf362fbc-991a-4db1-8d49-6c1d29fd49c8/observations/quadrat_repeat[12]/additional_species_repeat[2]
3,reuse_unknown,,,,,,c04014bb-ee9b-4db9-a053-9031f44f91a8,herb_017,,,,,,,,herb_017,,,,,,,,,,,,uuid:cf362fbc-991a-4db1-8d49-6c1d29fd49c8/observations/quadrat_repeat[12],uuid:cf362fbc-991a-4db1-8d49-6c1d29fd49c8/observations/quadrat_repeat[12]/additional_species_repeat[3]
1,reuse_unknown,,,,,,d2c43a50-20d5-4f0b-8170-b7c47fe94eb8,herb_076,,,,,,,,herb_076,,,,,,,,,,,,uuid:cf362fbc-991a-4db1-8d49-6c1d29fd49c8/observations/quadrat_repeat[13],uuid:cf362fbc-991a-4db1-8d49-6c1d29fd49c8/observations/quadrat_repeat[13]/additional_species_repeat[1]
1,reuse_missing,,,,,,,,,,,,4821f54d-4b1b-4005-a7ce-0e57846592ea,Phyllanthus pantandrus,,Phyllanthus pantandrus,,,,,,,,,,,,uuid:cf362fbc-991a-4db1-8d49-6c1d29fd49c8/observations/quadrat_repeat[14],uuid:cf362fbc-991a-4db1-8d49-6c1d29fd49c8/observations/quadrat_repeat[14]/additional_species_repeat[1]
2,reuse_unknown,,,,,,c04014bb-ee9b-4db9-a053-9031f44f91a8,herb_017,,,,,,,,herb_017,,,,,,,,,,,,uuid:cf362fbc-991a-4db1-8d49-6c1d29fd49c8/observations/quadrat_repeat[14],uuid:cf362fbc-991a-4db1-8d49-6c1d29fd49c8/observations/quadrat_repeat[14]/additional_species_repeat[2]
1,reuse_unknown,,,,,,c04014bb-ee9b-4db9-a053-9031f44f91a8,herb_017,,,,,,,,herb_017,,,,,,,,,,,,uuid:cf362fbc-991a-4db1-8d49-6c1d29fd49c8/observations/quadrat_repeat[15],uuid:cf362fbc-991a-4db1-8d49-6c1d29fd49c8/observations/quadrat_repeat[15]/additional_species_repeat[1]
2,reuse_missing,,,,,,,,,,,,86e48f75-a0d5-4cae-b0c7-f03a025bb150,Evolvulus alsinoides ,,Evolvulus alsinoides ,,,,,,,,,,,,uuid:cf362fbc-991a-4db1-8d49-6c1d29fd49c8/observations/quadrat_repeat[15],uuid:cf362fbc-991a-4db1-8d49-6c1d29fd49c8/observations/quadrat_repeat[15]/additional_species_repeat[2]
1,reuse_missing,,,,,,,,,,,,c20ca3f8-38b6-47cf-9050-f3fd9cb7a13b,Aristida scabrivalvis,,Aristida scabrivalvis,,,,,,,,,,,,uuid:cf362fbc-991a-4db1-8d49-6c1d29fd49c8/observations/quadrat_repeat[16],uuid:cf362fbc-991a-4db1-8d49-6c1d29fd49c8/observations/quadrat_repeat[16]/additional_species_repeat[1]
2,reuse_missing,,,,,,,,,,,,86e48f75-a0d5-4cae-b0c7-f03a025bb150,Evolvulus alsinoides ,,Evolvulus alsinoides ,,,,,,,,,,,,uuid:cf362fbc-991a-4db1-8d49-6c1d29fd49c8/observations/quadrat_repeat[16],uuid:cf362fbc-991a-4db1-8d49-6c1d29fd49c8/observations/quadrat_repeat[16]/additional_species_repeat[2]
1,reuse_unknown,,,,,,bfb94c69-e91b-46c7-90d6-21439f192472,herb_012,,,,,,,,herb_012,,,,,,,,,,,,uuid:cf362fbc-991a-4db1-8d49-6c1d29fd49c8/observations/quadrat_repeat[17],uuid:cf362fbc-991a-4db1-8d49-6c1d29fd49c8/observations/quadrat_repeat[17]/additional_species_repeat[1]
2,reuse_missing,,,,,,,,,,,,27e0c6dd-e4b3-46e3-a446-c47be544bac9,Zornia glochidiala,,Zornia glochidiala,,,,,,,,,,,,uuid:cf362fbc-991a-4db1-8d49-6c1d29fd49c8/observations/quadrat_repeat[17],uuid:cf362fbc-991a-4db1-8d49-6c1d29fd49c8/observations/quadrat_repeat[17]/additional_species_repeat[2]
3,reuse_missing,,,,,,,,,,,,cb7ec77f-8e1d-4354-bfce-de3d13afdc8b,Crotolaria sphaerocarpa,,Crotolaria sphaerocarpa,,,,,,,,,,,,uuid:cf362fbc-991a-4db1-8d49-6c1d29fd49c8/observations/quadrat_repeat[17],uuid:cf362fbc-991a-4db1-8d49-6c1d29fd49c8/observations/quadrat_repeat[17]/additional_species_repeat[3]
4,reuse_missing,,,,,,,,,,,,86e48f75-a0d5-4cae-b0c7-f03a025bb150,Evolvulus alsinoides ,,Evolvulus alsinoides ,,,,,,,,,,,,uuid:cf362fbc-991a-4db1-8d49-6c1d29fd49c8/observations/quadrat_repeat[17],uuid:cf362fbc-991a-4db1-8d49-6c1d29fd49c8/observations/quadrat_repeat[17]/additional_species_repeat[4]
5,reuse_missing,,,,,,,,,,,,c20ca3f8-38b6-47cf-9050-f3fd9cb7a13b,Aristida scabrivalvis,,Aristida scabrivalvis,,,,,,,,,,,,uuid:cf362fbc-991a-4db1-8d49-6c1d29fd49c8/observations/quadrat_repeat[17],uuid:cf362fbc-991a-4db1-8d49-6c1d29fd49c8/observations/quadrat_repeat[17]/additional_species_repeat[5]
1,reuse_missing,,,,,,,,,,,,6cfa0d1b-d0f6-4a6c-bd0d-5a0c3e586d9b,Tephrosia purpurea,,Tephrosia purpurea,,,,,,,,,,,,uuid:cf362fbc-991a-4db1-8d49-6c1d29fd49c8/observations/quadrat_repeat[18],uuid:cf362fbc-991a-4db1-8d49-6c1d29fd49c8/observations/quadrat_repeat[18]/additional_species_repeat[1]
2,reuse_missing,,,,,,,,,,,,c20ca3f8-38b6-47cf-9050-f3fd9cb7a13b,Aristida scabrivalvis,,Aristida scabrivalvis,,,,,,,,,,,,uuid:cf362fbc-991a-4db1-8d49-6c1d29fd49c8/observations/quadrat_repeat[18],uuid:cf362fbc-991a-4db1-8d49-6c1d29fd49c8/observations/quadrat_repeat[18]/additional_species_repeat[2]
1,reuse_unknown,,,,,,c04014bb-ee9b-4db9-a053-9031f44f91a8,herb_017,,,,,,,,herb_017,,,,,,,,,,,,uuid:cf362fbc-991a-4db1-8d49-6c1d29fd49c8/observations/quadrat_repeat[19],uuid:cf362fbc-991a-4db1-8d49-6c1d29fd49c8/observations/quadrat_repeat[19]/additional_species_repeat[1]
2,reuse_unknown,,,,,,fee329ca-e301-4c77-9fe8-dda15a1ef3cc,herb_002,,,,,,,,herb_002,,,,,,,,,,,,uuid:cf362fbc-991a-4db1-8d49-6c1d29fd49c8/observations/quadrat_repeat[19],uuid:cf362fbc-991a-4db1-8d49-6c1d29fd49c8/observations/quadrat_repeat[19]/additional_species_repeat[2]
3,reuse_missing,,,,,,,,,,,,6cfa0d1b-d0f6-4a6c-bd0d-5a0c3e586d9b,Tephrosia purpurea,,Tephrosia purpurea,,,,,,,,,,,,uuid:cf362fbc-991a-4db1-8d49-6c1d29fd49c8/observations/quadrat_repeat[19],uuid:cf362fbc-991a-4db1-8d49-6c1d29fd49c8/observations/quadrat_repeat[19]/additional_species_repeat[3]
1,reuse_missing,,,,,,,,,,,,6cfa0d1b-d0f6-4a6c-bd0d-5a0c3e586d9b,Tephrosia purpurea,,Tephrosia purpurea,,,,,,,,,,,,uuid:cf362fbc-991a-4db1-8d49-6c1d29fd49c8/observations/quadrat_repeat[20],uuid:cf362fbc-991a-4db1-8d49-6c1d29fd49c8/observations/quadrat_repeat[20]/additional_species_repeat[1]
2,reuse_missing,,,,,,,,,,,,eacca28e-4664-4710-96b9-29a1ef6294ab,Pogonarthria fleckii,,Pogonarthria fleckii,,,,,,,,,,,,uuid:cf362fbc-991a-4db1-8d49-6c1d29fd49c8/observations/quadrat_repeat[20],uuid:cf362fbc-991a-4db1-8d49-6c1d29fd49c8/observations/quadrat_repeat[20]/additional_species_repeat[2]
3,reuse_missing,,,,,,,,,,,,27e0c6dd-e4b3-46e3-a446-c47be544bac9,Zornia glochidiala,,Zornia glochidiala,,,,,,,,,,,,uuid:cf362fbc-991a-4db1-8d49-6c1d29fd49c8/observations/quadrat_repeat[20],uuid:cf362fbc-991a-4db1-8d49-6c1d29fd49c8/observations/quadrat_repeat[20]/additional_species_repeat[3]
1,reuse_missing,,,,,,,,,,,,6cfa0d1b-d0f6-4a6c-bd0d-5a0c3e586d9b,Tephrosia purpurea,,Tephrosia purpurea,,,,,,,,,,,,uuid:9e1251bb-84c1-4b7a-a8bb-bafcf7afc82c/observations/quadrat_repeat[1],uuid:9e1251bb-84c1-4b7a-a8bb-bafcf7afc82c/observations/quadrat_repeat[1]/additional_species_repeat[1]
2,reuse_missing,,,,,,,,,,,,8c8d1146-7b63-440d-9262-4d0c6c3ef1fa,Macrotalyma daltonii,,Macrotalyma daltonii,,,,,,,,,,,,uuid:9e1251bb-84c1-4b7a-a8bb-bafcf7afc82c/observations/quadrat_repeat[1],uuid:9e1251bb-84c1-4b7a-a8bb-bafcf7afc82c/observations/quadrat_repeat[1]/additional_species_repeat[2]
1,reuse_missing,,,,,,,,,,,,c9c6df41-df82-4bc5-87b7-63b84898087d,Rhynchosia totta,,Rhynchosia totta,,,,,,,,,,,,uuid:9e1251bb-84c1-4b7a-a8bb-bafcf7afc82c/observations/quadrat_repeat[2],uuid:9e1251bb-84c1-4b7a-a8bb-bafcf7afc82c/observations/quadrat_repeat[2]/additional_species_repeat[1]
2,reuse_unknown,,,,,,029992eb-bc34-46d0-83ce-adb65fedf6d9,herb_054,,,,,,,,herb_054,,,,,,,,,,,,uuid:9e1251bb-84c1-4b7a-a8bb-bafcf7afc82c/observations/quadrat_repeat[2],uuid:9e1251bb-84c1-4b7a-a8bb-bafcf7afc82c/observations/quadrat_repeat[2]/additional_species_repeat[2]
3,reuse_unknown,,,,,,029992eb-bc34-46d0-83ce-adb65fedf6d9,herb_054,,,,,,,,herb_054,,,,,,,,,,,,uuid:9e1251bb-84c1-4b7a-a8bb-bafcf7afc82c/observations/quadrat_repeat[2],uuid:9e1251bb-84c1-4b7a-a8bb-bafcf7afc82c/observations/quadrat_repeat[2]/additional_species_repeat[3]
4,reuse_unknown,,,,,,fee329ca-e301-4c77-9fe8-dda15a1ef3cc,herb_002,,,,,,,,herb_002,,,,,,,,,,,,uuid:9e1251bb-84c1-4b7a-a8bb-bafcf7afc82c/observations/quadrat_repeat[2],uuid:9e1251bb-84c1-4b7a-a8bb-bafcf7afc82c/observations/quadrat_repeat[2]/additional_species_repeat[4]
1,reuse_missing,,,,,,,,,,,,b37d4db9-cf05-4ffd-9b91-2b3252248ead,Pechuel-loeschea leubnitziae,,Pechuel-loeschea leubnitziae,,,,,,,,,,,,uuid:9e1251bb-84c1-4b7a-a8bb-bafcf7afc82c/observations/quadrat_repeat[3],uuid:9e1251bb-84c1-4b7a-a8bb-bafcf7afc82c/observations/quadrat_repeat[3]/additional_species_repeat[1]
2,reuse_missing,,,,,,,,,,,,c9c6df41-df82-4bc5-87b7-63b84898087d,Rhynchosia totta,,Rhynchosia totta,,,,,,,,,,,,uuid:9e1251bb-84c1-4b7a-a8bb-bafcf7afc82c/observations/quadrat_repeat[3],uuid:9e1251bb-84c1-4b7a-a8bb-bafcf7afc82c/observations/quadrat_repeat[3]/additional_species_repeat[2]
3,reuse_unknown,,,,,,ca871a91-6bf3-405f-a0f2-548575363579,herb_029,,,,,,,,herb_029,,,,,,,,,,,,uuid:9e1251bb-84c1-4b7a-a8bb-bafcf7afc82c/observations/quadrat_repeat[3],uuid:9e1251bb-84c1-4b7a-a8bb-bafcf7afc82c/observations/quadrat_repeat[3]/additional_species_repeat[3]
1,reuse_unknown,,,,,,c04014bb-ee9b-4db9-a053-9031f44f91a8,herb_017,,,,,,,,herb_017,,,,,,,,,,,,uuid:9e1251bb-84c1-4b7a-a8bb-bafcf7afc82c/observations/quadrat_repeat[4],uuid:9e1251bb-84c1-4b7a-a8bb-bafcf7afc82c/observations/quadrat_repeat[4]/additional_species_repeat[1]
2,reuse_unknown,,,,,,830f676f-f705-4965-ad13-b1781cab7373,herb_049,,,,,,,,herb_049,,,,,,,,,,,,uuid:9e1251bb-84c1-4b7a-a8bb-bafcf7afc82c/observations/quadrat_repeat[4],uuid:9e1251bb-84c1-4b7a-a8bb-bafcf7afc82c/observations/quadrat_repeat[4]/additional_species_repeat[2]
3,reuse_missing,,,,,,,,,,,,c9c6df41-df82-4bc5-87b7-63b84898087d,Rhynchosia totta,,Rhynchosia totta,,,,,,,,,,,,uuid:9e1251bb-84c1-4b7a-a8bb-bafcf7afc82c/observations/quadrat_repeat[4],uuid:9e1251bb-84c1-4b7a-a8bb-bafcf7afc82c/observations/quadrat_repeat[4]/additional_species_repeat[3]
1,reuse_missing,,,,,,,,,,,,c9c6df41-df82-4bc5-87b7-63b84898087d,Rhynchosia totta,,Rhynchosia totta,,,,,,,,,,,,uuid:9e1251bb-84c1-4b7a-a8bb-bafcf7afc82c/observations/quadrat_repeat[5],uuid:9e1251bb-84c1-4b7a-a8bb-bafcf7afc82c/observations/quadrat_repeat[5]/additional_species_repeat[1]
2,reuse_missing,,,,,,,,,,,,4821f54d-4b1b-4005-a7ce-0e57846592ea,Phyllanthus pantandrus,,Phyllanthus pantandrus,,,,,,,,,,,,uuid:9e1251bb-84c1-4b7a-a8bb-bafcf7afc82c/observations/quadrat_repeat[5],uuid:9e1251bb-84c1-4b7a-a8bb-bafcf7afc82c/observations/quadrat_repeat[5]/additional_species_repeat[2]
1,reuse_missing,,,,,,,,,,,,c20ca3f8-38b6-47cf-9050-f3fd9cb7a13b,Aristida scabrivalvis,,Aristida scabrivalvis,,,,,,,,,,,,uuid:9e1251bb-84c1-4b7a-a8bb-bafcf7afc82c/observations/quadrat_repeat[6],uuid:9e1251bb-84c1-4b7a-a8bb-bafcf7afc82c/observations/quadrat_repeat[6]/additional_species_repeat[1]
2,reuse_missing,,,,,,,,,,,,6cfa0d1b-d0f6-4a6c-bd0d-5a0c3e586d9b,Tephrosia purpurea,,Tephrosia purpurea,,,,,,,,,,,,uuid:9e1251bb-84c1-4b7a-a8bb-bafcf7afc82c/observations/quadrat_repeat[6],uuid:9e1251bb-84c1-4b7a-a8bb-bafcf7afc82c/observations/quadrat_repeat[6]/additional_species_repeat[2]
1,reuse_missing,,,,,,,,,,,,c20ca3f8-38b6-47cf-9050-f3fd9cb7a13b,Aristida scabrivalvis,,Aristida scabrivalvis,,,,,,,,,,,,uuid:9e1251bb-84c1-4b7a-a8bb-bafcf7afc82c/observations/quadrat_repeat[7],uuid:9e1251bb-84c1-4b7a-a8bb-bafcf7afc82c/observations/quadrat_repeat[7]/additional_species_repeat[1]
2,reuse_missing,,,,,,,,,,,,eacca28e-4664-4710-96b9-29a1ef6294ab,Pogonarthria fleckii,,Pogonarthria fleckii,,,,,,,,,,,,uuid:9e1251bb-84c1-4b7a-a8bb-bafcf7afc82c/observations/quadrat_repeat[7],uuid:9e1251bb-84c1-4b7a-a8bb-bafcf7afc82c/observations/quadrat_repeat[7]/additional_species_repeat[2]
3,reuse_missing,,,,,,,,,,,,05dc2613-2446-4b97-95f1-7f41bcaa476e,Sida chrysantha,,Sida chrysantha,,,,,,,,,,,,uuid:9e1251bb-84c1-4b7a-a8bb-bafcf7afc82c/observations/quadrat_repeat[7],uuid:9e1251bb-84c1-4b7a-a8bb-bafcf7afc82c/observations/quadrat_repeat[7]/additional_species_repeat[3]
1,reuse_missing,,,,,,,,,,,,c20ca3f8-38b6-47cf-9050-f3fd9cb7a13b,Aristida scabrivalvis,,Aristida scabrivalvis,,,,,,,,,,,,uuid:9e1251bb-84c1-4b7a-a8bb-bafcf7afc82c/observations/quadrat_repeat[8],uuid:9e1251bb-84c1-4b7a-a8bb-bafcf7afc82c/observations/quadrat_repeat[8]/additional_species_repeat[1]
2,reuse_missing,,,,,,,,,,,,05dc2613-2446-4b97-95f1-7f41bcaa476e,Sida chrysantha,,Sida chrysantha,,,,,,,,,,,,uuid:9e1251bb-84c1-4b7a-a8bb-bafcf7afc82c/observations/quadrat_repeat[8],uuid:9e1251bb-84c1-4b7a-a8bb-bafcf7afc82c/observations/quadrat_repeat[8]/additional_species_repeat[2]
3,reuse_missing,,,,,,,,,,,,d8ae21a7-5b8f-43df-8e16-b233dc6cb432,Erlangea misera,,Erlangea misera,,,,,,,,,,,,uuid:9e1251bb-84c1-4b7a-a8bb-bafcf7afc82c/observations/quadrat_repeat[8],uuid:9e1251bb-84c1-4b7a-a8bb-bafcf7afc82c/observations/quadrat_repeat[8]/additional_species_repeat[3]
4,reuse_unknown,,,,,,fee329ca-e301-4c77-9fe8-dda15a1ef3cc,herb_002,,,,,,,,herb_002,,,,,,,,,,,,uuid:9e1251bb-84c1-4b7a-a8bb-bafcf7afc82c/observations/quadrat_repeat[8],uuid:9e1251bb-84c1-4b7a-a8bb-bafcf7afc82c/observations/quadrat_repeat[8]/additional_species_repeat[4]
1,reuse_missing,,,,,,,,,,,,c20ca3f8-38b6-47cf-9050-f3fd9cb7a13b,Aristida scabrivalvis,,Aristida scabrivalvis,,,,,,,,,,,,uuid:9e1251bb-84c1-4b7a-a8bb-bafcf7afc82c/observations/quadrat_repeat[9],uuid:9e1251bb-84c1-4b7a-a8bb-bafcf7afc82c/observations/quadrat_repeat[9]/additional_species_repeat[1]
2,reuse_missing,,,,,,,,,,,,eacca28e-4664-4710-96b9-29a1ef6294ab,Pogonarthria fleckii,,Pogonarthria fleckii,,,,,,,,,,,,uuid:9e1251bb-84c1-4b7a-a8bb-bafcf7afc82c/observations/quadrat_repeat[9],uuid:9e1251bb-84c1-4b7a-a8bb-bafcf7afc82c/observations/quadrat_repeat[9]/additional_species_repeat[2]
3,reuse_missing,,,,,,,,,,,,4821f54d-4b1b-4005-a7ce-0e57846592ea,Phyllanthus pantandrus,,Phyllanthus pantandrus,,,,,,,,,,,,uuid:9e1251bb-84c1-4b7a-a8bb-bafcf7afc82c/observations/quadrat_repeat[9],uuid:9e1251bb-84c1-4b7a-a8bb-bafcf7afc82c/observations/quadrat_repeat[9]/additional_species_repeat[3]
4,reuse_missing,,,,,,,,,,,,d8ae21a7-5b8f-43df-8e16-b233dc6cb432,Erlangea misera,,Erlangea misera,,,,,,,,,,,,uuid:9e1251bb-84c1-4b7a-a8bb-bafcf7afc82c/observations/quadrat_repeat[9],uuid:9e1251bb-84c1-4b7a-a8bb-bafcf7afc82c/observations/quadrat_repeat[9]/additional_species_repeat[4]
1,reuse_missing,,,,,,,,,,,,05dc2613-2446-4b97-95f1-7f41bcaa476e,Sida chrysantha,,Sida chrysantha,,,,,,,,,,,,uuid:9e1251bb-84c1-4b7a-a8bb-bafcf7afc82c/observations/quadrat_repeat[10],uuid:9e1251bb-84c1-4b7a-a8bb-bafcf7afc82c/observations/quadrat_repeat[10]/additional_species_repeat[1]
2,reuse_missing,,,,,,,,,,,,c9c6df41-df82-4bc5-87b7-63b84898087d,Rhynchosia totta,,Rhynchosia totta,,,,,,,,,,,,uuid:9e1251bb-84c1-4b7a-a8bb-bafcf7afc82c/observations/quadrat_repeat[10],uuid:9e1251bb-84c1-4b7a-a8bb-bafcf7afc82c/observations/quadrat_repeat[10]/additional_species_repeat[2]
3,reuse_unknown,,,,,,fee329ca-e301-4c77-9fe8-dda15a1ef3cc,herb_002,,,,,,,,herb_002,,,,,,,,,,,,uuid:9e1251bb-84c1-4b7a-a8bb-bafcf7afc82c/observations/quadrat_repeat[10],uuid:9e1251bb-84c1-4b7a-a8bb-bafcf7afc82c/observations/quadrat_repeat[10]/additional_species_repeat[3]
1,reuse_missing,,,,,,,,,,,,4821f54d-4b1b-4005-a7ce-0e57846592ea,Phyllanthus pantandrus,,Phyllanthus pantandrus,,,,,,,,,,,,uuid:9e1251bb-84c1-4b7a-a8bb-bafcf7afc82c/observations/quadrat_repeat[11],uuid:9e1251bb-84c1-4b7a-a8bb-bafcf7afc82c/observations/quadrat_repeat[11]/additional_species_repeat[1]
2,reuse_missing,,,,,,,,,,,,86e48f75-a0d5-4cae-b0c7-f03a025bb150,Evolvulus alsinoides ,,Evolvulus alsinoides ,,,,,,,,,,,,uuid:9e1251bb-84c1-4b7a-a8bb-bafcf7afc82c/observations/quadrat_repeat[11],uuid:9e1251bb-84c1-4b7a-a8bb-bafcf7afc82c/observations/quadrat_repeat[11]/additional_species_repeat[2]
3,reuse_unknown,,,,,,ca871a91-6bf3-405f-a0f2-548575363579,herb_029,,,,,,,,herb_029,,,,,,,,,,,,uuid:9e1251bb-84c1-4b7a-a8bb-bafcf7afc82c/observations/quadrat_repeat[11],uuid:9e1251bb-84c1-4b7a-a8bb-bafcf7afc82c/observations/quadrat_repeat[11]/additional_species_repeat[3]
1,reuse_missing,,,,,,,,,,,,eacca28e-4664-4710-96b9-29a1ef6294ab,Pogonarthria fleckii,,Pogonarthria fleckii,,,,,,,,,,,,uuid:9e1251bb-84c1-4b7a-a8bb-bafcf7afc82c/observations/quadrat_repeat[12],uuid:9e1251bb-84c1-4b7a-a8bb-bafcf7afc82c/observations/quadrat_repeat[12]/additional_species_repeat[1]
2,reuse_missing,,,,,,,,,,,,86e48f75-a0d5-4cae-b0c7-f03a025bb150,Evolvulus alsinoides ,,Evolvulus alsinoides ,,,,,,,,,,,,uuid:9e1251bb-84c1-4b7a-a8bb-bafcf7afc82c/observations/quadrat_repeat[12],uuid:9e1251bb-84c1-4b7a-a8bb-bafcf7afc82c/observations/quadrat_repeat[12]/additional_species_repeat[2]
1,reuse_missing,,,,,,,,,,,,c20ca3f8-38b6-47cf-9050-f3fd9cb7a13b,Aristida scabrivalvis,,Aristida scabrivalvis,,,,,,,,,,,,uuid:9e1251bb-84c1-4b7a-a8bb-bafcf7afc82c/observations/quadrat_repeat[13],uuid:9e1251bb-84c1-4b7a-a8bb-bafcf7afc82c/observations/quadrat_repeat[13]/additional_species_repeat[1]
2,reuse_missing,,,,,,,,,,,,6cfa0d1b-d0f6-4a6c-bd0d-5a0c3e586d9b,Tephrosia purpurea,,Tephrosia purpurea,,,,,,,,,,,,uuid:9e1251bb-84c1-4b7a-a8bb-bafcf7afc82c/observations/quadrat_repeat[13],uuid:9e1251bb-84c1-4b7a-a8bb-bafcf7afc82c/observations/quadrat_repeat[13]/additional_species_repeat[2]
3,reuse_unknown,,,,,,fee329ca-e301-4c77-9fe8-dda15a1ef3cc,herb_002,,,,,,,,herb_002,,,,,,,,,,,,uuid:9e1251bb-84c1-4b7a-a8bb-bafcf7afc82c/observations/quadrat_repeat[13],uuid:9e1251bb-84c1-4b7a-a8bb-bafcf7afc82c/observations/quadrat_repeat[13]/additional_species_repeat[3]
1,reuse_unknown,,,,,,ca871a91-6bf3-405f-a0f2-548575363579,herb_029,,,,,,,,herb_029,,,,,,,,,,,,uuid:9e1251bb-84c1-4b7a-a8bb-bafcf7afc82c/observations/quadrat_repeat[14],uuid:9e1251bb-84c1-4b7a-a8bb-bafcf7afc82c/observations/quadrat_repeat[14]/additional_species_repeat[1]
1,reuse_missing,,,,,,,,,,,,eacca28e-4664-4710-96b9-29a1ef6294ab,Pogonarthria fleckii,,Pogonarthria fleckii,,,,,,,,,,,,uuid:9e1251bb-84c1-4b7a-a8bb-bafcf7afc82c/observations/quadrat_repeat[15],uuid:9e1251bb-84c1-4b7a-a8bb-bafcf7afc82c/observations/quadrat_repeat[15]/additional_species_repeat[1]
2,reuse_missing,,,,,,,,,,,,c20ca3f8-38b6-47cf-9050-f3fd9cb7a13b,Aristida scabrivalvis,,Aristida scabrivalvis,,,,,,,,,,,,uuid:9e1251bb-84c1-4b7a-a8bb-bafcf7afc82c/observations/quadrat_repeat[15],uuid:9e1251bb-84c1-4b7a-a8bb-bafcf7afc82c/observations/quadrat_repeat[15]/additional_species_repeat[2]
3,reuse_unknown,,,,,,c04014bb-ee9b-4db9-a053-9031f44f91a8,herb_017,,,,,,,,herb_017,,,,,,,,,,,,uuid:9e1251bb-84c1-4b7a-a8bb-bafcf7afc82c/observations/quadrat_repeat[15],uuid:9e1251bb-84c1-4b7a-a8bb-bafcf7afc82c/observations/quadrat_repeat[15]/additional_species_repeat[3]
1,reuse_missing,,,,,,,,,,,,6cfa0d1b-d0f6-4a6c-bd0d-5a0c3e586d9b,Tephrosia purpurea,,Tephrosia purpurea,,,,,,,,,,,,uuid:9e1251bb-84c1-4b7a-a8bb-bafcf7afc82c/observations/quadrat_repeat[16],uuid:9e1251bb-84c1-4b7a-a8bb-bafcf7afc82c/observations/quadrat_repeat[16]/additional_species_repeat[1]
1,reuse_missing,,,,,,,,,,,,4821f54d-4b1b-4005-a7ce-0e57846592ea,Phyllanthus pantandrus,,Phyllanthus pantandrus,,,,,,,,,,,,uuid:9e1251bb-84c1-4b7a-a8bb-bafcf7afc82c/observations/quadrat_repeat[17],uuid:9e1251bb-84c1-4b7a-a8bb-bafcf7afc82c/observations/quadrat_repeat[17]/additional_species_repeat[1]
2,reuse_unknown,,,,,,fee329ca-e301-4c77-9fe8-dda15a1ef3cc,herb_002,,,,,,,,herb_002,,,,,,,,,,,,uuid:9e1251bb-84c1-4b7a-a8bb-bafcf7afc82c/observations/quadrat_repeat[17],uuid:9e1251bb-84c1-4b7a-a8bb-bafcf7afc82c/observations/quadrat_repeat[17]/additional_species_repeat[2]
1,reuse_missing,,,,,,,,,,,,c9c6df41-df82-4bc5-87b7-63b84898087d,Rhynchosia totta,,Rhynchosia totta,,,,,,,,,,,,uuid:9e1251bb-84c1-4b7a-a8bb-bafcf7afc82c/observations/quadrat_repeat[18],uuid:9e1251bb-84c1-4b7a-a8bb-bafcf7afc82c/observations/quadrat_repeat[18]/additional_species_repeat[1]
2,reuse_missing,,,,,,,,,,,,6cfa0d1b-d0f6-4a6c-bd0d-5a0c3e586d9b,Tephrosia purpurea,,Tephrosia purpurea,,,,,,,,,,,,uuid:9e1251bb-84c1-4b7a-a8bb-bafcf7afc82c/observations/quadrat_repeat[18],uuid:9e1251bb-84c1-4b7a-a8bb-bafcf7afc82c/observations/quadrat_repeat[18]/additional_species_repeat[2]
3,reuse_unknown,,,,,,c04014bb-ee9b-4db9-a053-9031f44f91a8,herb_017,,,,,,,,herb_017,,,,,,,,,,,,uuid:9e1251bb-84c1-4b7a-a8bb-bafcf7afc82c/observations/quadrat_repeat[18],uuid:9e1251bb-84c1-4b7a-a8bb-bafcf7afc82c/observations/quadrat_repeat[18]/additional_species_repeat[3]
1,reuse_unknown,,,,,,029992eb-bc34-46d0-83ce-adb65fedf6d9,herb_054,,,,,,,,herb_054,,,,,,,,,,,,uuid:9e1251bb-84c1-4b7a-a8bb-bafcf7afc82c/observations/quadrat_repeat[19],uuid:9e1251bb-84c1-4b7a-a8bb-bafcf7afc82c/observations/quadrat_repeat[19]/additional_species_repeat[1]
2,reuse_missing,,,,,,,,,,,,6cfa0d1b-d0f6-4a6c-bd0d-5a0c3e586d9b,Tephrosia purpurea,,Tephrosia purpurea,,,,,,,,,,,,uuid:9e1251bb-84c1-4b7a-a8bb-bafcf7afc82c/observations/quadrat_repeat[19],uuid:9e1251bb-84c1-4b7a-a8bb-bafcf7afc82c/observations/quadrat_repeat[19]/additional_species_repeat[2]
1,reuse_unknown,,,,,,029992eb-bc34-46d0-83ce-adb65fedf6d9,herb_054,,,,,,,,herb_054,,,,,,,,,,,,uuid:9e1251bb-84c1-4b7a-a8bb-bafcf7afc82c/observations/quadrat_repeat[20],uuid:9e1251bb-84c1-4b7a-a8bb-bafcf7afc82c/observations/quadrat_repeat[20]/additional_species_repeat[1]
2,reuse_unknown,,,,,,ca871a91-6bf3-405f-a0f2-548575363579,herb_029,,,,,,,,herb_029,,,,,,,,,,,,uuid:9e1251bb-84c1-4b7a-a8bb-bafcf7afc82c/observations/quadrat_repeat[20],uuid:9e1251bb-84c1-4b7a-a8bb-bafcf7afc82c/observations/quadrat_repeat[20]/additional_species_repeat[2]
3,reuse_unknown,,,,,,fee329ca-e301-4c77-9fe8-dda15a1ef3cc,herb_002,,,,,,,,herb_002,,,,,,,,,,,,uuid:9e1251bb-84c1-4b7a-a8bb-bafcf7afc82c/observations/quadrat_repeat[20],uuid:9e1251bb-84c1-4b7a-a8bb-bafcf7afc82c/observations/quadrat_repeat[20]/additional_species_repeat[3]
4,reuse_missing,,,,,,,,,,,,6e7f50e1-121a-49c6-a5a4-8f808342c6c6,Hermbstaedtia linearis,,Hermbstaedtia linearis,,,,,,,,,,,,uuid:9e1251bb-84c1-4b7a-a8bb-bafcf7afc82c/observations/quadrat_repeat[20],uuid:9e1251bb-84c1-4b7a-a8bb-bafcf7afc82c/observations/quadrat_repeat[20]/additional_species_repeat[4]
1,reuse_missing,,,,,,,,,,,,6cfa0d1b-d0f6-4a6c-bd0d-5a0c3e586d9b,Tephrosia purpurea,,Tephrosia purpurea,,,,,,,,,,,,uuid:81e3bc36-700f-465d-a1aa-48ebed04a78c/observations/quadrat_repeat[1],uuid:81e3bc36-700f-465d-a1aa-48ebed04a78c/observations/quadrat_repeat[1]/additional_species_repeat[1]
1,reuse_missing,,,,,,,,,,,,6cfa0d1b-d0f6-4a6c-bd0d-5a0c3e586d9b,Tephrosia purpurea,,Tephrosia purpurea,,,,,,,,,,,,uuid:81e3bc36-700f-465d-a1aa-48ebed04a78c/observations/quadrat_repeat[2],uuid:81e3bc36-700f-465d-a1aa-48ebed04a78c/observations/quadrat_repeat[2]/additional_species_repeat[1]
2,reuse_unknown,,,,,,6b4d87ce-546c-471a-b9a1-04721386337f,herb_011,,,,,,,,herb_011,,,,,,,,,,,,uuid:81e3bc36-700f-465d-a1aa-48ebed04a78c/observations/quadrat_repeat[2],uuid:81e3bc36-700f-465d-a1aa-48ebed04a78c/observations/quadrat_repeat[2]/additional_species_repeat[2]
1,reuse_missing,,,,,,,,,,,,6cfa0d1b-d0f6-4a6c-bd0d-5a0c3e586d9b,Tephrosia purpurea,,Tephrosia purpurea,,,,,,,,,,,,uuid:81e3bc36-700f-465d-a1aa-48ebed04a78c/observations/quadrat_repeat[3],uuid:81e3bc36-700f-465d-a1aa-48ebed04a78c/observations/quadrat_repeat[3]/additional_species_repeat[1]
2,reuse_missing,,,,,,,,,,,,43214fc0-8a13-4af6-bc50-5b2ff891d955,Oldenladia corymbosa,,Oldenladia corymbosa,,,,,,,,,,,,uuid:81e3bc36-700f-465d-a1aa-48ebed04a78c/observations/quadrat_repeat[3],uuid:81e3bc36-700f-465d-a1aa-48ebed04a78c/observations/quadrat_repeat[3]/additional_species_repeat[2]
3,reuse_missing,,,,,,,,,,,,27e0c6dd-e4b3-46e3-a446-c47be544bac9,Zornia glochidiala,,Zornia glochidiala,,,,,,,,,,,,uuid:81e3bc36-700f-465d-a1aa-48ebed04a78c/observations/quadrat_repeat[3],uuid:81e3bc36-700f-465d-a1aa-48ebed04a78c/observations/quadrat_repeat[3]/additional_species_repeat[3]
1,reuse_missing,,,,,,,,,,,,ff9a2bfe-cd4c-4f3e-98ce-e1870b995691,Aristida scabrivalvis,,Aristida scabrivalvis,,,,,,,,,,,,uuid:81e3bc36-700f-465d-a1aa-48ebed04a78c/observations/quadrat_repeat[4],uuid:81e3bc36-700f-465d-a1aa-48ebed04a78c/observations/quadrat_repeat[4]/additional_species_repeat[1]
2,reuse_missing,,,,,,,,,,,,86e48f75-a0d5-4cae-b0c7-f03a025bb150,Evolvulus alsinoides ,,Evolvulus alsinoides ,,,,,,,,,,,,uuid:81e3bc36-700f-465d-a1aa-48ebed04a78c/observations/quadrat_repeat[4],uuid:81e3bc36-700f-465d-a1aa-48ebed04a78c/observations/quadrat_repeat[4]/additional_species_repeat[2]
3,reuse_missing,,,,,,,,,,,,6cfa0d1b-d0f6-4a6c-bd0d-5a0c3e586d9b,Tephrosia purpurea,,Tephrosia purpurea,,,,,,,,,,,,uuid:81e3bc36-700f-465d-a1aa-48ebed04a78c/observations/quadrat_repeat[4],uuid:81e3bc36-700f-465d-a1aa-48ebed04a78c/observations/quadrat_repeat[4]/additional_species_repeat[3]
4,new_unknown,0,24319a69-64ce-40d4-95bc-f9eb7044536c,100,herb_100,,,,,,,,,,,herb_100,herb_100,pending,unknown_species,active,,1779798069126.jpg,,,,,herb_100,uuid:81e3bc36-700f-465d-a1aa-48ebed04a78c/observations/quadrat_repeat[4],uuid:81e3bc36-700f-465d-a1aa-48ebed04a78c/observations/quadrat_repeat[4]/additional_species_repeat[4]
1,reuse_missing,,,,,,,,,,,,86e48f75-a0d5-4cae-b0c7-f03a025bb150,Evolvulus alsinoides ,,Evolvulus alsinoides ,,,,,,,,,,,,uuid:81e3bc36-700f-465d-a1aa-48ebed04a78c/observations/quadrat_repeat[5],uuid:81e3bc36-700f-465d-a1aa-48ebed04a78c/observations/quadrat_repeat[5]/additional_species_repeat[1]
1,reuse_missing,,,,,,,,,,,,ff9a2bfe-cd4c-4f3e-98ce-e1870b995691,Aristida scabrivalvis,,Aristida scabrivalvis,,,,,,,,,,,,uuid:81e3bc36-700f-465d-a1aa-48ebed04a78c/observations/quadrat_repeat[6],uuid:81e3bc36-700f-465d-a1aa-48ebed04a78c/observations/quadrat_repeat[6]/additional_species_repeat[1]
1,reuse_unknown,,,,,,795b0715-6af6-4249-914c-0d4ec9f55692,herb_016,,,,,,,,herb_016,,,,,,,,,,,,uuid:81e3bc36-700f-465d-a1aa-48ebed04a78c/observations/quadrat_repeat[7],uuid:81e3bc36-700f-465d-a1aa-48ebed04a78c/observations/quadrat_repeat[7]/additional_species_repeat[1]
2,reuse_missing,,,,,,,,,,,,6cfa0d1b-d0f6-4a6c-bd0d-5a0c3e586d9b,Tephrosia purpurea,,Tephrosia purpurea,,,,,,,,,,,,uuid:81e3bc36-700f-465d-a1aa-48ebed04a78c/observations/quadrat_repeat[7],uuid:81e3bc36-700f-465d-a1aa-48ebed04a78c/observations/quadrat_repeat[7]/additional_species_repeat[2]
1,reuse_unknown,,,,,,795b0715-6af6-4249-914c-0d4ec9f55692,herb_016,,,,,,,,herb_016,,,,,,,,,,,,uuid:81e3bc36-700f-465d-a1aa-48ebed04a78c/observations/quadrat_repeat[8],uuid:81e3bc36-700f-465d-a1aa-48ebed04a78c/observations/quadrat_repeat[8]/additional_species_repeat[1]
2,reuse_unknown,,,,,,c04014bb-ee9b-4db9-a053-9031f44f91a8,herb_017,,,,,,,,herb_017,,,,,,,,,,,,uuid:81e3bc36-700f-465d-a1aa-48ebed04a78c/observations/quadrat_repeat[8],uuid:81e3bc36-700f-465d-a1aa-48ebed04a78c/observations/quadrat_repeat[8]/additional_species_repeat[2]
3,reuse_missing,,,,,,,,,,,,4821f54d-4b1b-4005-a7ce-0e57846592ea,Phyllanthus pantandrus,,Phyllanthus pantandrus,,,,,,,,,,,,uuid:81e3bc36-700f-465d-a1aa-48ebed04a78c/observations/quadrat_repeat[8],uuid:81e3bc36-700f-465d-a1aa-48ebed04a78c/observations/quadrat_repeat[8]/additional_species_repeat[3]
1,reuse_unknown,,,,,,795b0715-6af6-4249-914c-0d4ec9f55692,herb_016,,,,,,,,herb_016,,,,,,,,,,,,uuid:81e3bc36-700f-465d-a1aa-48ebed04a78c/observations/quadrat_repeat[9],uuid:81e3bc36-700f-465d-a1aa-48ebed04a78c/observations/quadrat_repeat[9]/additional_species_repeat[1]
2,reuse_unknown,,,,,,ca871a91-6bf3-405f-a0f2-548575363579,herb_029,,,,,,,,herb_029,,,,,,,,,,,,uuid:81e3bc36-700f-465d-a1aa-48ebed04a78c/observations/quadrat_repeat[9],uuid:81e3bc36-700f-465d-a1aa-48ebed04a78c/observations/quadrat_repeat[9]/additional_species_repeat[2]
1,reuse_unknown,,,,,,795b0715-6af6-4249-914c-0d4ec9f55692,herb_016,,,,,,,,herb_016,,,,,,,,,,,,uuid:81e3bc36-700f-465d-a1aa-48ebed04a78c/observations/quadrat_repeat[10],uuid:81e3bc36-700f-465d-a1aa-48ebed04a78c/observations/quadrat_repeat[10]/additional_species_repeat[1]
1,reuse_unknown,,,,,,795b0715-6af6-4249-914c-0d4ec9f55692,herb_016,,,,,,,,herb_016,,,,,,,,,,,,uuid:81e3bc36-700f-465d-a1aa-48ebed04a78c/observations/quadrat_repeat[11],uuid:81e3bc36-700f-465d-a1aa-48ebed04a78c/observations/quadrat_repeat[11]/additional_species_repeat[1]
2,reuse_missing,,,,,,,,,,,,ff9a2bfe-cd4c-4f3e-98ce-e1870b995691,Aristida scabrivalvis,,Aristida scabrivalvis,,,,,,,,,,,,uuid:81e3bc36-700f-465d-a1aa-48ebed04a78c/observations/quadrat_repeat[11],uuid:81e3bc36-700f-465d-a1aa-48ebed04a78c/observations/quadrat_repeat[11]/additional_species_repeat[2]
3,reuse_unknown,,,,,,c04014bb-ee9b-4db9-a053-9031f44f91a8,herb_017,,,,,,,,herb_017,,,,,,,,,,,,uuid:81e3bc36-700f-465d-a1aa-48ebed04a78c/observations/quadrat_repeat[11],uuid:81e3bc36-700f-465d-a1aa-48ebed04a78c/observations/quadrat_repeat[11]/additional_species_repeat[3]
1,reuse_unknown,,,,,,795b0715-6af6-4249-914c-0d4ec9f55692,herb_016,,,,,,,,herb_016,,,,,,,,,,,,uuid:81e3bc36-700f-465d-a1aa-48ebed04a78c/observations/quadrat_repeat[12],uuid:81e3bc36-700f-465d-a1aa-48ebed04a78c/observations/quadrat_repeat[12]/additional_species_repeat[1]
2,reuse_missing,,,,,,,,,,,,c20ca3f8-38b6-47cf-9050-f3fd9cb7a13b,Aristida scabrivalvis,,Aristida scabrivalvis,,,,,,,,,,,,uuid:81e3bc36-700f-465d-a1aa-48ebed04a78c/observations/quadrat_repeat[12],uuid:81e3bc36-700f-465d-a1aa-48ebed04a78c/observations/quadrat_repeat[12]/additional_species_repeat[2]
1,reuse_missing,,,,,,,,,,,,eacca28e-4664-4710-96b9-29a1ef6294ab,Pogonarthria fleckii,,Pogonarthria fleckii,,,,,,,,,,,,uuid:81e3bc36-700f-465d-a1aa-48ebed04a78c/observations/quadrat_repeat[13],uuid:81e3bc36-700f-465d-a1aa-48ebed04a78c/observations/quadrat_repeat[13]/additional_species_repeat[1]
2,reuse_unknown,,,,,,d2c43a50-20d5-4f0b-8170-b7c47fe94eb8,herb_076,,,,,,,,herb_076,,,,,,,,,,,,uuid:81e3bc36-700f-465d-a1aa-48ebed04a78c/observations/quadrat_repeat[13],uuid:81e3bc36-700f-465d-a1aa-48ebed04a78c/observations/quadrat_repeat[13]/additional_species_repeat[2]
3,reuse_unknown,,,,,,c04014bb-ee9b-4db9-a053-9031f44f91a8,herb_017,,,,,,,,herb_017,,,,,,,,,,,,uuid:81e3bc36-700f-465d-a1aa-48ebed04a78c/observations/quadrat_repeat[13],uuid:81e3bc36-700f-465d-a1aa-48ebed04a78c/observations/quadrat_repeat[13]/additional_species_repeat[3]
1,reuse_missing,,,,,,,,,,,,a1b3e634-6534-4192-a798-023677156d35,Brachiara dura,,Brachiara dura,,,,,,,,,,,,uuid:81e3bc36-700f-465d-a1aa-48ebed04a78c/observations/quadrat_repeat[14],uuid:81e3bc36-700f-465d-a1aa-48ebed04a78c/observations/quadrat_repeat[14]/additional_species_repeat[1]
2,reuse_missing,,,,,,,,,,,,4821f54d-4b1b-4005-a7ce-0e57846592ea,Phyllanthus pantandrus,,Phyllanthus pantandrus,,,,,,,,,,,,uuid:81e3bc36-700f-465d-a1aa-48ebed04a78c/observations/quadrat_repeat[14],uuid:81e3bc36-700f-465d-a1aa-48ebed04a78c/observations/quadrat_repeat[14]/additional_species_repeat[2]
1,reuse_unknown,,,,,,c04014bb-ee9b-4db9-a053-9031f44f91a8,herb_017,,,,,,,,herb_017,,,,,,,,,,,,uuid:81e3bc36-700f-465d-a1aa-48ebed04a78c/observations/quadrat_repeat[15],uuid:81e3bc36-700f-465d-a1aa-48ebed04a78c/observations/quadrat_repeat[15]/additional_species_repeat[1]
2,reuse_missing,,,,,,,,,,,,eacca28e-4664-4710-96b9-29a1ef6294ab,Pogonarthria fleckii,,Pogonarthria fleckii,,,,,,,,,,,,uuid:81e3bc36-700f-465d-a1aa-48ebed04a78c/observations/quadrat_repeat[15],uuid:81e3bc36-700f-465d-a1aa-48ebed04a78c/observations/quadrat_repeat[15]/additional_species_repeat[2]
3,reuse_unknown,,,,,,c04014bb-ee9b-4db9-a053-9031f44f91a8,herb_017,,,,,,,,herb_017,,,,,,,,,,,,uuid:81e3bc36-700f-465d-a1aa-48ebed04a78c/observations/quadrat_repeat[15],uuid:81e3bc36-700f-465d-a1aa-48ebed04a78c/observations/quadrat_repeat[15]/additional_species_repeat[3]
1,reuse_missing,,,,,,,,,,,,86e48f75-a0d5-4cae-b0c7-f03a025bb150,Evolvulus alsinoides ,,Evolvulus alsinoides ,,,,,,,,,,,,uuid:81e3bc36-700f-465d-a1aa-48ebed04a78c/observations/quadrat_repeat[16],uuid:81e3bc36-700f-465d-a1aa-48ebed04a78c/observations/quadrat_repeat[16]/additional_species_repeat[1]
2,reuse_missing,,,,,,,,,,,,c20ca3f8-38b6-47cf-9050-f3fd9cb7a13b,Aristida scabrivalvis,,Aristida scabrivalvis,,,,,,,,,,,,uuid:81e3bc36-700f-465d-a1aa-48ebed04a78c/observations/quadrat_repeat[16],uuid:81e3bc36-700f-465d-a1aa-48ebed04a78c/observations/quadrat_repeat[16]/additional_species_repeat[2]
1,reuse_unknown,,,,,,bfb94c69-e91b-46c7-90d6-21439f192472,herb_012,,,,,,,,herb_012,,,,,,,,,,,,uuid:81e3bc36-700f-465d-a1aa-48ebed04a78c/observations/quadrat_repeat[17],uuid:81e3bc36-700f-465d-a1aa-48ebed04a78c/observations/quadrat_repeat[17]/additional_species_repeat[1]
2,reuse_missing,,,,,,,,,,,,cb7ec77f-8e1d-4354-bfce-de3d13afdc8b,Crotolaria sphaerocarpa,,Crotolaria sphaerocarpa,,,,,,,,,,,,uuid:81e3bc36-700f-465d-a1aa-48ebed04a78c/observations/quadrat_repeat[17],uuid:81e3bc36-700f-465d-a1aa-48ebed04a78c/observations/quadrat_repeat[17]/additional_species_repeat[2]
3,reuse_missing,,,,,,,,,,,,43214fc0-8a13-4af6-bc50-5b2ff891d955,Oldenladia corymbosa,,Oldenladia corymbosa,,,,,,,,,,,,uuid:81e3bc36-700f-465d-a1aa-48ebed04a78c/observations/quadrat_repeat[17],uuid:81e3bc36-700f-465d-a1aa-48ebed04a78c/observations/quadrat_repeat[17]/additional_species_repeat[3]
4,reuse_missing,,,,,,,,,,,,eacca28e-4664-4710-96b9-29a1ef6294ab,Pogonarthria fleckii,,Pogonarthria fleckii,,,,,,,,,,,,uuid:81e3bc36-700f-465d-a1aa-48ebed04a78c/observations/quadrat_repeat[17],uuid:81e3bc36-700f-465d-a1aa-48ebed04a78c/observations/quadrat_repeat[17]/additional_species_repeat[4]
1,reuse_unknown,,,,,,c04014bb-ee9b-4db9-a053-9031f44f91a8,herb_017,,,,,,,,herb_017,,,,,,,,,,,,uuid:81e3bc36-700f-465d-a1aa-48ebed04a78c/observations/quadrat_repeat[18],uuid:81e3bc36-700f-465d-a1aa-48ebed04a78c/observations/quadrat_repeat[18]/additional_species_repeat[1]
2,reuse_missing,,,,,,,,,,,,eacca28e-4664-4710-96b9-29a1ef6294ab,Pogonarthria fleckii,,Pogonarthria fleckii,,,,,,,,,,,,uuid:81e3bc36-700f-465d-a1aa-48ebed04a78c/observations/quadrat_repeat[18],uuid:81e3bc36-700f-465d-a1aa-48ebed04a78c/observations/quadrat_repeat[18]/additional_species_repeat[2]
3,reuse_missing,,,,,,,,,,,,ff9a2bfe-cd4c-4f3e-98ce-e1870b995691,Aristida scabrivalvis,,Aristida scabrivalvis,,,,,,,,,,,,uuid:81e3bc36-700f-465d-a1aa-48ebed04a78c/observations/quadrat_repeat[18],uuid:81e3bc36-700f-465d-a1aa-48ebed04a78c/observations/quadrat_repeat[18]/additional_species_repeat[3]
1,reuse_missing,,,,,,,,,,,,6cfa0d1b-d0f6-4a6c-bd0d-5a0c3e586d9b,Tephrosia purpurea,,Tephrosia purpurea,,,,,,,,,,,,uuid:81e3bc36-700f-465d-a1aa-48ebed04a78c/observations/quadrat_repeat[19],uuid:81e3bc36-700f-465d-a1aa-48ebed04a78c/observations/quadrat_repeat[19]/additional_species_repeat[1]
2,reuse_missing,,,,,,,,,,,,eacca28e-4664-4710-96b9-29a1ef6294ab,Pogonarthria fleckii,,Pogonarthria fleckii,,,,,,,,,,,,uuid:81e3bc36-700f-465d-a1aa-48ebed04a78c/observations/quadrat_repeat[19],uuid:81e3bc36-700f-465d-a1aa-48ebed04a78c/observations/quadrat_repeat[19]/additional_species_repeat[2]
3,reuse_unknown,,,,,,c04014bb-ee9b-4db9-a053-9031f44f91a8,herb_017,,,,,,,,herb_017,,,,,,,,,,,,uuid:81e3bc36-700f-465d-a1aa-48ebed04a78c/observations/quadrat_repeat[19],uuid:81e3bc36-700f-465d-a1aa-48ebed04a78c/observations/quadrat_repeat[19]/additional_species_repeat[3]
1,reuse_missing,,,,,,,,,,,,6cfa0d1b-d0f6-4a6c-bd0d-5a0c3e586d9b,Tephrosia purpurea,,Tephrosia purpurea,,,,,,,,,,,,uuid:81e3bc36-700f-465d-a1aa-48ebed04a78c/observations/quadrat_repeat[20],uuid:81e3bc36-700f-465d-a1aa-48ebed04a78c/observations/quadrat_repeat[20]/additional_species_repeat[1]
2,reuse_missing,,,,,,,,,,,,eacca28e-4664-4710-96b9-29a1ef6294ab,Pogonarthria fleckii,,Pogonarthria fleckii,,,,,,,,,,,,uuid:81e3bc36-700f-465d-a1aa-48ebed04a78c/observations/quadrat_repeat[20],uuid:81e3bc36-700f-465d-a1aa-48ebed04a78c/observations/quadrat_repeat[20]/additional_species_repeat[2]
3,reuse_missing,,,,,,,,,,,,27e0c6dd-e4b3-46e3-a446-c47be544bac9,Zornia glochidiala,,Zornia glochidiala,,,,,,,,,,,,uuid:81e3bc36-700f-465d-a1aa-48ebed04a78c/observations/quadrat_repeat[20],uuid:81e3bc36-700f-465d-a1aa-48ebed04a78c/observations/quadrat_repeat[20]/additional_species_repeat[3]
1,reuse_unknown,,,,,,c04014bb-ee9b-4db9-a053-9031f44f91a8,herb_017,,,,,,,,herb_017,,,,,,,,,,,,uuid:938c15e5-c942-49aa-8e6d-9633189870ff/observations/quadrat_repeat[1],uuid:938c15e5-c942-49aa-8e6d-9633189870ff/observations/quadrat_repeat[1]/additional_species_repeat[1]
2,reuse_unknown,,,,,,fee329ca-e301-4c77-9fe8-dda15a1ef3cc,herb_002,,,,,,,,herb_002,,,,,,,,,,,,uuid:938c15e5-c942-49aa-8e6d-9633189870ff/observations/quadrat_repeat[1],uuid:938c15e5-c942-49aa-8e6d-9633189870ff/observations/quadrat_repeat[1]/additional_species_repeat[2]
3,reuse_missing,,,,,,,,,,,,d8ae21a7-5b8f-43df-8e16-b233dc6cb432,Erlangea misera,,Erlangea misera,,,,,,,,,,,,uuid:938c15e5-c942-49aa-8e6d-9633189870ff/observations/quadrat_repeat[1],uuid:938c15e5-c942-49aa-8e6d-9633189870ff/observations/quadrat_repeat[1]/additional_species_repeat[3]
1,reuse_missing,,,,,,,,,,,,d8ae21a7-5b8f-43df-8e16-b233dc6cb432,Erlangea misera,,Erlangea misera,,,,,,,,,,,,uuid:938c15e5-c942-49aa-8e6d-9633189870ff/observations/quadrat_repeat[3],uuid:938c15e5-c942-49aa-8e6d-9633189870ff/observations/quadrat_repeat[3]/additional_species_repeat[1]
2,reuse_missing,,,,,,,,,,,,6bbc4cd9-1852-478e-b951-19cd65a144e5,Crotolaria heidmannii,,Crotolaria heidmannii,,,,,,,,,,,,uuid:938c15e5-c942-49aa-8e6d-9633189870ff/observations/quadrat_repeat[3],uuid:938c15e5-c942-49aa-8e6d-9633189870ff/observations/quadrat_repeat[3]/additional_species_repeat[2]
1,reuse_missing,,,,,,,,,,,,86e48f75-a0d5-4cae-b0c7-f03a025bb150,Evolvulus alsinoides ,,Evolvulus alsinoides ,,,,,,,,,,,,uuid:938c15e5-c942-49aa-8e6d-9633189870ff/observations/quadrat_repeat[4],uuid:938c15e5-c942-49aa-8e6d-9633189870ff/observations/quadrat_repeat[4]/additional_species_repeat[1]
2,reuse_unknown,,,,,,c04014bb-ee9b-4db9-a053-9031f44f91a8,herb_017,,,,,,,,herb_017,,,,,,,,,,,,uuid:938c15e5-c942-49aa-8e6d-9633189870ff/observations/quadrat_repeat[4],uuid:938c15e5-c942-49aa-8e6d-9633189870ff/observations/quadrat_repeat[4]/additional_species_repeat[2]
1,reuse_missing,,,,,,,,,,,,6bbc4cd9-1852-478e-b951-19cd65a144e5,Crotolaria heidmannii,,Crotolaria heidmannii,,,,,,,,,,,,uuid:938c15e5-c942-49aa-8e6d-9633189870ff/observations/quadrat_repeat[5],uuid:938c15e5-c942-49aa-8e6d-9633189870ff/observations/quadrat_repeat[5]/additional_species_repeat[1]
2,reuse_unknown,,,,,,ca871a91-6bf3-405f-a0f2-548575363579,herb_029,,,,,,,,herb_029,,,,,,,,,,,,uuid:938c15e5-c942-49aa-8e6d-9633189870ff/observations/quadrat_repeat[5],uuid:938c15e5-c942-49aa-8e6d-9633189870ff/observations/quadrat_repeat[5]/additional_species_repeat[2]
1,reuse_unknown,,,,,,fee329ca-e301-4c77-9fe8-dda15a1ef3cc,herb_002,,,,,,,,herb_002,,,,,,,,,,,,uuid:938c15e5-c942-49aa-8e6d-9633189870ff/observations/quadrat_repeat[6],uuid:938c15e5-c942-49aa-8e6d-9633189870ff/observations/quadrat_repeat[6]/additional_species_repeat[1]
2,reuse_missing,,,,,,,,,,,,86e48f75-a0d5-4cae-b0c7-f03a025bb150,Evolvulus alsinoides ,,Evolvulus alsinoides ,,,,,,,,,,,,uuid:938c15e5-c942-49aa-8e6d-9633189870ff/observations/quadrat_repeat[6],uuid:938c15e5-c942-49aa-8e6d-9633189870ff/observations/quadrat_repeat[6]/additional_species_repeat[2]
3,reuse_missing,,,,,,,,,,,,6bbc4cd9-1852-478e-b951-19cd65a144e5,Crotolaria heidmannii,,Crotolaria heidmannii,,,,,,,,,,,,uuid:938c15e5-c942-49aa-8e6d-9633189870ff/observations/quadrat_repeat[6],uuid:938c15e5-c942-49aa-8e6d-9633189870ff/observations/quadrat_repeat[6]/additional_species_repeat[3]
1,reuse_unknown,,,,,,fee329ca-e301-4c77-9fe8-dda15a1ef3cc,herb_002,,,,,,,,herb_002,,,,,,,,,,,,uuid:938c15e5-c942-49aa-8e6d-9633189870ff/observations/quadrat_repeat[7],uuid:938c15e5-c942-49aa-8e6d-9633189870ff/observations/quadrat_repeat[7]/additional_species_repeat[1]
2,reuse_missing,,,,,,,,,,,,86e48f75-a0d5-4cae-b0c7-f03a025bb150,Evolvulus alsinoides ,,Evolvulus alsinoides ,,,,,,,,,,,,uuid:938c15e5-c942-49aa-8e6d-9633189870ff/observations/quadrat_repeat[7],uuid:938c15e5-c942-49aa-8e6d-9633189870ff/observations/quadrat_repeat[7]/additional_species_repeat[2]
3,reuse_missing,,,,,,,,,,,,6bbc4cd9-1852-478e-b951-19cd65a144e5,Crotolaria heidmannii,,Crotolaria heidmannii,,,,,,,,,,,,uuid:938c15e5-c942-49aa-8e6d-9633189870ff/observations/quadrat_repeat[7],uuid:938c15e5-c942-49aa-8e6d-9633189870ff/observations/quadrat_repeat[7]/additional_species_repeat[3]
4,reuse_missing,,,,,,,,,,,,d8ae21a7-5b8f-43df-8e16-b233dc6cb432,Erlangea misera,,Erlangea misera,,,,,,,,,,,,uuid:938c15e5-c942-49aa-8e6d-9633189870ff/observations/quadrat_repeat[7],uuid:938c15e5-c942-49aa-8e6d-9633189870ff/observations/quadrat_repeat[7]/additional_species_repeat[4]
5,reuse_missing,,,,,,,,,,,,8c8d1146-7b63-440d-9262-4d0c6c3ef1fa,Macrotalyma daltonii,,Macrotalyma daltonii,,,,,,,,,,,,uuid:938c15e5-c942-49aa-8e6d-9633189870ff/observations/quadrat_repeat[7],uuid:938c15e5-c942-49aa-8e6d-9633189870ff/observations/quadrat_repeat[7]/additional_species_repeat[5]
1,reuse_missing,,,,,,,,,,,,8c8d1146-7b63-440d-9262-4d0c6c3ef1fa,Macrotalyma daltonii,,Macrotalyma daltonii,,,,,,,,,,,,uuid:938c15e5-c942-49aa-8e6d-9633189870ff/observations/quadrat_repeat[8],uuid:938c15e5-c942-49aa-8e6d-9633189870ff/observations/quadrat_repeat[8]/additional_species_repeat[1]
2,reuse_missing,,,,,,,,,,,,d8ae21a7-5b8f-43df-8e16-b233dc6cb432,Erlangea misera,,Erlangea misera,,,,,,,,,,,,uuid:938c15e5-c942-49aa-8e6d-9633189870ff/observations/quadrat_repeat[8],uuid:938c15e5-c942-49aa-8e6d-9633189870ff/observations/quadrat_repeat[8]/additional_species_repeat[2]
1,reuse_missing,,,,,,,,,,,,86e48f75-a0d5-4cae-b0c7-f03a025bb150,Evolvulus alsinoides ,,Evolvulus alsinoides ,,,,,,,,,,,,uuid:938c15e5-c942-49aa-8e6d-9633189870ff/observations/quadrat_repeat[9],uuid:938c15e5-c942-49aa-8e6d-9633189870ff/observations/quadrat_repeat[9]/additional_species_repeat[1]
2,reuse_missing,,,,,,,,,,,,6cfa0d1b-d0f6-4a6c-bd0d-5a0c3e586d9b,Tephrosia purpurea,,Tephrosia purpurea,,,,,,,,,,,,uuid:938c15e5-c942-49aa-8e6d-9633189870ff/observations/quadrat_repeat[9],uuid:938c15e5-c942-49aa-8e6d-9633189870ff/observations/quadrat_repeat[9]/additional_species_repeat[2]
1,reuse_missing,,,,,,,,,,,,d8ae21a7-5b8f-43df-8e16-b233dc6cb432,Erlangea misera,,Erlangea misera,,,,,,,,,,,,uuid:938c15e5-c942-49aa-8e6d-9633189870ff/observations/quadrat_repeat[10],uuid:938c15e5-c942-49aa-8e6d-9633189870ff/observations/quadrat_repeat[10]/additional_species_repeat[1]
2,reuse_missing,,,,,,,,,,,,86e48f75-a0d5-4cae-b0c7-f03a025bb150,Evolvulus alsinoides ,,Evolvulus alsinoides ,,,,,,,,,,,,uuid:938c15e5-c942-49aa-8e6d-9633189870ff/observations/quadrat_repeat[10],uuid:938c15e5-c942-49aa-8e6d-9633189870ff/observations/quadrat_repeat[10]/additional_species_repeat[2]
1,reuse_missing,,,,,,,,,,,,d8ae21a7-5b8f-43df-8e16-b233dc6cb432,Erlangea misera,,Erlangea misera,,,,,,,,,,,,uuid:938c15e5-c942-49aa-8e6d-9633189870ff/observations/quadrat_repeat[11],uuid:938c15e5-c942-49aa-8e6d-9633189870ff/observations/quadrat_repeat[11]/additional_species_repeat[1]
1,reuse_missing,,,,,,,,,,,,86e48f75-a0d5-4cae-b0c7-f03a025bb150,Evolvulus alsinoides ,,Evolvulus alsinoides ,,,,,,,,,,,,uuid:938c15e5-c942-49aa-8e6d-9633189870ff/observations/quadrat_repeat[12],uuid:938c15e5-c942-49aa-8e6d-9633189870ff/observations/quadrat_repeat[12]/additional_species_repeat[1]
2,reuse_missing,,,,,,,,,,,,e8a62df8-5df5-4338-9cba-2d136c79d48c,Asparagus africanus,,Asparagus africanus,,,,,,,,,,,,uuid:938c15e5-c942-49aa-8e6d-9633189870ff/observations/quadrat_repeat[12],uuid:938c15e5-c942-49aa-8e6d-9633189870ff/observations/quadrat_repeat[12]/additional_species_repeat[2]
3,reuse_missing,,,,,,,,,,,,c9c6df41-df82-4bc5-87b7-63b84898087d,Rhynchosia totta,,Rhynchosia totta,,,,,,,,,,,,uuid:938c15e5-c942-49aa-8e6d-9633189870ff/observations/quadrat_repeat[12],uuid:938c15e5-c942-49aa-8e6d-9633189870ff/observations/quadrat_repeat[12]/additional_species_repeat[3]
1,reuse_missing,,,,,,,,,,,,8c8d1146-7b63-440d-9262-4d0c6c3ef1fa,Macrotalyma daltonii,,Macrotalyma daltonii,,,,,,,,,,,,uuid:938c15e5-c942-49aa-8e6d-9633189870ff/observations/quadrat_repeat[13],uuid:938c15e5-c942-49aa-8e6d-9633189870ff/observations/quadrat_repeat[13]/additional_species_repeat[1]
1,reuse_unknown,,,,,,c04014bb-ee9b-4db9-a053-9031f44f91a8,herb_017,,,,,,,,herb_017,,,,,,,,,,,,uuid:938c15e5-c942-49aa-8e6d-9633189870ff/observations/quadrat_repeat[14],uuid:938c15e5-c942-49aa-8e6d-9633189870ff/observations/quadrat_repeat[14]/additional_species_repeat[1]
2,reuse_missing,,,,,,,,,,,,8c8d1146-7b63-440d-9262-4d0c6c3ef1fa,Macrotalyma daltonii,,Macrotalyma daltonii,,,,,,,,,,,,uuid:938c15e5-c942-49aa-8e6d-9633189870ff/observations/quadrat_repeat[14],uuid:938c15e5-c942-49aa-8e6d-9633189870ff/observations/quadrat_repeat[14]/additional_species_repeat[2]
3,reuse_missing,,,,,,,,,,,,d8ae21a7-5b8f-43df-8e16-b233dc6cb432,Erlangea misera,,Erlangea misera,,,,,,,,,,,,uuid:938c15e5-c942-49aa-8e6d-9633189870ff/observations/quadrat_repeat[14],uuid:938c15e5-c942-49aa-8e6d-9633189870ff/observations/quadrat_repeat[14]/additional_species_repeat[3]
4,reuse_missing,,,,,,,,,,,,cb7ec77f-8e1d-4354-bfce-de3d13afdc8b,Crotolaria sphaerocarpa,,Crotolaria sphaerocarpa,,,,,,,,,,,,uuid:938c15e5-c942-49aa-8e6d-9633189870ff/observations/quadrat_repeat[14],uuid:938c15e5-c942-49aa-8e6d-9633189870ff/observations/quadrat_repeat[14]/additional_species_repeat[4]
5,reuse_missing,,,,,,,,,,,,86e48f75-a0d5-4cae-b0c7-f03a025bb150,Evolvulus alsinoides ,,Evolvulus alsinoides ,,,,,,,,,,,,uuid:938c15e5-c942-49aa-8e6d-9633189870ff/observations/quadrat_repeat[14],uuid:938c15e5-c942-49aa-8e6d-9633189870ff/observations/quadrat_repeat[14]/additional_species_repeat[5]
1,reuse_missing,,,,,,,,,,,,86e48f75-a0d5-4cae-b0c7-f03a025bb150,Evolvulus alsinoides ,,Evolvulus alsinoides ,,,,,,,,,,,,uuid:938c15e5-c942-49aa-8e6d-9633189870ff/observations/quadrat_repeat[15],uuid:938c15e5-c942-49aa-8e6d-9633189870ff/observations/quadrat_repeat[15]/additional_species_repeat[1]
2,reuse_missing,,,,,,,,,,,,8c8d1146-7b63-440d-9262-4d0c6c3ef1fa,Macrotalyma daltonii,,Macrotalyma daltonii,,,,,,,,,,,,uuid:938c15e5-c942-49aa-8e6d-9633189870ff/observations/quadrat_repeat[15],uuid:938c15e5-c942-49aa-8e6d-9633189870ff/observations/quadrat_repeat[15]/additional_species_repeat[2]
1,reuse_unknown,,,,,,c04014bb-ee9b-4db9-a053-9031f44f91a8,herb_017,,,,,,,,herb_017,,,,,,,,,,,,uuid:938c15e5-c942-49aa-8e6d-9633189870ff/observations/quadrat_repeat[16],uuid:938c15e5-c942-49aa-8e6d-9633189870ff/observations/quadrat_repeat[16]/additional_species_repeat[1]
2,reuse_missing,,,,,,,,,,,,8c8d1146-7b63-440d-9262-4d0c6c3ef1fa,Macrotalyma daltonii,,Macrotalyma daltonii,,,,,,,,,,,,uuid:938c15e5-c942-49aa-8e6d-9633189870ff/observations/quadrat_repeat[16],uuid:938c15e5-c942-49aa-8e6d-9633189870ff/observations/quadrat_repeat[16]/additional_species_repeat[2]
3,reuse_missing,,,,,,,,,,,,6cfa0d1b-d0f6-4a6c-bd0d-5a0c3e586d9b,Tephrosia purpurea,,Tephrosia purpurea,,,,,,,,,,,,uuid:938c15e5-c942-49aa-8e6d-9633189870ff/observations/quadrat_repeat[16],uuid:938c15e5-c942-49aa-8e6d-9633189870ff/observations/quadrat_repeat[16]/additional_species_repeat[3]
1,reuse_unknown,,,,,,c04014bb-ee9b-4db9-a053-9031f44f91a8,herb_017,,,,,,,,herb_017,,,,,,,,,,,,uuid:938c15e5-c942-49aa-8e6d-9633189870ff/observations/quadrat_repeat[17],uuid:938c15e5-c942-49aa-8e6d-9633189870ff/observations/quadrat_repeat[17]/additional_species_repeat[1]
2,reuse_missing,,,,,,,,,,,,d8ae21a7-5b8f-43df-8e16-b233dc6cb432,Erlangea misera,,Erlangea misera,,,,,,,,,,,,uuid:938c15e5-c942-49aa-8e6d-9633189870ff/observations/quadrat_repeat[17],uuid:938c15e5-c942-49aa-8e6d-9633189870ff/observations/quadrat_repeat[17]/additional_species_repeat[2]
3,reuse_missing,,,,,,,,,,,,c20ca3f8-38b6-47cf-9050-f3fd9cb7a13b,Aristida scabrivalvis,,Aristida scabrivalvis,,,,,,,,,,,,uuid:938c15e5-c942-49aa-8e6d-9633189870ff/observations/quadrat_repeat[17],uuid:938c15e5-c942-49aa-8e6d-9633189870ff/observations/quadrat_repeat[17]/additional_species_repeat[3]
4,reuse_missing,,,,,,,,,,,,86e48f75-a0d5-4cae-b0c7-f03a025bb150,Evolvulus alsinoides ,,Evolvulus alsinoides ,,,,,,,,,,,,uuid:938c15e5-c942-49aa-8e6d-9633189870ff/observations/quadrat_repeat[17],uuid:938c15e5-c942-49aa-8e6d-9633189870ff/observations/quadrat_repeat[17]/additional_species_repeat[4]
1,reuse_missing,,,,,,,,,,,,86e48f75-a0d5-4cae-b0c7-f03a025bb150,Evolvulus alsinoides ,,Evolvulus alsinoides ,,,,,,,,,,,,uuid:938c15e5-c942-49aa-8e6d-9633189870ff/observations/quadrat_repeat[18],uuid:938c15e5-c942-49aa-8e6d-9633189870ff/observations/quadrat_repeat[18]/additional_species_repeat[1]
2,reuse_unknown,,,,,,c04014bb-ee9b-4db9-a053-9031f44f91a8,herb_017,,,,,,,,herb_017,,,,,,,,,,,,uuid:938c15e5-c942-49aa-8e6d-9633189870ff/observations/quadrat_repeat[18],uuid:938c15e5-c942-49aa-8e6d-9633189870ff/observations/quadrat_repeat[18]/additional_species_repeat[2]
3,reuse_missing,,,,,,,,,,,,c9c6df41-df82-4bc5-87b7-63b84898087d,Rhynchosia totta,,Rhynchosia totta,,,,,,,,,,,,uuid:938c15e5-c942-49aa-8e6d-9633189870ff/observations/quadrat_repeat[18],uuid:938c15e5-c942-49aa-8e6d-9633189870ff/observations/quadrat_repeat[18]/additional_species_repeat[3]
1,reuse_missing,,,,,,,,,,,,c9c6df41-df82-4bc5-87b7-63b84898087d,Rhynchosia totta,,Rhynchosia totta,,,,,,,,,,,,uuid:938c15e5-c942-49aa-8e6d-9633189870ff/observations/quadrat_repeat[19],uuid:938c15e5-c942-49aa-8e6d-9633189870ff/observations/quadrat_repeat[19]/additional_species_repeat[1]
2,reuse_unknown,,,,,,c04014bb-ee9b-4db9-a053-9031f44f91a8,herb_017,,,,,,,,herb_017,,,,,,,,,,,,uuid:938c15e5-c942-49aa-8e6d-9633189870ff/observations/quadrat_repeat[19],uuid:938c15e5-c942-49aa-8e6d-9633189870ff/observations/quadrat_repeat[19]/additional_species_repeat[2]
1,reuse_unknown,,,,,,c04014bb-ee9b-4db9-a053-9031f44f91a8,herb_017,,,,,,,,herb_017,,,,,,,,,,,,uuid:938c15e5-c942-49aa-8e6d-9633189870ff/observations/quadrat_repeat[20],uuid:938c15e5-c942-49aa-8e6d-9633189870ff/observations/quadrat_repeat[20]/additional_species_repeat[1]
2,reuse_missing,,,,,,,,,,,,86e48f75-a0d5-4cae-b0c7-f03a025bb150,Evolvulus alsinoides ,,Evolvulus alsinoides ,,,,,,,,,,,,uuid:938c15e5-c942-49aa-8e6d-9633189870ff/observations/quadrat_repeat[20],uuid:938c15e5-c942-49aa-8e6d-9633189870ff/observations/quadrat_repeat[20]/additional_species_repeat[2]
3,reuse_unknown,,,,,,fee329ca-e301-4c77-9fe8-dda15a1ef3cc,herb_002,,,,,,,,herb_002,,,,,,,,,,,,uuid:938c15e5-c942-49aa-8e6d-9633189870ff/observations/quadrat_repeat[20],uuid:938c15e5-c942-49aa-8e6d-9633189870ff/observations/quadrat_repeat[20]/additional_species_repeat[3]
1,reuse_missing,,,,,,,,,,,,c314b961-ed35-4db8-9744-976abac154c8,Jacquemontia tannifolia,,Jacquemontia tannifolia,,,,,,,,,,,,uuid:8e5f5c9d-d697-4358-b766-db4a41f28c3e/observations/quadrat_repeat[1],uuid:8e5f5c9d-d697-4358-b766-db4a41f28c3e/observations/quadrat_repeat[1]/additional_species_repeat[1]
2,reuse_missing,,,,,,,,,,,,6cfa0d1b-d0f6-4a6c-bd0d-5a0c3e586d9b,Tephrosia purpurea,,Tephrosia purpurea,,,,,,,,,,,,uuid:8e5f5c9d-d697-4358-b766-db4a41f28c3e/observations/quadrat_repeat[1],uuid:8e5f5c9d-d697-4358-b766-db4a41f28c3e/observations/quadrat_repeat[1]/additional_species_repeat[2]
1,reuse_unknown,,,,,,c04014bb-ee9b-4db9-a053-9031f44f91a8,herb_017,,,,,,,,herb_017,,,,,,,,,,,,uuid:8e5f5c9d-d697-4358-b766-db4a41f28c3e/observations/quadrat_repeat[2],uuid:8e5f5c9d-d697-4358-b766-db4a41f28c3e/observations/quadrat_repeat[2]/additional_species_repeat[1]
2,reuse_missing,,,,,,,,,,,,6cfa0d1b-d0f6-4a6c-bd0d-5a0c3e586d9b,Tephrosia purpurea,,Tephrosia purpurea,,,,,,,,,,,,uuid:8e5f5c9d-d697-4358-b766-db4a41f28c3e/observations/quadrat_repeat[2],uuid:8e5f5c9d-d697-4358-b766-db4a41f28c3e/observations/quadrat_repeat[2]/additional_species_repeat[2]
1,reuse_missing,,,,,,,,,,,,d65b61be-9bf8-4e38-be98-c610048d6dd0,Polygala erioptera,,Polygala erioptera,,,,,,,,,,,,uuid:8e5f5c9d-d697-4358-b766-db4a41f28c3e/observations/quadrat_repeat[3],uuid:8e5f5c9d-d697-4358-b766-db4a41f28c3e/observations/quadrat_repeat[3]/additional_species_repeat[1]
2,reuse_missing,,,,,,,,,,,,6cfa0d1b-d0f6-4a6c-bd0d-5a0c3e586d9b,Tephrosia purpurea,,Tephrosia purpurea,,,,,,,,,,,,uuid:8e5f5c9d-d697-4358-b766-db4a41f28c3e/observations/quadrat_repeat[3],uuid:8e5f5c9d-d697-4358-b766-db4a41f28c3e/observations/quadrat_repeat[3]/additional_species_repeat[2]
3,reuse_unknown,,,,,,93e84b00-0721-4de5-8f3b-398f0ee8c2a4,herb_080,,,,,,,,herb_080,,,,,,,,,,,,uuid:8e5f5c9d-d697-4358-b766-db4a41f28c3e/observations/quadrat_repeat[3],uuid:8e5f5c9d-d697-4358-b766-db4a41f28c3e/observations/quadrat_repeat[3]/additional_species_repeat[3]
1,reuse_missing,,,,,,,,,,,,eacca28e-4664-4710-96b9-29a1ef6294ab,Pogonarthria fleckii,,Pogonarthria fleckii,,,,,,,,,,,,uuid:8e5f5c9d-d697-4358-b766-db4a41f28c3e/observations/quadrat_repeat[4],uuid:8e5f5c9d-d697-4358-b766-db4a41f28c3e/observations/quadrat_repeat[4]/additional_species_repeat[1]
1,reuse_unknown,,,,,,ca871a91-6bf3-405f-a0f2-548575363579,herb_029,,,,,,,,herb_029,,,,,,,,,,,,uuid:8e5f5c9d-d697-4358-b766-db4a41f28c3e/observations/quadrat_repeat[5],uuid:8e5f5c9d-d697-4358-b766-db4a41f28c3e/observations/quadrat_repeat[5]/additional_species_repeat[1]
2,reuse_unknown,,,,,,6b4d87ce-546c-471a-b9a1-04721386337f,herb_011,,,,,,,,herb_011,,,,,,,,,,,,uuid:8e5f5c9d-d697-4358-b766-db4a41f28c3e/observations/quadrat_repeat[5],uuid:8e5f5c9d-d697-4358-b766-db4a41f28c3e/observations/quadrat_repeat[5]/additional_species_repeat[2]
3,reuse_missing,,,,,,,,,,,,c314b961-ed35-4db8-9744-976abac154c8,Jacquemontia tannifolia,,Jacquemontia tannifolia,,,,,,,,,,,,uuid:8e5f5c9d-d697-4358-b766-db4a41f28c3e/observations/quadrat_repeat[5],uuid:8e5f5c9d-d697-4358-b766-db4a41f28c3e/observations/quadrat_repeat[5]/additional_species_repeat[3]
4,reuse_unknown,,,,,,93e84b00-0721-4de5-8f3b-398f0ee8c2a4,herb_080,,,,,,,,herb_080,,,,,,,,,,,,uuid:8e5f5c9d-d697-4358-b766-db4a41f28c3e/observations/quadrat_repeat[5],uuid:8e5f5c9d-d697-4358-b766-db4a41f28c3e/observations/quadrat_repeat[5]/additional_species_repeat[4]
1,reuse_unknown,,,,,,c04014bb-ee9b-4db9-a053-9031f44f91a8,herb_017,,,,,,,,herb_017,,,,,,,,,,,,uuid:8e5f5c9d-d697-4358-b766-db4a41f28c3e/observations/quadrat_repeat[6],uuid:8e5f5c9d-d697-4358-b766-db4a41f28c3e/observations/quadrat_repeat[6]/additional_species_repeat[1]
2,reuse_missing,,,,,,,,,,,,d8ae21a7-5b8f-43df-8e16-b233dc6cb432,Erlangea misera,,Erlangea misera,,,,,,,,,,,,uuid:8e5f5c9d-d697-4358-b766-db4a41f28c3e/observations/quadrat_repeat[6],uuid:8e5f5c9d-d697-4358-b766-db4a41f28c3e/observations/quadrat_repeat[6]/additional_species_repeat[2]
3,reuse_missing,,,,,,,,,,,,c20ca3f8-38b6-47cf-9050-f3fd9cb7a13b,Aristida scabrivalvis,,Aristida scabrivalvis,,,,,,,,,,,,uuid:8e5f5c9d-d697-4358-b766-db4a41f28c3e/observations/quadrat_repeat[6],uuid:8e5f5c9d-d697-4358-b766-db4a41f28c3e/observations/quadrat_repeat[6]/additional_species_repeat[3]
4,new_missing,0,27e0c6dd-e4b3-46e3-a446-c47be544bac9,98,,,,,,herb_098,Zornia glochidiala,,,,,herb_098 (Zornia glochidiala),Zornia glochidiala,pending,missing_species,active,,1779717332631.jpg,,,,,Zornia glochidiala,uuid:8e5f5c9d-d697-4358-b766-db4a41f28c3e/observations/quadrat_repeat[6],uuid:8e5f5c9d-d697-4358-b766-db4a41f28c3e/observations/quadrat_repeat[6]/additional_species_repeat[4]
1,reuse_unknown,,,,,,c04014bb-ee9b-4db9-a053-9031f44f91a8,herb_017,,,,,,,,herb_017,,,,,,,,,,,,uuid:8e5f5c9d-d697-4358-b766-db4a41f28c3e/observations/quadrat_repeat[8],uuid:8e5f5c9d-d697-4358-b766-db4a41f28c3e/observations/quadrat_repeat[8]/additional_species_repeat[1]
2,reuse_missing,,,,,,,,,,,,6cfa0d1b-d0f6-4a6c-bd0d-5a0c3e586d9b,Tephrosia purpurea,,Tephrosia purpurea,,,,,,,,,,,,uuid:8e5f5c9d-d697-4358-b766-db4a41f28c3e/observations/quadrat_repeat[8],uuid:8e5f5c9d-d697-4358-b766-db4a41f28c3e/observations/quadrat_repeat[8]/additional_species_repeat[2]
3,reuse_missing,,,,,,,,,,,,cb7ec77f-8e1d-4354-bfce-de3d13afdc8b,Crotolaria sphaerocarpa,,Crotolaria sphaerocarpa,,,,,,,,,,,,uuid:8e5f5c9d-d697-4358-b766-db4a41f28c3e/observations/quadrat_repeat[8],uuid:8e5f5c9d-d697-4358-b766-db4a41f28c3e/observations/quadrat_repeat[8]/additional_species_repeat[3]
1,reuse_unknown,,,,,,795b0715-6af6-4249-914c-0d4ec9f55692,herb_016,,,,,,,,herb_016,,,,,,,,,,,,uuid:8e5f5c9d-d697-4358-b766-db4a41f28c3e/observations/quadrat_repeat[9],uuid:8e5f5c9d-d697-4358-b766-db4a41f28c3e/observations/quadrat_repeat[9]/additional_species_repeat[1]
2,reuse_missing,,,,,,,,,,,,eacca28e-4664-4710-96b9-29a1ef6294ab,Pogonarthria fleckii,,Pogonarthria fleckii,,,,,,,,,,,,uuid:8e5f5c9d-d697-4358-b766-db4a41f28c3e/observations/quadrat_repeat[9],uuid:8e5f5c9d-d697-4358-b766-db4a41f28c3e/observations/quadrat_repeat[9]/additional_species_repeat[2]
3,new_missing,1,28e93cce-0de1-4301-a729-f73479df48cb,99,,,,,,herb_099,Commelina africana,,,,,herb_099 (Commelina africana),Commelina africana,pending,missing_species,active,,1779717977309.jpg,,,,,Commelina africana,uuid:8e5f5c9d-d697-4358-b766-db4a41f28c3e/observations/quadrat_repeat[9],uuid:8e5f5c9d-d697-4358-b766-db4a41f28c3e/observations/quadrat_repeat[9]/additional_species_repeat[3]
1,reuse_unknown,,,,,,795b0715-6af6-4249-914c-0d4ec9f55692,herb_016,,,,,,,,herb_016,,,,,,,,,,,,uuid:8e5f5c9d-d697-4358-b766-db4a41f28c3e/observations/quadrat_repeat[10],uuid:8e5f5c9d-d697-4358-b766-db4a41f28c3e/observations/quadrat_repeat[10]/additional_species_repeat[1]
2,reuse_unknown,,,,,,c04014bb-ee9b-4db9-a053-9031f44f91a8,herb_017,,,,,,,,herb_017,,,,,,,,,,,,uuid:8e5f5c9d-d697-4358-b766-db4a41f28c3e/observations/quadrat_repeat[10],uuid:8e5f5c9d-d697-4358-b766-db4a41f28c3e/observations/quadrat_repeat[10]/additional_species_repeat[2]
3,reuse_unknown,,,,,,d2c43a50-20d5-4f0b-8170-b7c47fe94eb8,herb_076,,,,,,,,herb_076,,,,,,,,,,,,uuid:8e5f5c9d-d697-4358-b766-db4a41f28c3e/observations/quadrat_repeat[10],uuid:8e5f5c9d-d697-4358-b766-db4a41f28c3e/observations/quadrat_repeat[10]/additional_species_repeat[3]
1,reuse_unknown,,,,,,389d329c-62fe-4ded-80f2-3599fb31c5b6,herb_024,,,,,,,,herb_024,,,,,,,,,,,,uuid:8e5f5c9d-d697-4358-b766-db4a41f28c3e/observations/quadrat_repeat[11],uuid:8e5f5c9d-d697-4358-b766-db4a41f28c3e/observations/quadrat_repeat[11]/additional_species_repeat[1]
2,reuse_missing,,,,,,,,,,,,43214fc0-8a13-4af6-bc50-5b2ff891d955,Oldenladia corymbosa,,Oldenladia corymbosa,,,,,,,,,,,,uuid:8e5f5c9d-d697-4358-b766-db4a41f28c3e/observations/quadrat_repeat[11],uuid:8e5f5c9d-d697-4358-b766-db4a41f28c3e/observations/quadrat_repeat[11]/additional_species_repeat[2]
1,reuse_missing,,,,,,,,,,,,c20ca3f8-38b6-47cf-9050-f3fd9cb7a13b,Aristida scabrivalvis,,Aristida scabrivalvis,,,,,,,,,,,,uuid:8e5f5c9d-d697-4358-b766-db4a41f28c3e/observations/quadrat_repeat[12],uuid:8e5f5c9d-d697-4358-b766-db4a41f28c3e/observations/quadrat_repeat[12]/additional_species_repeat[1]
1,reuse_missing,,,,,,,,,,,,cb7ec77f-8e1d-4354-bfce-de3d13afdc8b,Crotolaria sphaerocarpa,,Crotolaria sphaerocarpa,,,,,,,,,,,,uuid:8e5f5c9d-d697-4358-b766-db4a41f28c3e/observations/quadrat_repeat[13],uuid:8e5f5c9d-d697-4358-b766-db4a41f28c3e/observations/quadrat_repeat[13]/additional_species_repeat[1]
1,reuse_missing,,,,,,,,,,,,c20ca3f8-38b6-47cf-9050-f3fd9cb7a13b,Aristida scabrivalvis,,Aristida scabrivalvis,,,,,,,,,,,,uuid:8e5f5c9d-d697-4358-b766-db4a41f28c3e/observations/quadrat_repeat[14],uuid:8e5f5c9d-d697-4358-b766-db4a41f28c3e/observations/quadrat_repeat[14]/additional_species_repeat[1]
2,reuse_missing,,,,,,,,,,,,d8ae21a7-5b8f-43df-8e16-b233dc6cb432,Erlangea misera,,Erlangea misera,,,,,,,,,,,,uuid:8e5f5c9d-d697-4358-b766-db4a41f28c3e/observations/quadrat_repeat[14],uuid:8e5f5c9d-d697-4358-b766-db4a41f28c3e/observations/quadrat_repeat[14]/additional_species_repeat[2]
3,reuse_missing,,,,,,,,,,,,cb7ec77f-8e1d-4354-bfce-de3d13afdc8b,Crotolaria sphaerocarpa,,Crotolaria sphaerocarpa,,,,,,,,,,,,uuid:8e5f5c9d-d697-4358-b766-db4a41f28c3e/observations/quadrat_repeat[14],uuid:8e5f5c9d-d697-4358-b766-db4a41f28c3e/observations/quadrat_repeat[14]/additional_species_repeat[3]
1,reuse_missing,,,,,,,,,,,,43214fc0-8a13-4af6-bc50-5b2ff891d955,Oldenladia corymbosa,,Oldenladia corymbosa,,,,,,,,,,,,uuid:8e5f5c9d-d697-4358-b766-db4a41f28c3e/observations/quadrat_repeat[15],uuid:8e5f5c9d-d697-4358-b766-db4a41f28c3e/observations/quadrat_repeat[15]/additional_species_repeat[1]
2,reuse_missing,,,,,,,,,,,,86e48f75-a0d5-4cae-b0c7-f03a025bb150,Evolvulus alsinoides ,,Evolvulus alsinoides ,,,,,,,,,,,,uuid:8e5f5c9d-d697-4358-b766-db4a41f28c3e/observations/quadrat_repeat[15],uuid:8e5f5c9d-d697-4358-b766-db4a41f28c3e/observations/quadrat_repeat[15]/additional_species_repeat[2]
3,reuse_missing,,,,,,,,,,,,cb7ec77f-8e1d-4354-bfce-de3d13afdc8b,Crotolaria sphaerocarpa,,Crotolaria sphaerocarpa,,,,,,,,,,,,uuid:8e5f5c9d-d697-4358-b766-db4a41f28c3e/observations/quadrat_repeat[15],uuid:8e5f5c9d-d697-4358-b766-db4a41f28c3e/observations/quadrat_repeat[15]/additional_species_repeat[3]
1,reuse_missing,,,,,,,,,,,,86e48f75-a0d5-4cae-b0c7-f03a025bb150,Evolvulus alsinoides ,,Evolvulus alsinoides ,,,,,,,,,,,,uuid:8e5f5c9d-d697-4358-b766-db4a41f28c3e/observations/quadrat_repeat[16],uuid:8e5f5c9d-d697-4358-b766-db4a41f28c3e/observations/quadrat_repeat[16]/additional_species_repeat[1]
2,reuse_missing,,,,,,,,,,,,6cfa0d1b-d0f6-4a6c-bd0d-5a0c3e586d9b,Tephrosia purpurea,,Tephrosia purpurea,,,,,,,,,,,,uuid:8e5f5c9d-d697-4358-b766-db4a41f28c3e/observations/quadrat_repeat[16],uuid:8e5f5c9d-d697-4358-b766-db4a41f28c3e/observations/quadrat_repeat[16]/additional_species_repeat[2]
1,reuse_missing,,,,,,,,,,,,eacca28e-4664-4710-96b9-29a1ef6294ab,Pogonarthria fleckii,,Pogonarthria fleckii,,,,,,,,,,,,uuid:8e5f5c9d-d697-4358-b766-db4a41f28c3e/observations/quadrat_repeat[17],uuid:8e5f5c9d-d697-4358-b766-db4a41f28c3e/observations/quadrat_repeat[17]/additional_species_repeat[1]
2,reuse_missing,,,,,,,,,,,,6cfa0d1b-d0f6-4a6c-bd0d-5a0c3e586d9b,Tephrosia purpurea,,Tephrosia purpurea,,,,,,,,,,,,uuid:8e5f5c9d-d697-4358-b766-db4a41f28c3e/observations/quadrat_repeat[17],uuid:8e5f5c9d-d697-4358-b766-db4a41f28c3e/observations/quadrat_repeat[17]/additional_species_repeat[2]
3,reuse_missing,,,,,,,,,,,,d8ae21a7-5b8f-43df-8e16-b233dc6cb432,Erlangea misera,,Erlangea misera,,,,,,,,,,,,uuid:8e5f5c9d-d697-4358-b766-db4a41f28c3e/observations/quadrat_repeat[17],uuid:8e5f5c9d-d697-4358-b766-db4a41f28c3e/observations/quadrat_repeat[17]/additional_species_repeat[3]
4,reuse_missing,,,,,,,,,,,,43214fc0-8a13-4af6-bc50-5b2ff891d955,Oldenladia corymbosa,,Oldenladia corymbosa,,,,,,,,,,,,uuid:8e5f5c9d-d697-4358-b766-db4a41f28c3e/observations/quadrat_repeat[17],uuid:8e5f5c9d-d697-4358-b766-db4a41f28c3e/observations/quadrat_repeat[17]/additional_species_repeat[4]
1,reuse_missing,,,,,,,,,,,,6cfa0d1b-d0f6-4a6c-bd0d-5a0c3e586d9b,Tephrosia purpurea,,Tephrosia purpurea,,,,,,,,,,,,uuid:8e5f5c9d-d697-4358-b766-db4a41f28c3e/observations/quadrat_repeat[18],uuid:8e5f5c9d-d697-4358-b766-db4a41f28c3e/observations/quadrat_repeat[18]/additional_species_repeat[1]
2,reuse_missing,,,,,,,,,,,,cb7ec77f-8e1d-4354-bfce-de3d13afdc8b,Crotolaria sphaerocarpa,,Crotolaria sphaerocarpa,,,,,,,,,,,,uuid:8e5f5c9d-d697-4358-b766-db4a41f28c3e/observations/quadrat_repeat[18],uuid:8e5f5c9d-d697-4358-b766-db4a41f28c3e/observations/quadrat_repeat[18]/additional_species_repeat[2]
1,reuse_missing,,,,,,,,,,,,6cfa0d1b-d0f6-4a6c-bd0d-5a0c3e586d9b,Tephrosia purpurea,,Tephrosia purpurea,,,,,,,,,,,,uuid:8e5f5c9d-d697-4358-b766-db4a41f28c3e/observations/quadrat_repeat[19],uuid:8e5f5c9d-d697-4358-b766-db4a41f28c3e/observations/quadrat_repeat[19]/additional_species_repeat[1]
2,reuse_missing,,,,,,,,,,,,cb7ec77f-8e1d-4354-bfce-de3d13afdc8b,Crotolaria sphaerocarpa,,Crotolaria sphaerocarpa,,,,,,,,,,,,uuid:8e5f5c9d-d697-4358-b766-db4a41f28c3e/observations/quadrat_repeat[19],uuid:8e5f5c9d-d697-4358-b766-db4a41f28c3e/observations/quadrat_repeat[19]/additional_species_repeat[2]
1,reuse_missing,,,,,,,,,,,,6cfa0d1b-d0f6-4a6c-bd0d-5a0c3e586d9b,Tephrosia purpurea,,Tephrosia purpurea,,,,,,,,,,,,uuid:8e5f5c9d-d697-4358-b766-db4a41f28c3e/observations/quadrat_repeat[20],uuid:8e5f5c9d-d697-4358-b766-db4a41f28c3e/observations/quadrat_repeat[20]/additional_species_repeat[1]
1,reuse_unknown,,,,,,1c7e36b1-3abf-447f-bf83-377eddf82870,herb_010,,,,,,,,herb_010,,,,,,,,,,,,uuid:4137458f-31e5-4355-b4ad-47858fb11503/observations/quadrat_repeat[1],uuid:4137458f-31e5-4355-b4ad-47858fb11503/observations/quadrat_repeat[1]/additional_species_repeat[1]
2,reuse_unknown,,,,,,795b0715-6af6-4249-914c-0d4ec9f55692,herb_016,,,,,,,,herb_016,,,,,,,,,,,,uuid:4137458f-31e5-4355-b4ad-47858fb11503/observations/quadrat_repeat[1],uuid:4137458f-31e5-4355-b4ad-47858fb11503/observations/quadrat_repeat[1]/additional_species_repeat[2]
3,reuse_unknown,,,,,,029992eb-bc34-46d0-83ce-adb65fedf6d9,herb_054,,,,,,,,herb_054,,,,,,,,,,,,uuid:4137458f-31e5-4355-b4ad-47858fb11503/observations/quadrat_repeat[1],uuid:4137458f-31e5-4355-b4ad-47858fb11503/observations/quadrat_repeat[1]/additional_species_repeat[3]
1,reuse_missing,,,,,,,,,,,,4821f54d-4b1b-4005-a7ce-0e57846592ea,Phyllanthus pantandrus,,Phyllanthus pantandrus,,,,,,,,,,,,uuid:4137458f-31e5-4355-b4ad-47858fb11503/observations/quadrat_repeat[2],uuid:4137458f-31e5-4355-b4ad-47858fb11503/observations/quadrat_repeat[2]/additional_species_repeat[1]
1,reuse_unknown,,,,,,795b0715-6af6-4249-914c-0d4ec9f55692,herb_016,,,,,,,,herb_016,,,,,,,,,,,,uuid:4137458f-31e5-4355-b4ad-47858fb11503/observations/quadrat_repeat[3],uuid:4137458f-31e5-4355-b4ad-47858fb11503/observations/quadrat_repeat[3]/additional_species_repeat[1]
2,reuse_unknown,,,,,,93e84b00-0721-4de5-8f3b-398f0ee8c2a4,herb_080,,,,,,,,herb_080,,,,,,,,,,,,uuid:4137458f-31e5-4355-b4ad-47858fb11503/observations/quadrat_repeat[3],uuid:4137458f-31e5-4355-b4ad-47858fb11503/observations/quadrat_repeat[3]/additional_species_repeat[2]
3,reuse_missing,,,,,,,,,,,,43214fc0-8a13-4af6-bc50-5b2ff891d955,Oldenladia corymbosa,,Oldenladia corymbosa,,,,,,,,,,,,uuid:4137458f-31e5-4355-b4ad-47858fb11503/observations/quadrat_repeat[3],uuid:4137458f-31e5-4355-b4ad-47858fb11503/observations/quadrat_repeat[3]/additional_species_repeat[3]
1,reuse_unknown,,,,,,795b0715-6af6-4249-914c-0d4ec9f55692,herb_016,,,,,,,,herb_016,,,,,,,,,,,,uuid:4137458f-31e5-4355-b4ad-47858fb11503/observations/quadrat_repeat[4],uuid:4137458f-31e5-4355-b4ad-47858fb11503/observations/quadrat_repeat[4]/additional_species_repeat[1]
2,reuse_missing,,,,,,,,,,,,c20ca3f8-38b6-47cf-9050-f3fd9cb7a13b,Aristida scabrivalvis,,Aristida scabrivalvis,,,,,,,,,,,,uuid:4137458f-31e5-4355-b4ad-47858fb11503/observations/quadrat_repeat[4],uuid:4137458f-31e5-4355-b4ad-47858fb11503/observations/quadrat_repeat[4]/additional_species_repeat[2]
1,reuse_unknown,,,,,,1c7e36b1-3abf-447f-bf83-377eddf82870,herb_010,,,,,,,,herb_010,,,,,,,,,,,,uuid:4137458f-31e5-4355-b4ad-47858fb11503/observations/quadrat_repeat[5],uuid:4137458f-31e5-4355-b4ad-47858fb11503/observations/quadrat_repeat[5]/additional_species_repeat[1]
2,reuse_missing,,,,,,,,,,,,c9c6df41-df82-4bc5-87b7-63b84898087d,Rhynchosia totta,,Rhynchosia totta,,,,,,,,,,,,uuid:4137458f-31e5-4355-b4ad-47858fb11503/observations/quadrat_repeat[5],uuid:4137458f-31e5-4355-b4ad-47858fb11503/observations/quadrat_repeat[5]/additional_species_repeat[2]
1,reuse_unknown,,,,,,861c0749-4626-47d9-aa35-25d7cbdec26a,herb_009,,,,,,,,herb_009,,,,,,,,,,,,uuid:4137458f-31e5-4355-b4ad-47858fb11503/observations/quadrat_repeat[6],uuid:4137458f-31e5-4355-b4ad-47858fb11503/observations/quadrat_repeat[6]/additional_species_repeat[1]
1,reuse_missing,,,,,,,,,,,,c20ca3f8-38b6-47cf-9050-f3fd9cb7a13b,Aristida scabrivalvis,,Aristida scabrivalvis,,,,,,,,,,,,uuid:4137458f-31e5-4355-b4ad-47858fb11503/observations/quadrat_repeat[7],uuid:4137458f-31e5-4355-b4ad-47858fb11503/observations/quadrat_repeat[7]/additional_species_repeat[1]
2,reuse_unknown,,,,,,fee329ca-e301-4c77-9fe8-dda15a1ef3cc,herb_002,,,,,,,,herb_002,,,,,,,,,,,,uuid:4137458f-31e5-4355-b4ad-47858fb11503/observations/quadrat_repeat[7],uuid:4137458f-31e5-4355-b4ad-47858fb11503/observations/quadrat_repeat[7]/additional_species_repeat[2]
3,reuse_unknown,,,,,,1c7e36b1-3abf-447f-bf83-377eddf82870,herb_010,,,,,,,,herb_010,,,,,,,,,,,,uuid:4137458f-31e5-4355-b4ad-47858fb11503/observations/quadrat_repeat[7],uuid:4137458f-31e5-4355-b4ad-47858fb11503/observations/quadrat_repeat[7]/additional_species_repeat[3]
1,reuse_unknown,,,,,,05dd9aed-9e6a-4313-a789-ded7f585856c,herb_058,,,,,,,,herb_058,,,,,,,,,,,,uuid:4137458f-31e5-4355-b4ad-47858fb11503/observations/quadrat_repeat[8],uuid:4137458f-31e5-4355-b4ad-47858fb11503/observations/quadrat_repeat[8]/additional_species_repeat[1]
2,reuse_missing,,,,,,,,,,,,ff9a2bfe-cd4c-4f3e-98ce-e1870b995691,Aristida scabrivalvis,,Aristida scabrivalvis,,,,,,,,,,,,uuid:4137458f-31e5-4355-b4ad-47858fb11503/observations/quadrat_repeat[8],uuid:4137458f-31e5-4355-b4ad-47858fb11503/observations/quadrat_repeat[8]/additional_species_repeat[2]
1,reuse_unknown,,,,,,93e84b00-0721-4de5-8f3b-398f0ee8c2a4,herb_080,,,,,,,,herb_080,,,,,,,,,,,,uuid:4137458f-31e5-4355-b4ad-47858fb11503/observations/quadrat_repeat[9],uuid:4137458f-31e5-4355-b4ad-47858fb11503/observations/quadrat_repeat[9]/additional_species_repeat[1]
2,reuse_unknown,,,,,,c1697c58-50cd-4e1c-b10d-550b66e45676,herb_094,,,,,,,,herb_094,,,,,,,,,,,,uuid:4137458f-31e5-4355-b4ad-47858fb11503/observations/quadrat_repeat[9],uuid:4137458f-31e5-4355-b4ad-47858fb11503/observations/quadrat_repeat[9]/additional_species_repeat[2]
1,reuse_unknown,,,,,,1c7e36b1-3abf-447f-bf83-377eddf82870,herb_010,,,,,,,,herb_010,,,,,,,,,,,,uuid:4137458f-31e5-4355-b4ad-47858fb11503/observations/quadrat_repeat[10],uuid:4137458f-31e5-4355-b4ad-47858fb11503/observations/quadrat_repeat[10]/additional_species_repeat[1]
2,reuse_missing,,,,,,,,,,,,c20ca3f8-38b6-47cf-9050-f3fd9cb7a13b,Aristida scabrivalvis,,Aristida scabrivalvis,,,,,,,,,,,,uuid:4137458f-31e5-4355-b4ad-47858fb11503/observations/quadrat_repeat[10],uuid:4137458f-31e5-4355-b4ad-47858fb11503/observations/quadrat_repeat[10]/additional_species_repeat[2]
1,reuse_unknown,,,,,,1c7e36b1-3abf-447f-bf83-377eddf82870,herb_010,,,,,,,,herb_010,,,,,,,,,,,,uuid:4137458f-31e5-4355-b4ad-47858fb11503/observations/quadrat_repeat[11],uuid:4137458f-31e5-4355-b4ad-47858fb11503/observations/quadrat_repeat[11]/additional_species_repeat[1]
2,reuse_missing,,,,,,,,,,,,c9c6df41-df82-4bc5-87b7-63b84898087d,Rhynchosia totta,,Rhynchosia totta,,,,,,,,,,,,uuid:4137458f-31e5-4355-b4ad-47858fb11503/observations/quadrat_repeat[11],uuid:4137458f-31e5-4355-b4ad-47858fb11503/observations/quadrat_repeat[11]/additional_species_repeat[2]
1,reuse_unknown,,,,,,1c7e36b1-3abf-447f-bf83-377eddf82870,herb_010,,,,,,,,herb_010,,,,,,,,,,,,uuid:4137458f-31e5-4355-b4ad-47858fb11503/observations/quadrat_repeat[12],uuid:4137458f-31e5-4355-b4ad-47858fb11503/observations/quadrat_repeat[12]/additional_species_repeat[1]
1,reuse_unknown,,,,,,861c0749-4626-47d9-aa35-25d7cbdec26a,herb_009,,,,,,,,herb_009,,,,,,,,,,,,uuid:4137458f-31e5-4355-b4ad-47858fb11503/observations/quadrat_repeat[13],uuid:4137458f-31e5-4355-b4ad-47858fb11503/observations/quadrat_repeat[13]/additional_species_repeat[1]
2,new_unknown,0,4958c67f-8a8d-4ea0-af23-c3b99f1d718d,96,herb_096,,,,,,,,,,,herb_096,herb_096,pending,unknown_species,active,,1779712809432.jpg,,,,,herb_096,uuid:4137458f-31e5-4355-b4ad-47858fb11503/observations/quadrat_repeat[13],uuid:4137458f-31e5-4355-b4ad-47858fb11503/observations/quadrat_repeat[13]/additional_species_repeat[2]
3,new_unknown,1,97a1fd6c-1e8a-4f47-9180-2d5e4b1f8f13,97,herb_097,,,,,,,,,,,herb_097,herb_097,pending,unknown_species,active,,1779713013335.jpg,,,,,herb_097,uuid:4137458f-31e5-4355-b4ad-47858fb11503/observations/quadrat_repeat[13],uuid:4137458f-31e5-4355-b4ad-47858fb11503/observations/quadrat_repeat[13]/additional_species_repeat[3]
1,reuse_unknown,,,,,,1c7e36b1-3abf-447f-bf83-377eddf82870,herb_010,,,,,,,,herb_010,,,,,,,,,,,,uuid:4137458f-31e5-4355-b4ad-47858fb11503/observations/quadrat_repeat[14],uuid:4137458f-31e5-4355-b4ad-47858fb11503/observations/quadrat_repeat[14]/additional_species_repeat[1]
2,reuse_unknown,,,,,,a4d50a1b-ce08-476f-aede-c9b5c724ffc6,herb_014,,,,,,,,herb_014,,,,,,,,,,,,uuid:4137458f-31e5-4355-b4ad-47858fb11503/observations/quadrat_repeat[14],uuid:4137458f-31e5-4355-b4ad-47858fb11503/observations/quadrat_repeat[14]/additional_species_repeat[2]
1,reuse_unknown,,,,,,a4d50a1b-ce08-476f-aede-c9b5c724ffc6,herb_014,,,,,,,,herb_014,,,,,,,,,,,,uuid:4137458f-31e5-4355-b4ad-47858fb11503/observations/quadrat_repeat[15],uuid:4137458f-31e5-4355-b4ad-47858fb11503/observations/quadrat_repeat[15]/additional_species_repeat[1]
1,reuse_missing,,,,,,,,,,,,43214fc0-8a13-4af6-bc50-5b2ff891d955,Oldenladia corymbosa,,Oldenladia corymbosa,,,,,,,,,,,,uuid:4137458f-31e5-4355-b4ad-47858fb11503/observations/quadrat_repeat[16],uuid:4137458f-31e5-4355-b4ad-47858fb11503/observations/quadrat_repeat[16]/additional_species_repeat[1]
2,reuse_missing,,,,,,,,,,,,4821f54d-4b1b-4005-a7ce-0e57846592ea,Phyllanthus pantandrus,,Phyllanthus pantandrus,,,,,,,,,,,,uuid:4137458f-31e5-4355-b4ad-47858fb11503/observations/quadrat_repeat[16],uuid:4137458f-31e5-4355-b4ad-47858fb11503/observations/quadrat_repeat[16]/additional_species_repeat[2]
3,reuse_unknown,,,,,,fb421d60-eff8-4438-bbc2-b72541309d56,herb_068,,,,,,,,herb_068,,,,,,,,,,,,uuid:4137458f-31e5-4355-b4ad-47858fb11503/observations/quadrat_repeat[16],uuid:4137458f-31e5-4355-b4ad-47858fb11503/observations/quadrat_repeat[16]/additional_species_repeat[3]
4,reuse_unknown,,,,,,93e84b00-0721-4de5-8f3b-398f0ee8c2a4,herb_080,,,,,,,,herb_080,,,,,,,,,,,,uuid:4137458f-31e5-4355-b4ad-47858fb11503/observations/quadrat_repeat[16],uuid:4137458f-31e5-4355-b4ad-47858fb11503/observations/quadrat_repeat[16]/additional_species_repeat[4]
1,reuse_missing,,,,,,,,,,,,c20ca3f8-38b6-47cf-9050-f3fd9cb7a13b,Aristida scabrivalvis,,Aristida scabrivalvis,,,,,,,,,,,,uuid:4137458f-31e5-4355-b4ad-47858fb11503/observations/quadrat_repeat[18],uuid:4137458f-31e5-4355-b4ad-47858fb11503/observations/quadrat_repeat[18]/additional_species_repeat[1]
1,reuse_unknown,,,,,,795b0715-6af6-4249-914c-0d4ec9f55692,herb_016,,,,,,,,herb_016,,,,,,,,,,,,uuid:4137458f-31e5-4355-b4ad-47858fb11503/observations/quadrat_repeat[19],uuid:4137458f-31e5-4355-b4ad-47858fb11503/observations/quadrat_repeat[19]/additional_species_repeat[1]
2,reuse_missing,,,,,,,,,,,,c20ca3f8-38b6-47cf-9050-f3fd9cb7a13b,Aristida scabrivalvis,,Aristida scabrivalvis,,,,,,,,,,,,uuid:4137458f-31e5-4355-b4ad-47858fb11503/observations/quadrat_repeat[19],uuid:4137458f-31e5-4355-b4ad-47858fb11503/observations/quadrat_repeat[19]/additional_species_repeat[2]
1,reuse_missing,,,,,,,,,,,,6cfa0d1b-d0f6-4a6c-bd0d-5a0c3e586d9b,Tephrosia purpurea,,Tephrosia purpurea,,,,,,,,,,,,uuid:430e85a3-44ce-45f4-9974-c6a61569e78b/observations/quadrat_repeat[1],uuid:430e85a3-44ce-45f4-9974-c6a61569e78b/observations/quadrat_repeat[1]/additional_species_repeat[1]
2,new_unknown,0,c1697c58-50cd-4e1c-b10d-550b66e45676,94,herb_094,,,,,,,,,,,herb_094,herb_094,pending,unknown_species,active,,1779630005047.jpg,,,,,herb_094,uuid:430e85a3-44ce-45f4-9974-c6a61569e78b/observations/quadrat_repeat[1],uuid:430e85a3-44ce-45f4-9974-c6a61569e78b/observations/quadrat_repeat[1]/additional_species_repeat[2]
3,reuse_unknown,,,,,,1c7e36b1-3abf-447f-bf83-377eddf82870,herb_010,,,,,,,,herb_010,,,,,,,,,,,,uuid:430e85a3-44ce-45f4-9974-c6a61569e78b/observations/quadrat_repeat[1],uuid:430e85a3-44ce-45f4-9974-c6a61569e78b/observations/quadrat_repeat[1]/additional_species_repeat[3]
1,reuse_unknown,,,,,,fee329ca-e301-4c77-9fe8-dda15a1ef3cc,herb_002,,,,,,,,herb_002,,,,,,,,,,,,uuid:430e85a3-44ce-45f4-9974-c6a61569e78b/observations/quadrat_repeat[2],uuid:430e85a3-44ce-45f4-9974-c6a61569e78b/observations/quadrat_repeat[2]/additional_species_repeat[1]
2,reuse_unknown,,,,,,1c7e36b1-3abf-447f-bf83-377eddf82870,herb_010,,,,,,,,herb_010,,,,,,,,,,,,uuid:430e85a3-44ce-45f4-9974-c6a61569e78b/observations/quadrat_repeat[2],uuid:430e85a3-44ce-45f4-9974-c6a61569e78b/observations/quadrat_repeat[2]/additional_species_repeat[2]
3,reuse_unknown,,,,,,c1697c58-50cd-4e1c-b10d-550b66e45676,herb_094,,,,,,,,herb_094,,,,,,,,,,,,uuid:430e85a3-44ce-45f4-9974-c6a61569e78b/observations/quadrat_repeat[2],uuid:430e85a3-44ce-45f4-9974-c6a61569e78b/observations/quadrat_repeat[2]/additional_species_repeat[3]
4,reuse_unknown,,,,,,eaddd154-6c59-4cdb-b06f-3a84ff2c6e67,herb_045,,,,,,,,herb_045,,,,,,,,,,,,uuid:430e85a3-44ce-45f4-9974-c6a61569e78b/observations/quadrat_repeat[2],uuid:430e85a3-44ce-45f4-9974-c6a61569e78b/observations/quadrat_repeat[2]/additional_species_repeat[4]
1,reuse_unknown,,,,,,fee329ca-e301-4c77-9fe8-dda15a1ef3cc,herb_002,,,,,,,,herb_002,,,,,,,,,,,,uuid:430e85a3-44ce-45f4-9974-c6a61569e78b/observations/quadrat_repeat[3],uuid:430e85a3-44ce-45f4-9974-c6a61569e78b/observations/quadrat_repeat[3]/additional_species_repeat[1]
2,reuse_unknown,,,,,,eaddd154-6c59-4cdb-b06f-3a84ff2c6e67,herb_045,,,,,,,,herb_045,,,,,,,,,,,,uuid:430e85a3-44ce-45f4-9974-c6a61569e78b/observations/quadrat_repeat[3],uuid:430e85a3-44ce-45f4-9974-c6a61569e78b/observations/quadrat_repeat[3]/additional_species_repeat[2]
1,reuse_unknown,,,,,,eaddd154-6c59-4cdb-b06f-3a84ff2c6e67,herb_045,,,,,,,,herb_045,,,,,,,,,,,,uuid:430e85a3-44ce-45f4-9974-c6a61569e78b/observations/quadrat_repeat[4],uuid:430e85a3-44ce-45f4-9974-c6a61569e78b/observations/quadrat_repeat[4]/additional_species_repeat[1]
2,new_unknown,1,0b2bf39f-34d5-4b32-8977-be788c13fa5e,95,herb_095,,,,,,,,,,,herb_095,herb_095,pending,unknown_species,active,,1779631376763.jpg,,,,,herb_095,uuid:430e85a3-44ce-45f4-9974-c6a61569e78b/observations/quadrat_repeat[4],uuid:430e85a3-44ce-45f4-9974-c6a61569e78b/observations/quadrat_repeat[4]/additional_species_repeat[2]
1,reuse_missing,,,,,,,,,,,,eacca28e-4664-4710-96b9-29a1ef6294ab,Pogonarthria fleckii,,Pogonarthria fleckii,,,,,,,,,,,,uuid:430e85a3-44ce-45f4-9974-c6a61569e78b/observations/quadrat_repeat[5],uuid:430e85a3-44ce-45f4-9974-c6a61569e78b/observations/quadrat_repeat[5]/additional_species_repeat[1]
2,reuse_unknown,,,,,,eaddd154-6c59-4cdb-b06f-3a84ff2c6e67,herb_045,,,,,,,,herb_045,,,,,,,,,,,,uuid:430e85a3-44ce-45f4-9974-c6a61569e78b/observations/quadrat_repeat[5],uuid:430e85a3-44ce-45f4-9974-c6a61569e78b/observations/quadrat_repeat[5]/additional_species_repeat[2]
1,reuse_unknown,,,,,,d33b1cea-79b5-4af5-9c9b-191c74ef00db,herb_035,,,,,,,,herb_035,,,,,,,,,,,,uuid:430e85a3-44ce-45f4-9974-c6a61569e78b/observations/quadrat_repeat[6],uuid:430e85a3-44ce-45f4-9974-c6a61569e78b/observations/quadrat_repeat[6]/additional_species_repeat[1]
1,reuse_unknown,,,,,,0b2bf39f-34d5-4b32-8977-be788c13fa5e,herb_095,,,,,,,,herb_095,,,,,,,,,,,,uuid:430e85a3-44ce-45f4-9974-c6a61569e78b/observations/quadrat_repeat[9],uuid:430e85a3-44ce-45f4-9974-c6a61569e78b/observations/quadrat_repeat[9]/additional_species_repeat[1]
2,reuse_unknown,,,,,,d33b1cea-79b5-4af5-9c9b-191c74ef00db,herb_035,,,,,,,,herb_035,,,,,,,,,,,,uuid:430e85a3-44ce-45f4-9974-c6a61569e78b/observations/quadrat_repeat[9],uuid:430e85a3-44ce-45f4-9974-c6a61569e78b/observations/quadrat_repeat[9]/additional_species_repeat[2]
3,reuse_unknown,,,,,,fee329ca-e301-4c77-9fe8-dda15a1ef3cc,herb_002,,,,,,,,herb_002,,,,,,,,,,,,uuid:430e85a3-44ce-45f4-9974-c6a61569e78b/observations/quadrat_repeat[9],uuid:430e85a3-44ce-45f4-9974-c6a61569e78b/observations/quadrat_repeat[9]/additional_species_repeat[3]
1,reuse_unknown,,,,,,fee329ca-e301-4c77-9fe8-dda15a1ef3cc,herb_002,,,,,,,,herb_002,,,,,,,,,,,,uuid:430e85a3-44ce-45f4-9974-c6a61569e78b/observations/quadrat_repeat[10],uuid:430e85a3-44ce-45f4-9974-c6a61569e78b/observations/quadrat_repeat[10]/additional_species_repeat[1]
2,reuse_unknown,,,,,,d33b1cea-79b5-4af5-9c9b-191c74ef00db,herb_035,,,,,,,,herb_035,,,,,,,,,,,,uuid:430e85a3-44ce-45f4-9974-c6a61569e78b/observations/quadrat_repeat[10],uuid:430e85a3-44ce-45f4-9974-c6a61569e78b/observations/quadrat_repeat[10]/additional_species_repeat[2]
3,reuse_unknown,,,,,,c1697c58-50cd-4e1c-b10d-550b66e45676,herb_094,,,,,,,,herb_094,,,,,,,,,,,,uuid:430e85a3-44ce-45f4-9974-c6a61569e78b/observations/quadrat_repeat[10],uuid:430e85a3-44ce-45f4-9974-c6a61569e78b/observations/quadrat_repeat[10]/additional_species_repeat[3]
4,reuse_unknown,,,,,,6b4d87ce-546c-471a-b9a1-04721386337f,herb_011,,,,,,,,herb_011,,,,,,,,,,,,uuid:430e85a3-44ce-45f4-9974-c6a61569e78b/observations/quadrat_repeat[10],uuid:430e85a3-44ce-45f4-9974-c6a61569e78b/observations/quadrat_repeat[10]/additional_species_repeat[4]
1,reuse_unknown,,,,,,d33b1cea-79b5-4af5-9c9b-191c74ef00db,herb_035,,,,,,,,herb_035,,,,,,,,,,,,uuid:430e85a3-44ce-45f4-9974-c6a61569e78b/observations/quadrat_repeat[11],uuid:430e85a3-44ce-45f4-9974-c6a61569e78b/observations/quadrat_repeat[11]/additional_species_repeat[1]
2,reuse_missing,,,,,,,,,,,,6cfa0d1b-d0f6-4a6c-bd0d-5a0c3e586d9b,Tephrosia purpurea,,Tephrosia purpurea,,,,,,,,,,,,uuid:430e85a3-44ce-45f4-9974-c6a61569e78b/observations/quadrat_repeat[11],uuid:430e85a3-44ce-45f4-9974-c6a61569e78b/observations/quadrat_repeat[11]/additional_species_repeat[2]
3,reuse_unknown,,,,,,fee329ca-e301-4c77-9fe8-dda15a1ef3cc,herb_002,,,,,,,,herb_002,,,,,,,,,,,,uuid:430e85a3-44ce-45f4-9974-c6a61569e78b/observations/quadrat_repeat[11],uuid:430e85a3-44ce-45f4-9974-c6a61569e78b/observations/quadrat_repeat[11]/additional_species_repeat[3]
1,reuse_unknown,,,,,,d33b1cea-79b5-4af5-9c9b-191c74ef00db,herb_035,,,,,,,,herb_035,,,,,,,,,,,,uuid:430e85a3-44ce-45f4-9974-c6a61569e78b/observations/quadrat_repeat[12],uuid:430e85a3-44ce-45f4-9974-c6a61569e78b/observations/quadrat_repeat[12]/additional_species_repeat[1]
1,reuse_unknown,,,,,,1c7e36b1-3abf-447f-bf83-377eddf82870,herb_010,,,,,,,,herb_010,,,,,,,,,,,,uuid:430e85a3-44ce-45f4-9974-c6a61569e78b/observations/quadrat_repeat[13],uuid:430e85a3-44ce-45f4-9974-c6a61569e78b/observations/quadrat_repeat[13]/additional_species_repeat[1]
2,reuse_unknown,,,,,,e6ef7577-5a66-4cfd-834a-d76515170a91,herb_019,,,,,,,,herb_019,,,,,,,,,,,,uuid:430e85a3-44ce-45f4-9974-c6a61569e78b/observations/quadrat_repeat[13],uuid:430e85a3-44ce-45f4-9974-c6a61569e78b/observations/quadrat_repeat[13]/additional_species_repeat[2]
1,reuse_unknown,,,,,,d33b1cea-79b5-4af5-9c9b-191c74ef00db,herb_035,,,,,,,,herb_035,,,,,,,,,,,,uuid:430e85a3-44ce-45f4-9974-c6a61569e78b/observations/quadrat_repeat[14],uuid:430e85a3-44ce-45f4-9974-c6a61569e78b/observations/quadrat_repeat[14]/additional_species_repeat[1]
1,reuse_missing,,,,,,,,,,,,eacca28e-4664-4710-96b9-29a1ef6294ab,Pogonarthria fleckii,,Pogonarthria fleckii,,,,,,,,,,,,uuid:430e85a3-44ce-45f4-9974-c6a61569e78b/observations/quadrat_repeat[15],uuid:430e85a3-44ce-45f4-9974-c6a61569e78b/observations/quadrat_repeat[15]/additional_species_repeat[1]
2,reuse_unknown,,,,,,c1697c58-50cd-4e1c-b10d-550b66e45676,herb_094,,,,,,,,herb_094,,,,,,,,,,,,uuid:430e85a3-44ce-45f4-9974-c6a61569e78b/observations/quadrat_repeat[15],uuid:430e85a3-44ce-45f4-9974-c6a61569e78b/observations/quadrat_repeat[15]/additional_species_repeat[2]
1,reuse_unknown,,,,,,fee329ca-e301-4c77-9fe8-dda15a1ef3cc,herb_002,,,,,,,,herb_002,,,,,,,,,,,,uuid:430e85a3-44ce-45f4-9974-c6a61569e78b/observations/quadrat_repeat[16],uuid:430e85a3-44ce-45f4-9974-c6a61569e78b/observations/quadrat_repeat[16]/additional_species_repeat[1]
2,reuse_unknown,,,,,,d33b1cea-79b5-4af5-9c9b-191c74ef00db,herb_035,,,,,,,,herb_035,,,,,,,,,,,,uuid:430e85a3-44ce-45f4-9974-c6a61569e78b/observations/quadrat_repeat[16],uuid:430e85a3-44ce-45f4-9974-c6a61569e78b/observations/quadrat_repeat[16]/additional_species_repeat[2]
1,reuse_unknown,,,,,,d33b1cea-79b5-4af5-9c9b-191c74ef00db,herb_035,,,,,,,,herb_035,,,,,,,,,,,,uuid:430e85a3-44ce-45f4-9974-c6a61569e78b/observations/quadrat_repeat[18],uuid:430e85a3-44ce-45f4-9974-c6a61569e78b/observations/quadrat_repeat[18]/additional_species_repeat[1]
2,reuse_unknown,,,,,,359ace35-78cc-43fa-9100-dac1af1b0022,herb_052,,,,,,,,herb_052,,,,,,,,,,,,uuid:430e85a3-44ce-45f4-9974-c6a61569e78b/observations/quadrat_repeat[18],uuid:430e85a3-44ce-45f4-9974-c6a61569e78b/observations/quadrat_repeat[18]/additional_species_repeat[2]
1,reuse_unknown,,,,,,1c7e36b1-3abf-447f-bf83-377eddf82870,herb_010,,,,,,,,herb_010,,,,,,,,,,,,uuid:430e85a3-44ce-45f4-9974-c6a61569e78b/observations/quadrat_repeat[19],uuid:430e85a3-44ce-45f4-9974-c6a61569e78b/observations/quadrat_repeat[19]/additional_species_repeat[1]
2,reuse_unknown,,,,,,bfb94c69-e91b-46c7-90d6-21439f192472,herb_012,,,,,,,,herb_012,,,,,,,,,,,,uuid:430e85a3-44ce-45f4-9974-c6a61569e78b/observations/quadrat_repeat[19],uuid:430e85a3-44ce-45f4-9974-c6a61569e78b/observations/quadrat_repeat[19]/additional_species_repeat[2]
3,reuse_unknown,,,,,,eaddd154-6c59-4cdb-b06f-3a84ff2c6e67,herb_045,,,,,,,,herb_045,,,,,,,,,,,,uuid:430e85a3-44ce-45f4-9974-c6a61569e78b/observations/quadrat_repeat[19],uuid:430e85a3-44ce-45f4-9974-c6a61569e78b/observations/quadrat_repeat[19]/additional_species_repeat[3]
1,reuse_unknown,,,,,,eaddd154-6c59-4cdb-b06f-3a84ff2c6e67,herb_045,,,,,,,,herb_045,,,,,,,,,,,,uuid:430e85a3-44ce-45f4-9974-c6a61569e78b/observations/quadrat_repeat[20],uuid:430e85a3-44ce-45f4-9974-c6a61569e78b/observations/quadrat_repeat[20]/additional_species_repeat[1]
1,reuse_unknown,,,,,,22c890b1-8650-4934-b1a2-f81bfeaf6618,herb_088,,,,,,,,herb_088,,,,,,,,,,,,uuid:54452130-d92e-4996-a0d7-9401811b9ed7/observations/quadrat_repeat[1],uuid:54452130-d92e-4996-a0d7-9401811b9ed7/observations/quadrat_repeat[1]/additional_species_repeat[1]
1,new_missing,0,36d4abc6-55cd-43c4-8df0-3c5ae66bedc8,92,,,,,,herb_092,Ipomea leucanthemum,,,,,herb_092 (Ipomea leucanthemum),Ipomea leucanthemum,pending,missing_species,active,,1779624921448.jpg,,,,,Ipomea leucanthemum,uuid:54452130-d92e-4996-a0d7-9401811b9ed7/observations/quadrat_repeat[3],uuid:54452130-d92e-4996-a0d7-9401811b9ed7/observations/quadrat_repeat[3]/additional_species_repeat[1]
2,reuse_missing,,,,,,,,,,,,c9c6df41-df82-4bc5-87b7-63b84898087d,Rhynchosia totta,,Rhynchosia totta,,,,,,,,,,,,uuid:54452130-d92e-4996-a0d7-9401811b9ed7/observations/quadrat_repeat[3],uuid:54452130-d92e-4996-a0d7-9401811b9ed7/observations/quadrat_repeat[3]/additional_species_repeat[2]
3,reuse_unknown,,,,,,ca871a91-6bf3-405f-a0f2-548575363579,herb_029,,,,,,,,herb_029,,,,,,,,,,,,uuid:54452130-d92e-4996-a0d7-9401811b9ed7/observations/quadrat_repeat[3],uuid:54452130-d92e-4996-a0d7-9401811b9ed7/observations/quadrat_repeat[3]/additional_species_repeat[3]
4,reuse_missing,,,,,,,,,,,,a1b3e634-6534-4192-a798-023677156d35,Brachiara dura,,Brachiara dura,,,,,,,,,,,,uuid:54452130-d92e-4996-a0d7-9401811b9ed7/observations/quadrat_repeat[3],uuid:54452130-d92e-4996-a0d7-9401811b9ed7/observations/quadrat_repeat[3]/additional_species_repeat[4]
5,reuse_missing,,,,,,,,,,,,43214fc0-8a13-4af6-bc50-5b2ff891d955,Oldenladia corymbosa,,Oldenladia corymbosa,,,,,,,,,,,,uuid:54452130-d92e-4996-a0d7-9401811b9ed7/observations/quadrat_repeat[3],uuid:54452130-d92e-4996-a0d7-9401811b9ed7/observations/quadrat_repeat[3]/additional_species_repeat[5]
1,reuse_unknown,,,,,,795b0715-6af6-4249-914c-0d4ec9f55692,herb_016,,,,,,,,herb_016,,,,,,,,,,,,uuid:54452130-d92e-4996-a0d7-9401811b9ed7/observations/quadrat_repeat[4],uuid:54452130-d92e-4996-a0d7-9401811b9ed7/observations/quadrat_repeat[4]/additional_species_repeat[1]
1,reuse_missing,,,,,,,,,,,,c9c6df41-df82-4bc5-87b7-63b84898087d,Rhynchosia totta,,Rhynchosia totta,,,,,,,,,,,,uuid:54452130-d92e-4996-a0d7-9401811b9ed7/observations/quadrat_repeat[5],uuid:54452130-d92e-4996-a0d7-9401811b9ed7/observations/quadrat_repeat[5]/additional_species_repeat[1]
1,reuse_missing,,,,,,,,,,,,c9c6df41-df82-4bc5-87b7-63b84898087d,Rhynchosia totta,,Rhynchosia totta,,,,,,,,,,,,uuid:54452130-d92e-4996-a0d7-9401811b9ed7/observations/quadrat_repeat[6],uuid:54452130-d92e-4996-a0d7-9401811b9ed7/observations/quadrat_repeat[6]/additional_species_repeat[1]
2,reuse_unknown,,,,,,93e84b00-0721-4de5-8f3b-398f0ee8c2a4,herb_080,,,,,,,,herb_080,,,,,,,,,,,,uuid:54452130-d92e-4996-a0d7-9401811b9ed7/observations/quadrat_repeat[6],uuid:54452130-d92e-4996-a0d7-9401811b9ed7/observations/quadrat_repeat[6]/additional_species_repeat[2]
3,reuse_missing,,,,,,,,,,,,36d4abc6-55cd-43c4-8df0-3c5ae66bedc8,herb_092,,herb_092,,,,,,,,,,,,uuid:54452130-d92e-4996-a0d7-9401811b9ed7/observations/quadrat_repeat[6],uuid:54452130-d92e-4996-a0d7-9401811b9ed7/observations/quadrat_repeat[6]/additional_species_repeat[3]
1,reuse_unknown,,,,,,ca871a91-6bf3-405f-a0f2-548575363579,herb_029,,,,,,,,herb_029,,,,,,,,,,,,uuid:54452130-d92e-4996-a0d7-9401811b9ed7/observations/quadrat_repeat[7],uuid:54452130-d92e-4996-a0d7-9401811b9ed7/observations/quadrat_repeat[7]/additional_species_repeat[1]
1,new_unknown,1,812395e4-cb55-4232-ba6e-549ecfbb6a16,93,herb_093,,,,,,,,,,,herb_093,herb_093,pending,unknown_species,active,,1779626319297.jpg,,,,,herb_093,uuid:54452130-d92e-4996-a0d7-9401811b9ed7/observations/quadrat_repeat[8],uuid:54452130-d92e-4996-a0d7-9401811b9ed7/observations/quadrat_repeat[8]/additional_species_repeat[1]
1,reuse_missing,,,,,,,,,,,,eacca28e-4664-4710-96b9-29a1ef6294ab,Pogonarthria fleckii,,Pogonarthria fleckii,,,,,,,,,,,,uuid:54452130-d92e-4996-a0d7-9401811b9ed7/observations/quadrat_repeat[10],uuid:54452130-d92e-4996-a0d7-9401811b9ed7/observations/quadrat_repeat[10]/additional_species_repeat[1]
2,reuse_missing,,,,,,,,,,,,8c8d1146-7b63-440d-9262-4d0c6c3ef1fa,Macrotalyma daltonii,,Macrotalyma daltonii,,,,,,,,,,,,uuid:54452130-d92e-4996-a0d7-9401811b9ed7/observations/quadrat_repeat[10],uuid:54452130-d92e-4996-a0d7-9401811b9ed7/observations/quadrat_repeat[10]/additional_species_repeat[2]
3,reuse_unknown,,,,,,ca871a91-6bf3-405f-a0f2-548575363579,herb_029,,,,,,,,herb_029,,,,,,,,,,,,uuid:54452130-d92e-4996-a0d7-9401811b9ed7/observations/quadrat_repeat[10],uuid:54452130-d92e-4996-a0d7-9401811b9ed7/observations/quadrat_repeat[10]/additional_species_repeat[3]
1,reuse_missing,,,,,,,,,,,,4821f54d-4b1b-4005-a7ce-0e57846592ea,Phyllanthus pantandrus,,Phyllanthus pantandrus,,,,,,,,,,,,uuid:54452130-d92e-4996-a0d7-9401811b9ed7/observations/quadrat_repeat[11],uuid:54452130-d92e-4996-a0d7-9401811b9ed7/observations/quadrat_repeat[11]/additional_species_repeat[1]
2,reuse_missing,,,,,,,,,,,,eacca28e-4664-4710-96b9-29a1ef6294ab,Pogonarthria fleckii,,Pogonarthria fleckii,,,,,,,,,,,,uuid:54452130-d92e-4996-a0d7-9401811b9ed7/observations/quadrat_repeat[11],uuid:54452130-d92e-4996-a0d7-9401811b9ed7/observations/quadrat_repeat[11]/additional_species_repeat[2]
3,reuse_unknown,,,,,,ca871a91-6bf3-405f-a0f2-548575363579,herb_029,,,,,,,,herb_029,,,,,,,,,,,,uuid:54452130-d92e-4996-a0d7-9401811b9ed7/observations/quadrat_repeat[11],uuid:54452130-d92e-4996-a0d7-9401811b9ed7/observations/quadrat_repeat[11]/additional_species_repeat[3]
1,reuse_unknown,,,,,,ca871a91-6bf3-405f-a0f2-548575363579,herb_029,,,,,,,,herb_029,,,,,,,,,,,,uuid:54452130-d92e-4996-a0d7-9401811b9ed7/observations/quadrat_repeat[12],uuid:54452130-d92e-4996-a0d7-9401811b9ed7/observations/quadrat_repeat[12]/additional_species_repeat[1]
2,reuse_missing,,,,,,,,,,,,24e1e64c-3a9c-463b-b4f3-cf42d04f80b4,Xenostegia pinnata,,Xenostegia pinnata,,,,,,,,,,,,uuid:54452130-d92e-4996-a0d7-9401811b9ed7/observations/quadrat_repeat[12],uuid:54452130-d92e-4996-a0d7-9401811b9ed7/observations/quadrat_repeat[12]/additional_species_repeat[2]
1,reuse_unknown,,,,,,ca871a91-6bf3-405f-a0f2-548575363579,herb_029,,,,,,,,herb_029,,,,,,,,,,,,uuid:54452130-d92e-4996-a0d7-9401811b9ed7/observations/quadrat_repeat[13],uuid:54452130-d92e-4996-a0d7-9401811b9ed7/observations/quadrat_repeat[13]/additional_species_repeat[1]
1,reuse_unknown,,,,,,ca871a91-6bf3-405f-a0f2-548575363579,herb_029,,,,,,,,herb_029,,,,,,,,,,,,uuid:54452130-d92e-4996-a0d7-9401811b9ed7/observations/quadrat_repeat[14],uuid:54452130-d92e-4996-a0d7-9401811b9ed7/observations/quadrat_repeat[14]/additional_species_repeat[1]
1,reuse_unknown,,,,,,c04014bb-ee9b-4db9-a053-9031f44f91a8,herb_017,,,,,,,,herb_017,,,,,,,,,,,,uuid:54452130-d92e-4996-a0d7-9401811b9ed7/observations/quadrat_repeat[15],uuid:54452130-d92e-4996-a0d7-9401811b9ed7/observations/quadrat_repeat[15]/additional_species_repeat[1]
1,reuse_missing,,,,,,,,,,,,c9c6df41-df82-4bc5-87b7-63b84898087d,Rhynchosia totta,,Rhynchosia totta,,,,,,,,,,,,uuid:54452130-d92e-4996-a0d7-9401811b9ed7/observations/quadrat_repeat[16],uuid:54452130-d92e-4996-a0d7-9401811b9ed7/observations/quadrat_repeat[16]/additional_species_repeat[1]
2,reuse_missing,,,,,,,,,,,,e8a62df8-5df5-4338-9cba-2d136c79d48c,Asparagus africanus,,Asparagus africanus,,,,,,,,,,,,uuid:54452130-d92e-4996-a0d7-9401811b9ed7/observations/quadrat_repeat[16],uuid:54452130-d92e-4996-a0d7-9401811b9ed7/observations/quadrat_repeat[16]/additional_species_repeat[2]
1,reuse_unknown,,,,,,ca871a91-6bf3-405f-a0f2-548575363579,herb_029,,,,,,,,herb_029,,,,,,,,,,,,uuid:54452130-d92e-4996-a0d7-9401811b9ed7/observations/quadrat_repeat[18],uuid:54452130-d92e-4996-a0d7-9401811b9ed7/observations/quadrat_repeat[18]/additional_species_repeat[1]
1,reuse_unknown,,,,,,795b0715-6af6-4249-914c-0d4ec9f55692,herb_016,,,,,,,,herb_016,,,,,,,,,,,,uuid:54452130-d92e-4996-a0d7-9401811b9ed7/observations/quadrat_repeat[19],uuid:54452130-d92e-4996-a0d7-9401811b9ed7/observations/quadrat_repeat[19]/additional_species_repeat[1]
1,reuse_unknown,,,,,,795b0715-6af6-4249-914c-0d4ec9f55692,herb_016,,,,,,,,herb_016,,,,,,,,,,,,uuid:54452130-d92e-4996-a0d7-9401811b9ed7/observations/quadrat_repeat[20],uuid:54452130-d92e-4996-a0d7-9401811b9ed7/observations/quadrat_repeat[20]/additional_species_repeat[1]
1,reuse_unknown,,,,,,795b0715-6af6-4249-914c-0d4ec9f55692,herb_016,,,,,,,,herb_016,,,,,,,,,,,,uuid:b816a9b4-f338-432a-83d7-1cf354583f0f/observations/quadrat_repeat[1],uuid:b816a9b4-f338-432a-83d7-1cf354583f0f/observations/quadrat_repeat[1]/additional_species_repeat[1]
1,reuse_unknown,,,,,,795b0715-6af6-4249-914c-0d4ec9f55692,herb_016,,,,,,,,herb_016,,,,,,,,,,,,uuid:b816a9b4-f338-432a-83d7-1cf354583f0f/observations/quadrat_repeat[2],uuid:b816a9b4-f338-432a-83d7-1cf354583f0f/observations/quadrat_repeat[2]/additional_species_repeat[1]
2,reuse_missing,,,,,,,,,,,,d8ae21a7-5b8f-43df-8e16-b233dc6cb432,Erlangea misera,,Erlangea misera,,,,,,,,,,,,uuid:b816a9b4-f338-432a-83d7-1cf354583f0f/observations/quadrat_repeat[2],uuid:b816a9b4-f338-432a-83d7-1cf354583f0f/observations/quadrat_repeat[2]/additional_species_repeat[2]
3,reuse_missing,,,,,,,,,,,,05dc2613-2446-4b97-95f1-7f41bcaa476e,Sida chrysantha,,Sida chrysantha,,,,,,,,,,,,uuid:b816a9b4-f338-432a-83d7-1cf354583f0f/observations/quadrat_repeat[2],uuid:b816a9b4-f338-432a-83d7-1cf354583f0f/observations/quadrat_repeat[2]/additional_species_repeat[3]
1,reuse_unknown,,,,,,795b0715-6af6-4249-914c-0d4ec9f55692,herb_016,,,,,,,,herb_016,,,,,,,,,,,,uuid:b816a9b4-f338-432a-83d7-1cf354583f0f/observations/quadrat_repeat[3],uuid:b816a9b4-f338-432a-83d7-1cf354583f0f/observations/quadrat_repeat[3]/additional_species_repeat[1]
2,new_unknown,0,c9b577be-c4f8-42aa-a1db-fc92d81c2fe1,91,herb_091,,,,,,,,,,,herb_091,herb_091,pending,unknown_species,active,,1779618706060.jpg,,,,,herb_091,uuid:b816a9b4-f338-432a-83d7-1cf354583f0f/observations/quadrat_repeat[3],uuid:b816a9b4-f338-432a-83d7-1cf354583f0f/observations/quadrat_repeat[3]/additional_species_repeat[2]
1,reuse_unknown,,,,,,795b0715-6af6-4249-914c-0d4ec9f55692,herb_016,,,,,,,,herb_016,,,,,,,,,,,,uuid:b816a9b4-f338-432a-83d7-1cf354583f0f/observations/quadrat_repeat[4],uuid:b816a9b4-f338-432a-83d7-1cf354583f0f/observations/quadrat_repeat[4]/additional_species_repeat[1]
1,reuse_missing,,,,,,,,,,,,86e48f75-a0d5-4cae-b0c7-f03a025bb150,Evolvulus alsinoides ,,Evolvulus alsinoides ,,,,,,,,,,,,uuid:b816a9b4-f338-432a-83d7-1cf354583f0f/observations/quadrat_repeat[5],uuid:b816a9b4-f338-432a-83d7-1cf354583f0f/observations/quadrat_repeat[5]/additional_species_repeat[1]
1,reuse_unknown,,,,,,795b0715-6af6-4249-914c-0d4ec9f55692,herb_016,,,,,,,,herb_016,,,,,,,,,,,,uuid:b816a9b4-f338-432a-83d7-1cf354583f0f/observations/quadrat_repeat[6],uuid:b816a9b4-f338-432a-83d7-1cf354583f0f/observations/quadrat_repeat[6]/additional_species_repeat[1]
2,reuse_missing,,,,,,,,,,,,c20ca3f8-38b6-47cf-9050-f3fd9cb7a13b,Aristida scabrivalvis,,Aristida scabrivalvis,,,,,,,,,,,,uuid:b816a9b4-f338-432a-83d7-1cf354583f0f/observations/quadrat_repeat[6],uuid:b816a9b4-f338-432a-83d7-1cf354583f0f/observations/quadrat_repeat[6]/additional_species_repeat[2]
3,reuse_missing,,,,,,,,,,,,86e48f75-a0d5-4cae-b0c7-f03a025bb150,Evolvulus alsinoides ,,Evolvulus alsinoides ,,,,,,,,,,,,uuid:b816a9b4-f338-432a-83d7-1cf354583f0f/observations/quadrat_repeat[6],uuid:b816a9b4-f338-432a-83d7-1cf354583f0f/observations/quadrat_repeat[6]/additional_species_repeat[3]
1,reuse_unknown,,,,,,795b0715-6af6-4249-914c-0d4ec9f55692,herb_016,,,,,,,,herb_016,,,,,,,,,,,,uuid:b816a9b4-f338-432a-83d7-1cf354583f0f/observations/quadrat_repeat[7],uuid:b816a9b4-f338-432a-83d7-1cf354583f0f/observations/quadrat_repeat[7]/additional_species_repeat[1]
2,reuse_missing,,,,,,,,,,,,d8ae21a7-5b8f-43df-8e16-b233dc6cb432,Erlangea misera,,Erlangea misera,,,,,,,,,,,,uuid:b816a9b4-f338-432a-83d7-1cf354583f0f/observations/quadrat_repeat[7],uuid:b816a9b4-f338-432a-83d7-1cf354583f0f/observations/quadrat_repeat[7]/additional_species_repeat[2]
1,reuse_unknown,,,,,,22c890b1-8650-4934-b1a2-f81bfeaf6618,herb_088,,,,,,,,herb_088,,,,,,,,,,,,uuid:b816a9b4-f338-432a-83d7-1cf354583f0f/observations/quadrat_repeat[8],uuid:b816a9b4-f338-432a-83d7-1cf354583f0f/observations/quadrat_repeat[8]/additional_species_repeat[1]
2,reuse_missing,,,,,,,,,,,,895bce64-ba76-494b-9f25-aef306fddca0,Xenostegia tridentata,,Xenostegia tridentata,,,,,,,,,,,,uuid:b816a9b4-f338-432a-83d7-1cf354583f0f/observations/quadrat_repeat[8],uuid:b816a9b4-f338-432a-83d7-1cf354583f0f/observations/quadrat_repeat[8]/additional_species_repeat[2]
1,reuse_unknown,,,,,,389d329c-62fe-4ded-80f2-3599fb31c5b6,herb_024,,,,,,,,herb_024,,,,,,,,,,,,uuid:b816a9b4-f338-432a-83d7-1cf354583f0f/observations/quadrat_repeat[9],uuid:b816a9b4-f338-432a-83d7-1cf354583f0f/observations/quadrat_repeat[9]/additional_species_repeat[1]
2,reuse_missing,,,,,,,,,,,,d8ae21a7-5b8f-43df-8e16-b233dc6cb432,Erlangea misera,,Erlangea misera,,,,,,,,,,,,uuid:b816a9b4-f338-432a-83d7-1cf354583f0f/observations/quadrat_repeat[9],uuid:b816a9b4-f338-432a-83d7-1cf354583f0f/observations/quadrat_repeat[9]/additional_species_repeat[2]
1,reuse_unknown,,,,,,389d329c-62fe-4ded-80f2-3599fb31c5b6,herb_024,,,,,,,,herb_024,,,,,,,,,,,,uuid:b816a9b4-f338-432a-83d7-1cf354583f0f/observations/quadrat_repeat[10],uuid:b816a9b4-f338-432a-83d7-1cf354583f0f/observations/quadrat_repeat[10]/additional_species_repeat[1]
1,reuse_missing,,,,,,,,,,,,43214fc0-8a13-4af6-bc50-5b2ff891d955,Oldenladia corymbosa,,Oldenladia corymbosa,,,,,,,,,,,,uuid:b816a9b4-f338-432a-83d7-1cf354583f0f/observations/quadrat_repeat[11],uuid:b816a9b4-f338-432a-83d7-1cf354583f0f/observations/quadrat_repeat[11]/additional_species_repeat[1]
1,reuse_unknown,,,,,,795b0715-6af6-4249-914c-0d4ec9f55692,herb_016,,,,,,,,herb_016,,,,,,,,,,,,uuid:b816a9b4-f338-432a-83d7-1cf354583f0f/observations/quadrat_repeat[13],uuid:b816a9b4-f338-432a-83d7-1cf354583f0f/observations/quadrat_repeat[13]/additional_species_repeat[1]
2,reuse_unknown,,,,,,389d329c-62fe-4ded-80f2-3599fb31c5b6,herb_024,,,,,,,,herb_024,,,,,,,,,,,,uuid:b816a9b4-f338-432a-83d7-1cf354583f0f/observations/quadrat_repeat[13],uuid:b816a9b4-f338-432a-83d7-1cf354583f0f/observations/quadrat_repeat[13]/additional_species_repeat[2]
3,reuse_missing,,,,,,,,,,,,43214fc0-8a13-4af6-bc50-5b2ff891d955,Oldenladia corymbosa,,Oldenladia corymbosa,,,,,,,,,,,,uuid:b816a9b4-f338-432a-83d7-1cf354583f0f/observations/quadrat_repeat[13],uuid:b816a9b4-f338-432a-83d7-1cf354583f0f/observations/quadrat_repeat[13]/additional_species_repeat[3]
1,reuse_unknown,,,,,,795b0715-6af6-4249-914c-0d4ec9f55692,herb_016,,,,,,,,herb_016,,,,,,,,,,,,uuid:b816a9b4-f338-432a-83d7-1cf354583f0f/observations/quadrat_repeat[14],uuid:b816a9b4-f338-432a-83d7-1cf354583f0f/observations/quadrat_repeat[14]/additional_species_repeat[1]
2,reuse_unknown,,,,,,c9b577be-c4f8-42aa-a1db-fc92d81c2fe1,herb_091,,,,,,,,herb_091,,,,,,,,,,,,uuid:b816a9b4-f338-432a-83d7-1cf354583f0f/observations/quadrat_repeat[14],uuid:b816a9b4-f338-432a-83d7-1cf354583f0f/observations/quadrat_repeat[14]/additional_species_repeat[2]
3,reuse_missing,,,,,,,,,,,,86e48f75-a0d5-4cae-b0c7-f03a025bb150,Evolvulus alsinoides ,,Evolvulus alsinoides ,,,,,,,,,,,,uuid:b816a9b4-f338-432a-83d7-1cf354583f0f/observations/quadrat_repeat[14],uuid:b816a9b4-f338-432a-83d7-1cf354583f0f/observations/quadrat_repeat[14]/additional_species_repeat[3]
1,reuse_missing,,,,,,,,,,,,d8ae21a7-5b8f-43df-8e16-b233dc6cb432,Erlangea misera,,Erlangea misera,,,,,,,,,,,,uuid:b816a9b4-f338-432a-83d7-1cf354583f0f/observations/quadrat_repeat[15],uuid:b816a9b4-f338-432a-83d7-1cf354583f0f/observations/quadrat_repeat[15]/additional_species_repeat[1]
1,reuse_unknown,,,,,,389d329c-62fe-4ded-80f2-3599fb31c5b6,herb_024,,,,,,,,herb_024,,,,,,,,,,,,uuid:b816a9b4-f338-432a-83d7-1cf354583f0f/observations/quadrat_repeat[16],uuid:b816a9b4-f338-432a-83d7-1cf354583f0f/observations/quadrat_repeat[16]/additional_species_repeat[1]
2,reuse_unknown,,,,,,22c890b1-8650-4934-b1a2-f81bfeaf6618,herb_088,,,,,,,,herb_088,,,,,,,,,,,,uuid:b816a9b4-f338-432a-83d7-1cf354583f0f/observations/quadrat_repeat[16],uuid:b816a9b4-f338-432a-83d7-1cf354583f0f/observations/quadrat_repeat[16]/additional_species_repeat[2]
1,reuse_missing,,,,,,,,,,,,86e48f75-a0d5-4cae-b0c7-f03a025bb150,Evolvulus alsinoides ,,Evolvulus alsinoides ,,,,,,,,,,,,uuid:b816a9b4-f338-432a-83d7-1cf354583f0f/observations/quadrat_repeat[17],uuid:b816a9b4-f338-432a-83d7-1cf354583f0f/observations/quadrat_repeat[17]/additional_species_repeat[1]
1,reuse_unknown,,,,,,c9b577be-c4f8-42aa-a1db-fc92d81c2fe1,herb_091,,,,,,,,herb_091,,,,,,,,,,,,uuid:b816a9b4-f338-432a-83d7-1cf354583f0f/observations/quadrat_repeat[18],uuid:b816a9b4-f338-432a-83d7-1cf354583f0f/observations/quadrat_repeat[18]/additional_species_repeat[1]
2,reuse_unknown,,,,,,795b0715-6af6-4249-914c-0d4ec9f55692,herb_016,,,,,,,,herb_016,,,,,,,,,,,,uuid:b816a9b4-f338-432a-83d7-1cf354583f0f/observations/quadrat_repeat[18],uuid:b816a9b4-f338-432a-83d7-1cf354583f0f/observations/quadrat_repeat[18]/additional_species_repeat[2]
3,reuse_missing,,,,,,,,,,,,43214fc0-8a13-4af6-bc50-5b2ff891d955,Oldenladia corymbosa,,Oldenladia corymbosa,,,,,,,,,,,,uuid:b816a9b4-f338-432a-83d7-1cf354583f0f/observations/quadrat_repeat[18],uuid:b816a9b4-f338-432a-83d7-1cf354583f0f/observations/quadrat_repeat[18]/additional_species_repeat[3]
4,reuse_missing,,,,,,,,,,,,86e48f75-a0d5-4cae-b0c7-f03a025bb150,Evolvulus alsinoides ,,Evolvulus alsinoides ,,,,,,,,,,,,uuid:b816a9b4-f338-432a-83d7-1cf354583f0f/observations/quadrat_repeat[18],uuid:b816a9b4-f338-432a-83d7-1cf354583f0f/observations/quadrat_repeat[18]/additional_species_repeat[4]
1,reuse_unknown,,,,,,795b0715-6af6-4249-914c-0d4ec9f55692,herb_016,,,,,,,,herb_016,,,,,,,,,,,,uuid:b816a9b4-f338-432a-83d7-1cf354583f0f/observations/quadrat_repeat[19],uuid:b816a9b4-f338-432a-83d7-1cf354583f0f/observations/quadrat_repeat[19]/additional_species_repeat[1]
2,reuse_missing,,,,,,,,,,,,86e48f75-a0d5-4cae-b0c7-f03a025bb150,Evolvulus alsinoides ,,Evolvulus alsinoides ,,,,,,,,,,,,uuid:b816a9b4-f338-432a-83d7-1cf354583f0f/observations/quadrat_repeat[19],uuid:b816a9b4-f338-432a-83d7-1cf354583f0f/observations/quadrat_repeat[19]/additional_species_repeat[2]
1,reuse_unknown,,,,,,795b0715-6af6-4249-914c-0d4ec9f55692,herb_016,,,,,,,,herb_016,,,,,,,,,,,,uuid:b816a9b4-f338-432a-83d7-1cf354583f0f/observations/quadrat_repeat[20],uuid:b816a9b4-f338-432a-83d7-1cf354583f0f/observations/quadrat_repeat[20]/additional_species_repeat[1]
2,reuse_unknown,,,,,,830f676f-f705-4965-ad13-b1781cab7373,herb_049,,,,,,,,herb_049,,,,,,,,,,,,uuid:b816a9b4-f338-432a-83d7-1cf354583f0f/observations/quadrat_repeat[20],uuid:b816a9b4-f338-432a-83d7-1cf354583f0f/observations/quadrat_repeat[20]/additional_species_repeat[2]
3,reuse_missing,,,,,,,,,,,,d8ae21a7-5b8f-43df-8e16-b233dc6cb432,Erlangea misera,,Erlangea misera,,,,,,,,,,,,uuid:b816a9b4-f338-432a-83d7-1cf354583f0f/observations/quadrat_repeat[20],uuid:b816a9b4-f338-432a-83d7-1cf354583f0f/observations/quadrat_repeat[20]/additional_species_repeat[3]
4,reuse_missing,,,,,,,,,,,,86e48f75-a0d5-4cae-b0c7-f03a025bb150,Evolvulus alsinoides ,,Evolvulus alsinoides ,,,,,,,,,,,,uuid:b816a9b4-f338-432a-83d7-1cf354583f0f/observations/quadrat_repeat[20],uuid:b816a9b4-f338-432a-83d7-1cf354583f0f/observations/quadrat_repeat[20]/additional_species_repeat[4]
1,reuse_unknown,,,,,,795b0715-6af6-4249-914c-0d4ec9f55692,herb_016,,,,,,,,herb_016,,,,,,,,,,,,uuid:ef5c5535-1739-481b-af66-71061de5dcd2/observations/quadrat_repeat[1],uuid:ef5c5535-1739-481b-af66-71061de5dcd2/observations/quadrat_repeat[1]/additional_species_repeat[1]
1,reuse_unknown,,,,,,795b0715-6af6-4249-914c-0d4ec9f55692,herb_016,,,,,,,,herb_016,,,,,,,,,,,,uuid:ef5c5535-1739-481b-af66-71061de5dcd2/observations/quadrat_repeat[2],uuid:ef5c5535-1739-481b-af66-71061de5dcd2/observations/quadrat_repeat[2]/additional_species_repeat[1]
2,reuse_unknown,,,,,,93e84b00-0721-4de5-8f3b-398f0ee8c2a4,herb_080,,,,,,,,herb_080,,,,,,,,,,,,uuid:ef5c5535-1739-481b-af66-71061de5dcd2/observations/quadrat_repeat[2],uuid:ef5c5535-1739-481b-af66-71061de5dcd2/observations/quadrat_repeat[2]/additional_species_repeat[2]
3,reuse_unknown,,,,,,22c890b1-8650-4934-b1a2-f81bfeaf6618,herb_088,,,,,,,,herb_088,,,,,,,,,,,,uuid:ef5c5535-1739-481b-af66-71061de5dcd2/observations/quadrat_repeat[2],uuid:ef5c5535-1739-481b-af66-71061de5dcd2/observations/quadrat_repeat[2]/additional_species_repeat[3]
1,reuse_missing,,,,,,,,,,,,a1b3e634-6534-4192-a798-023677156d35,Brachiara dura,,Brachiara dura,,,,,,,,,,,,uuid:ef5c5535-1739-481b-af66-71061de5dcd2/observations/quadrat_repeat[3],uuid:ef5c5535-1739-481b-af66-71061de5dcd2/observations/quadrat_repeat[3]/additional_species_repeat[1]
1,reuse_unknown,,,,,,795b0715-6af6-4249-914c-0d4ec9f55692,herb_016,,,,,,,,herb_016,,,,,,,,,,,,uuid:ef5c5535-1739-481b-af66-71061de5dcd2/observations/quadrat_repeat[4],uuid:ef5c5535-1739-481b-af66-71061de5dcd2/observations/quadrat_repeat[4]/additional_species_repeat[1]
1,reuse_unknown,,,,,,795b0715-6af6-4249-914c-0d4ec9f55692,herb_016,,,,,,,,herb_016,,,,,,,,,,,,uuid:ef5c5535-1739-481b-af66-71061de5dcd2/observations/quadrat_repeat[5],uuid:ef5c5535-1739-481b-af66-71061de5dcd2/observations/quadrat_repeat[5]/additional_species_repeat[1]
1,reuse_unknown,,,,,,795b0715-6af6-4249-914c-0d4ec9f55692,herb_016,,,,,,,,herb_016,,,,,,,,,,,,uuid:ef5c5535-1739-481b-af66-71061de5dcd2/observations/quadrat_repeat[6],uuid:ef5c5535-1739-481b-af66-71061de5dcd2/observations/quadrat_repeat[6]/additional_species_repeat[1]
2,reuse_unknown,,,,,,22c890b1-8650-4934-b1a2-f81bfeaf6618,herb_088,,,,,,,,herb_088,,,,,,,,,,,,uuid:ef5c5535-1739-481b-af66-71061de5dcd2/observations/quadrat_repeat[6],uuid:ef5c5535-1739-481b-af66-71061de5dcd2/observations/quadrat_repeat[6]/additional_species_repeat[2]
1,reuse_unknown,,,,,,c04014bb-ee9b-4db9-a053-9031f44f91a8,herb_017,,,,,,,,herb_017,,,,,,,,,,,,uuid:ef5c5535-1739-481b-af66-71061de5dcd2/observations/quadrat_repeat[7],uuid:ef5c5535-1739-481b-af66-71061de5dcd2/observations/quadrat_repeat[7]/additional_species_repeat[1]
1,reuse_unknown,,,,,,795b0715-6af6-4249-914c-0d4ec9f55692,herb_016,,,,,,,,herb_016,,,,,,,,,,,,uuid:ef5c5535-1739-481b-af66-71061de5dcd2/observations/quadrat_repeat[8],uuid:ef5c5535-1739-481b-af66-71061de5dcd2/observations/quadrat_repeat[8]/additional_species_repeat[1]
2,reuse_unknown,,,,,,c04014bb-ee9b-4db9-a053-9031f44f91a8,herb_017,,,,,,,,herb_017,,,,,,,,,,,,uuid:ef5c5535-1739-481b-af66-71061de5dcd2/observations/quadrat_repeat[8],uuid:ef5c5535-1739-481b-af66-71061de5dcd2/observations/quadrat_repeat[8]/additional_species_repeat[2]
1,reuse_unknown,,,,,,795b0715-6af6-4249-914c-0d4ec9f55692,herb_016,,,,,,,,herb_016,,,,,,,,,,,,uuid:ef5c5535-1739-481b-af66-71061de5dcd2/observations/quadrat_repeat[9],uuid:ef5c5535-1739-481b-af66-71061de5dcd2/observations/quadrat_repeat[9]/additional_species_repeat[1]
2,reuse_unknown,,,,,,c04014bb-ee9b-4db9-a053-9031f44f91a8,herb_017,,,,,,,,herb_017,,,,,,,,,,,,uuid:ef5c5535-1739-481b-af66-71061de5dcd2/observations/quadrat_repeat[9],uuid:ef5c5535-1739-481b-af66-71061de5dcd2/observations/quadrat_repeat[9]/additional_species_repeat[2]
1,reuse_unknown,,,,,,795b0715-6af6-4249-914c-0d4ec9f55692,herb_016,,,,,,,,herb_016,,,,,,,,,,,,uuid:ef5c5535-1739-481b-af66-71061de5dcd2/observations/quadrat_repeat[10],uuid:ef5c5535-1739-481b-af66-71061de5dcd2/observations/quadrat_repeat[10]/additional_species_repeat[1]
1,reuse_unknown,,,,,,795b0715-6af6-4249-914c-0d4ec9f55692,herb_016,,,,,,,,herb_016,,,,,,,,,,,,uuid:ef5c5535-1739-481b-af66-71061de5dcd2/observations/quadrat_repeat[11],uuid:ef5c5535-1739-481b-af66-71061de5dcd2/observations/quadrat_repeat[11]/additional_species_repeat[1]
1,reuse_unknown,,,,,,795b0715-6af6-4249-914c-0d4ec9f55692,herb_016,,,,,,,,herb_016,,,,,,,,,,,,uuid:ef5c5535-1739-481b-af66-71061de5dcd2/observations/quadrat_repeat[12],uuid:ef5c5535-1739-481b-af66-71061de5dcd2/observations/quadrat_repeat[12]/additional_species_repeat[1]
2,reuse_unknown,,,,,,c04014bb-ee9b-4db9-a053-9031f44f91a8,herb_017,,,,,,,,herb_017,,,,,,,,,,,,uuid:ef5c5535-1739-481b-af66-71061de5dcd2/observations/quadrat_repeat[12],uuid:ef5c5535-1739-481b-af66-71061de5dcd2/observations/quadrat_repeat[12]/additional_species_repeat[2]
1,reuse_unknown,,,,,,795b0715-6af6-4249-914c-0d4ec9f55692,herb_016,,,,,,,,herb_016,,,,,,,,,,,,uuid:ef5c5535-1739-481b-af66-71061de5dcd2/observations/quadrat_repeat[13],uuid:ef5c5535-1739-481b-af66-71061de5dcd2/observations/quadrat_repeat[13]/additional_species_repeat[1]
2,reuse_unknown,,,,,,c04014bb-ee9b-4db9-a053-9031f44f91a8,herb_017,,,,,,,,herb_017,,,,,,,,,,,,uuid:ef5c5535-1739-481b-af66-71061de5dcd2/observations/quadrat_repeat[13],uuid:ef5c5535-1739-481b-af66-71061de5dcd2/observations/quadrat_repeat[13]/additional_species_repeat[2]
3,reuse_missing,,,,,,,,,,,,895bce64-ba76-494b-9f25-aef306fddca0,Xenostegia tridentata,,Xenostegia tridentata,,,,,,,,,,,,uuid:ef5c5535-1739-481b-af66-71061de5dcd2/observations/quadrat_repeat[13],uuid:ef5c5535-1739-481b-af66-71061de5dcd2/observations/quadrat_repeat[13]/additional_species_repeat[3]
1,reuse_unknown,,,,,,795b0715-6af6-4249-914c-0d4ec9f55692,herb_016,,,,,,,,herb_016,,,,,,,,,,,,uuid:ef5c5535-1739-481b-af66-71061de5dcd2/observations/quadrat_repeat[15],uuid:ef5c5535-1739-481b-af66-71061de5dcd2/observations/quadrat_repeat[15]/additional_species_repeat[1]
2,reuse_unknown,,,,,,c04014bb-ee9b-4db9-a053-9031f44f91a8,herb_017,,,,,,,,herb_017,,,,,,,,,,,,uuid:ef5c5535-1739-481b-af66-71061de5dcd2/observations/quadrat_repeat[15],uuid:ef5c5535-1739-481b-af66-71061de5dcd2/observations/quadrat_repeat[15]/additional_species_repeat[2]
3,reuse_unknown,,,,,,22c890b1-8650-4934-b1a2-f81bfeaf6618,herb_088,,,,,,,,herb_088,,,,,,,,,,,,uuid:ef5c5535-1739-481b-af66-71061de5dcd2/observations/quadrat_repeat[15],uuid:ef5c5535-1739-481b-af66-71061de5dcd2/observations/quadrat_repeat[15]/additional_species_repeat[3]
1,reuse_unknown,,,,,,795b0715-6af6-4249-914c-0d4ec9f55692,herb_016,,,,,,,,herb_016,,,,,,,,,,,,uuid:ef5c5535-1739-481b-af66-71061de5dcd2/observations/quadrat_repeat[16],uuid:ef5c5535-1739-481b-af66-71061de5dcd2/observations/quadrat_repeat[16]/additional_species_repeat[1]
2,reuse_unknown,,,,,,c04014bb-ee9b-4db9-a053-9031f44f91a8,herb_017,,,,,,,,herb_017,,,,,,,,,,,,uuid:ef5c5535-1739-481b-af66-71061de5dcd2/observations/quadrat_repeat[16],uuid:ef5c5535-1739-481b-af66-71061de5dcd2/observations/quadrat_repeat[16]/additional_species_repeat[2]
3,reuse_missing,,,,,,,,,,,,d8ae21a7-5b8f-43df-8e16-b233dc6cb432,Erlangea misera,,Erlangea misera,,,,,,,,,,,,uuid:ef5c5535-1739-481b-af66-71061de5dcd2/observations/quadrat_repeat[16],uuid:ef5c5535-1739-481b-af66-71061de5dcd2/observations/quadrat_repeat[16]/additional_species_repeat[3]
1,reuse_unknown,,,,,,795b0715-6af6-4249-914c-0d4ec9f55692,herb_016,,,,,,,,herb_016,,,,,,,,,,,,uuid:ef5c5535-1739-481b-af66-71061de5dcd2/observations/quadrat_repeat[17],uuid:ef5c5535-1739-481b-af66-71061de5dcd2/observations/quadrat_repeat[17]/additional_species_repeat[1]
1,reuse_unknown,,,,,,795b0715-6af6-4249-914c-0d4ec9f55692,herb_016,,,,,,,,herb_016,,,,,,,,,,,,uuid:ef5c5535-1739-481b-af66-71061de5dcd2/observations/quadrat_repeat[18],uuid:ef5c5535-1739-481b-af66-71061de5dcd2/observations/quadrat_repeat[18]/additional_species_repeat[1]
1,reuse_unknown,,,,,,795b0715-6af6-4249-914c-0d4ec9f55692,herb_016,,,,,,,,herb_016,,,,,,,,,,,,uuid:ef5c5535-1739-481b-af66-71061de5dcd2/observations/quadrat_repeat[19],uuid:ef5c5535-1739-481b-af66-71061de5dcd2/observations/quadrat_repeat[19]/additional_species_repeat[1]
1,reuse_unknown,,,,,,795b0715-6af6-4249-914c-0d4ec9f55692,herb_016,,,,,,,,herb_016,,,,,,,,,,,,uuid:ef5c5535-1739-481b-af66-71061de5dcd2/observations/quadrat_repeat[20],uuid:ef5c5535-1739-481b-af66-71061de5dcd2/observations/quadrat_repeat[20]/additional_species_repeat[1]
1,new_unknown,0,22c890b1-8650-4934-b1a2-f81bfeaf6618,88,herb_088,,,,,,,,,,,herb_088,herb_088,pending,unknown_species,active,,1779607890791.jpg,,,,,herb_088,uuid:e63b6ad6-7893-4cca-a1db-00fbde18a2aa/observations/quadrat_repeat[2],uuid:e63b6ad6-7893-4cca-a1db-00fbde18a2aa/observations/quadrat_repeat[2]/additional_species_repeat[1]
2,new_missing,1,a1b3e634-6534-4192-a798-023677156d35,89,,,,,,herb_089,Brachiara dura,,,,,herb_089 (Brachiara dura),Brachiara dura,pending,missing_species,active,,1779608295843.jpg,,,,,Brachiara dura,uuid:e63b6ad6-7893-4cca-a1db-00fbde18a2aa/observations/quadrat_repeat[2],uuid:e63b6ad6-7893-4cca-a1db-00fbde18a2aa/observations/quadrat_repeat[2]/additional_species_repeat[2]
1,reuse_missing,,,,,,,,,,,,43214fc0-8a13-4af6-bc50-5b2ff891d955,Oldenladia corymbosa,,Oldenladia corymbosa,,,,,,,,,,,,uuid:e63b6ad6-7893-4cca-a1db-00fbde18a2aa/observations/quadrat_repeat[3],uuid:e63b6ad6-7893-4cca-a1db-00fbde18a2aa/observations/quadrat_repeat[3]/additional_species_repeat[1]
2,reuse_missing,,,,,,,,,,,,895bce64-ba76-494b-9f25-aef306fddca0,Xenostegia tridentata,,Xenostegia tridentata,,,,,,,,,,,,uuid:e63b6ad6-7893-4cca-a1db-00fbde18a2aa/observations/quadrat_repeat[3],uuid:e63b6ad6-7893-4cca-a1db-00fbde18a2aa/observations/quadrat_repeat[3]/additional_species_repeat[2]
3,reuse_missing,,,,,,,,,,,,a1b3e634-6534-4192-a798-023677156d35,herb_089,,herb_089,,,,,,,,,,,,uuid:e63b6ad6-7893-4cca-a1db-00fbde18a2aa/observations/quadrat_repeat[3],uuid:e63b6ad6-7893-4cca-a1db-00fbde18a2aa/observations/quadrat_repeat[3]/additional_species_repeat[3]
4,reuse_unknown,,,,,,22c890b1-8650-4934-b1a2-f81bfeaf6618,herb_088,,,,,,,,herb_088,,,,,,,,,,,,uuid:e63b6ad6-7893-4cca-a1db-00fbde18a2aa/observations/quadrat_repeat[3],uuid:e63b6ad6-7893-4cca-a1db-00fbde18a2aa/observations/quadrat_repeat[3]/additional_species_repeat[4]
1,reuse_unknown,,,,,,c04014bb-ee9b-4db9-a053-9031f44f91a8,herb_017,,,,,,,,herb_017,,,,,,,,,,,,uuid:e63b6ad6-7893-4cca-a1db-00fbde18a2aa/observations/quadrat_repeat[4],uuid:e63b6ad6-7893-4cca-a1db-00fbde18a2aa/observations/quadrat_repeat[4]/additional_species_repeat[1]
2,reuse_unknown,,,,,,93e84b00-0721-4de5-8f3b-398f0ee8c2a4,herb_080,,,,,,,,herb_080,,,,,,,,,,,,uuid:e63b6ad6-7893-4cca-a1db-00fbde18a2aa/observations/quadrat_repeat[4],uuid:e63b6ad6-7893-4cca-a1db-00fbde18a2aa/observations/quadrat_repeat[4]/additional_species_repeat[2]
3,reuse_unknown,,,,,,22c890b1-8650-4934-b1a2-f81bfeaf6618,herb_088,,,,,,,,herb_088,,,,,,,,,,,,uuid:e63b6ad6-7893-4cca-a1db-00fbde18a2aa/observations/quadrat_repeat[4],uuid:e63b6ad6-7893-4cca-a1db-00fbde18a2aa/observations/quadrat_repeat[4]/additional_species_repeat[3]
1,reuse_missing,,,,,,,,,,,,a1b3e634-6534-4192-a798-023677156d35,herb_089,,herb_089,,,,,,,,,,,,uuid:e63b6ad6-7893-4cca-a1db-00fbde18a2aa/observations/quadrat_repeat[5],uuid:e63b6ad6-7893-4cca-a1db-00fbde18a2aa/observations/quadrat_repeat[5]/additional_species_repeat[1]
1,reuse_unknown,,,,,,93e84b00-0721-4de5-8f3b-398f0ee8c2a4,herb_080,,,,,,,,herb_080,,,,,,,,,,,,uuid:e63b6ad6-7893-4cca-a1db-00fbde18a2aa/observations/quadrat_repeat[6],uuid:e63b6ad6-7893-4cca-a1db-00fbde18a2aa/observations/quadrat_repeat[6]/additional_species_repeat[1]
2,reuse_unknown,,,,,,c04014bb-ee9b-4db9-a053-9031f44f91a8,herb_017,,,,,,,,herb_017,,,,,,,,,,,,uuid:e63b6ad6-7893-4cca-a1db-00fbde18a2aa/observations/quadrat_repeat[6],uuid:e63b6ad6-7893-4cca-a1db-00fbde18a2aa/observations/quadrat_repeat[6]/additional_species_repeat[2]
1,reuse_unknown,,,,,,c04014bb-ee9b-4db9-a053-9031f44f91a8,herb_017,,,,,,,,herb_017,,,,,,,,,,,,uuid:e63b6ad6-7893-4cca-a1db-00fbde18a2aa/observations/quadrat_repeat[7],uuid:e63b6ad6-7893-4cca-a1db-00fbde18a2aa/observations/quadrat_repeat[7]/additional_species_repeat[1]
2,reuse_missing,,,,,,,,,,,,6cfa0d1b-d0f6-4a6c-bd0d-5a0c3e586d9b,Tephrosia purpurea,,Tephrosia purpurea,,,,,,,,,,,,uuid:e63b6ad6-7893-4cca-a1db-00fbde18a2aa/observations/quadrat_repeat[7],uuid:e63b6ad6-7893-4cca-a1db-00fbde18a2aa/observations/quadrat_repeat[7]/additional_species_repeat[2]
1,reuse_unknown,,,,,,c04014bb-ee9b-4db9-a053-9031f44f91a8,herb_017,,,,,,,,herb_017,,,,,,,,,,,,uuid:e63b6ad6-7893-4cca-a1db-00fbde18a2aa/observations/quadrat_repeat[8],uuid:e63b6ad6-7893-4cca-a1db-00fbde18a2aa/observations/quadrat_repeat[8]/additional_species_repeat[1]
1,reuse_unknown,,,,,,c04014bb-ee9b-4db9-a053-9031f44f91a8,herb_017,,,,,,,,herb_017,,,,,,,,,,,,uuid:e63b6ad6-7893-4cca-a1db-00fbde18a2aa/observations/quadrat_repeat[9],uuid:e63b6ad6-7893-4cca-a1db-00fbde18a2aa/observations/quadrat_repeat[9]/additional_species_repeat[1]
2,reuse_missing,,,,,,,,,,,,6cfa0d1b-d0f6-4a6c-bd0d-5a0c3e586d9b,Tephrosia purpurea,,Tephrosia purpurea,,,,,,,,,,,,uuid:e63b6ad6-7893-4cca-a1db-00fbde18a2aa/observations/quadrat_repeat[9],uuid:e63b6ad6-7893-4cca-a1db-00fbde18a2aa/observations/quadrat_repeat[9]/additional_species_repeat[2]
1,reuse_unknown,,,,,,c04014bb-ee9b-4db9-a053-9031f44f91a8,herb_017,,,,,,,,herb_017,,,,,,,,,,,,uuid:e63b6ad6-7893-4cca-a1db-00fbde18a2aa/observations/quadrat_repeat[10],uuid:e63b6ad6-7893-4cca-a1db-00fbde18a2aa/observations/quadrat_repeat[10]/additional_species_repeat[1]
2,reuse_unknown,,,,,,389d329c-62fe-4ded-80f2-3599fb31c5b6,herb_024,,,,,,,,herb_024,,,,,,,,,,,,uuid:e63b6ad6-7893-4cca-a1db-00fbde18a2aa/observations/quadrat_repeat[10],uuid:e63b6ad6-7893-4cca-a1db-00fbde18a2aa/observations/quadrat_repeat[10]/additional_species_repeat[2]
3,reuse_missing,,,,,,,,,,,,a1b3e634-6534-4192-a798-023677156d35,herb_089,,herb_089,,,,,,,,,,,,uuid:e63b6ad6-7893-4cca-a1db-00fbde18a2aa/observations/quadrat_repeat[10],uuid:e63b6ad6-7893-4cca-a1db-00fbde18a2aa/observations/quadrat_repeat[10]/additional_species_repeat[3]
1,reuse_unknown,,,,,,795b0715-6af6-4249-914c-0d4ec9f55692,herb_016,,,,,,,,herb_016,,,,,,,,,,,,uuid:e63b6ad6-7893-4cca-a1db-00fbde18a2aa/observations/quadrat_repeat[11],uuid:e63b6ad6-7893-4cca-a1db-00fbde18a2aa/observations/quadrat_repeat[11]/additional_species_repeat[1]
1,reuse_unknown,,,,,,93e84b00-0721-4de5-8f3b-398f0ee8c2a4,herb_080,,,,,,,,herb_080,,,,,,,,,,,,uuid:e63b6ad6-7893-4cca-a1db-00fbde18a2aa/observations/quadrat_repeat[12],uuid:e63b6ad6-7893-4cca-a1db-00fbde18a2aa/observations/quadrat_repeat[12]/additional_species_repeat[1]
1,reuse_unknown,,,,,,795b0715-6af6-4249-914c-0d4ec9f55692,herb_016,,,,,,,,herb_016,,,,,,,,,,,,uuid:e63b6ad6-7893-4cca-a1db-00fbde18a2aa/observations/quadrat_repeat[13],uuid:e63b6ad6-7893-4cca-a1db-00fbde18a2aa/observations/quadrat_repeat[13]/additional_species_repeat[1]
2,reuse_unknown,,,,,,c04014bb-ee9b-4db9-a053-9031f44f91a8,herb_017,,,,,,,,herb_017,,,,,,,,,,,,uuid:e63b6ad6-7893-4cca-a1db-00fbde18a2aa/observations/quadrat_repeat[13],uuid:e63b6ad6-7893-4cca-a1db-00fbde18a2aa/observations/quadrat_repeat[13]/additional_species_repeat[2]
1,reuse_unknown,,,,,,830f676f-f705-4965-ad13-b1781cab7373,herb_049,,,,,,,,herb_049,,,,,,,,,,,,uuid:e63b6ad6-7893-4cca-a1db-00fbde18a2aa/observations/quadrat_repeat[14],uuid:e63b6ad6-7893-4cca-a1db-00fbde18a2aa/observations/quadrat_repeat[14]/additional_species_repeat[1]
2,reuse_unknown,,,,,,795b0715-6af6-4249-914c-0d4ec9f55692,herb_016,,,,,,,,herb_016,,,,,,,,,,,,uuid:e63b6ad6-7893-4cca-a1db-00fbde18a2aa/observations/quadrat_repeat[14],uuid:e63b6ad6-7893-4cca-a1db-00fbde18a2aa/observations/quadrat_repeat[14]/additional_species_repeat[2]
3,reuse_missing,,,,,,,,,,,,895bce64-ba76-494b-9f25-aef306fddca0,Xenostegia tridentata,,Xenostegia tridentata,,,,,,,,,,,,uuid:e63b6ad6-7893-4cca-a1db-00fbde18a2aa/observations/quadrat_repeat[14],uuid:e63b6ad6-7893-4cca-a1db-00fbde18a2aa/observations/quadrat_repeat[14]/additional_species_repeat[3]
1,reuse_unknown,,,,,,795b0715-6af6-4249-914c-0d4ec9f55692,herb_016,,,,,,,,herb_016,,,,,,,,,,,,uuid:e63b6ad6-7893-4cca-a1db-00fbde18a2aa/observations/quadrat_repeat[15],uuid:e63b6ad6-7893-4cca-a1db-00fbde18a2aa/observations/quadrat_repeat[15]/additional_species_repeat[1]
1,reuse_unknown,,,,,,22c890b1-8650-4934-b1a2-f81bfeaf6618,herb_088,,,,,,,,herb_088,,,,,,,,,,,,uuid:e63b6ad6-7893-4cca-a1db-00fbde18a2aa/observations/quadrat_repeat[16],uuid:e63b6ad6-7893-4cca-a1db-00fbde18a2aa/observations/quadrat_repeat[16]/additional_species_repeat[1]
1,reuse_unknown,,,,,,c04014bb-ee9b-4db9-a053-9031f44f91a8,herb_017,,,,,,,,herb_017,,,,,,,,,,,,uuid:e63b6ad6-7893-4cca-a1db-00fbde18a2aa/observations/quadrat_repeat[17],uuid:e63b6ad6-7893-4cca-a1db-00fbde18a2aa/observations/quadrat_repeat[17]/additional_species_repeat[1]
1,reuse_missing,,,,,,,,,,,,86e48f75-a0d5-4cae-b0c7-f03a025bb150,Evolvulus alsinoides ,,Evolvulus alsinoides ,,,,,,,,,,,,uuid:e63b6ad6-7893-4cca-a1db-00fbde18a2aa/observations/quadrat_repeat[18],uuid:e63b6ad6-7893-4cca-a1db-00fbde18a2aa/observations/quadrat_repeat[18]/additional_species_repeat[1]
2,reuse_unknown,,,,,,22c890b1-8650-4934-b1a2-f81bfeaf6618,herb_088,,,,,,,,herb_088,,,,,,,,,,,,uuid:e63b6ad6-7893-4cca-a1db-00fbde18a2aa/observations/quadrat_repeat[18],uuid:e63b6ad6-7893-4cca-a1db-00fbde18a2aa/observations/quadrat_repeat[18]/additional_species_repeat[2]
3,new_missing,2,24e1e64c-3a9c-463b-b4f3-cf42d04f80b4,90,,,,,,herb_090,Xenostegia pinnata,,,,,herb_090 (Xenostegia pinnata),Xenostegia pinnata,pending,missing_species,active,,1779611800126.jpg,,,,,Xenostegia pinnata,uuid:e63b6ad6-7893-4cca-a1db-00fbde18a2aa/observations/quadrat_repeat[18],uuid:e63b6ad6-7893-4cca-a1db-00fbde18a2aa/observations/quadrat_repeat[18]/additional_species_repeat[3]
1,reuse_unknown,,,,,,c04014bb-ee9b-4db9-a053-9031f44f91a8,herb_017,,,,,,,,herb_017,,,,,,,,,,,,uuid:c4ea3469-7e1c-474a-9ce6-fc1926e590e2/observations/quadrat_repeat[1],uuid:c4ea3469-7e1c-474a-9ce6-fc1926e590e2/observations/quadrat_repeat[1]/additional_species_repeat[1]
1,reuse_unknown,,,,,,795b0715-6af6-4249-914c-0d4ec9f55692,herb_016,,,,,,,,herb_016,,,,,,,,,,,,uuid:c4ea3469-7e1c-474a-9ce6-fc1926e590e2/observations/quadrat_repeat[2],uuid:c4ea3469-7e1c-474a-9ce6-fc1926e590e2/observations/quadrat_repeat[2]/additional_species_repeat[1]
2,reuse_missing,,,,,,,,,,,,c9c6df41-df82-4bc5-87b7-63b84898087d,Rhynchosia totta,,Rhynchosia totta,,,,,,,,,,,,uuid:c4ea3469-7e1c-474a-9ce6-fc1926e590e2/observations/quadrat_repeat[2],uuid:c4ea3469-7e1c-474a-9ce6-fc1926e590e2/observations/quadrat_repeat[2]/additional_species_repeat[2]
3,reuse_unknown,,,,,,c04014bb-ee9b-4db9-a053-9031f44f91a8,herb_017,,,,,,,,herb_017,,,,,,,,,,,,uuid:c4ea3469-7e1c-474a-9ce6-fc1926e590e2/observations/quadrat_repeat[2],uuid:c4ea3469-7e1c-474a-9ce6-fc1926e590e2/observations/quadrat_repeat[2]/additional_species_repeat[3]
1,reuse_unknown,,,,,,795b0715-6af6-4249-914c-0d4ec9f55692,herb_016,,,,,,,,herb_016,,,,,,,,,,,,uuid:c4ea3469-7e1c-474a-9ce6-fc1926e590e2/observations/quadrat_repeat[3],uuid:c4ea3469-7e1c-474a-9ce6-fc1926e590e2/observations/quadrat_repeat[3]/additional_species_repeat[1]
2,reuse_unknown,,,,,,c04014bb-ee9b-4db9-a053-9031f44f91a8,herb_017,,,,,,,,herb_017,,,,,,,,,,,,uuid:c4ea3469-7e1c-474a-9ce6-fc1926e590e2/observations/quadrat_repeat[3],uuid:c4ea3469-7e1c-474a-9ce6-fc1926e590e2/observations/quadrat_repeat[3]/additional_species_repeat[2]
3,reuse_unknown,,,,,,eaddd154-6c59-4cdb-b06f-3a84ff2c6e67,herb_045,,,,,,,,herb_045,,,,,,,,,,,,uuid:c4ea3469-7e1c-474a-9ce6-fc1926e590e2/observations/quadrat_repeat[3],uuid:c4ea3469-7e1c-474a-9ce6-fc1926e590e2/observations/quadrat_repeat[3]/additional_species_repeat[3]
1,reuse_unknown,,,,,,795b0715-6af6-4249-914c-0d4ec9f55692,herb_016,,,,,,,,herb_016,,,,,,,,,,,,uuid:c4ea3469-7e1c-474a-9ce6-fc1926e590e2/observations/quadrat_repeat[4],uuid:c4ea3469-7e1c-474a-9ce6-fc1926e590e2/observations/quadrat_repeat[4]/additional_species_repeat[1]
2,reuse_unknown,,,,,,c04014bb-ee9b-4db9-a053-9031f44f91a8,herb_017,,,,,,,,herb_017,,,,,,,,,,,,uuid:c4ea3469-7e1c-474a-9ce6-fc1926e590e2/observations/quadrat_repeat[4],uuid:c4ea3469-7e1c-474a-9ce6-fc1926e590e2/observations/quadrat_repeat[4]/additional_species_repeat[2]
3,reuse_unknown,,,,,,ca871a91-6bf3-405f-a0f2-548575363579,herb_029,,,,,,,,herb_029,,,,,,,,,,,,uuid:c4ea3469-7e1c-474a-9ce6-fc1926e590e2/observations/quadrat_repeat[4],uuid:c4ea3469-7e1c-474a-9ce6-fc1926e590e2/observations/quadrat_repeat[4]/additional_species_repeat[3]
1,reuse_missing,,,,,,,,,,,,86e48f75-a0d5-4cae-b0c7-f03a025bb150,Evolvulus alsinoides ,,Evolvulus alsinoides ,,,,,,,,,,,,uuid:c4ea3469-7e1c-474a-9ce6-fc1926e590e2/observations/quadrat_repeat[5],uuid:c4ea3469-7e1c-474a-9ce6-fc1926e590e2/observations/quadrat_repeat[5]/additional_species_repeat[1]
2,reuse_unknown,,,,,,795b0715-6af6-4249-914c-0d4ec9f55692,herb_016,,,,,,,,herb_016,,,,,,,,,,,,uuid:c4ea3469-7e1c-474a-9ce6-fc1926e590e2/observations/quadrat_repeat[5],uuid:c4ea3469-7e1c-474a-9ce6-fc1926e590e2/observations/quadrat_repeat[5]/additional_species_repeat[2]
3,reuse_unknown,,,,,,c04014bb-ee9b-4db9-a053-9031f44f91a8,herb_017,,,,,,,,herb_017,,,,,,,,,,,,uuid:c4ea3469-7e1c-474a-9ce6-fc1926e590e2/observations/quadrat_repeat[5],uuid:c4ea3469-7e1c-474a-9ce6-fc1926e590e2/observations/quadrat_repeat[5]/additional_species_repeat[3]
1,reuse_unknown,,,,,,795b0715-6af6-4249-914c-0d4ec9f55692,herb_016,,,,,,,,herb_016,,,,,,,,,,,,uuid:c4ea3469-7e1c-474a-9ce6-fc1926e590e2/observations/quadrat_repeat[6],uuid:c4ea3469-7e1c-474a-9ce6-fc1926e590e2/observations/quadrat_repeat[6]/additional_species_repeat[1]
2,reuse_unknown,,,,,,ca871a91-6bf3-405f-a0f2-548575363579,herb_029,,,,,,,,herb_029,,,,,,,,,,,,uuid:c4ea3469-7e1c-474a-9ce6-fc1926e590e2/observations/quadrat_repeat[6],uuid:c4ea3469-7e1c-474a-9ce6-fc1926e590e2/observations/quadrat_repeat[6]/additional_species_repeat[2]
3,reuse_unknown,,,,,,93e84b00-0721-4de5-8f3b-398f0ee8c2a4,herb_080,,,,,,,,herb_080,,,,,,,,,,,,uuid:c4ea3469-7e1c-474a-9ce6-fc1926e590e2/observations/quadrat_repeat[6],uuid:c4ea3469-7e1c-474a-9ce6-fc1926e590e2/observations/quadrat_repeat[6]/additional_species_repeat[3]
4,new_unknown,0,a8035287-65bd-45d2-95c5-9632cadb7421,85,herb_085,,,,,,,,,,,herb_085,herb_085,pending,unknown_species,active,,1779545388002.jpg,,,,,herb_085,uuid:c4ea3469-7e1c-474a-9ce6-fc1926e590e2/observations/quadrat_repeat[6],uuid:c4ea3469-7e1c-474a-9ce6-fc1926e590e2/observations/quadrat_repeat[6]/additional_species_repeat[4]
5,reuse_missing,,,,,,,,,,,,,,,,,,,,,,,,,,,uuid:c4ea3469-7e1c-474a-9ce6-fc1926e590e2/observations/quadrat_repeat[6],uuid:c4ea3469-7e1c-474a-9ce6-fc1926e590e2/observations/quadrat_repeat[6]/additional_species_repeat[5]
1,reuse_unknown,,,,,,ca871a91-6bf3-405f-a0f2-548575363579,herb_029,,,,,,,,herb_029,,,,,,,,,,,,uuid:c4ea3469-7e1c-474a-9ce6-fc1926e590e2/observations/quadrat_repeat[7],uuid:c4ea3469-7e1c-474a-9ce6-fc1926e590e2/observations/quadrat_repeat[7]/additional_species_repeat[1]
1,reuse_unknown,,,,,,795b0715-6af6-4249-914c-0d4ec9f55692,herb_016,,,,,,,,herb_016,,,,,,,,,,,,uuid:c4ea3469-7e1c-474a-9ce6-fc1926e590e2/observations/quadrat_repeat[8],uuid:c4ea3469-7e1c-474a-9ce6-fc1926e590e2/observations/quadrat_repeat[8]/additional_species_repeat[1]
2,reuse_unknown,,,,,,c04014bb-ee9b-4db9-a053-9031f44f91a8,herb_017,,,,,,,,herb_017,,,,,,,,,,,,uuid:c4ea3469-7e1c-474a-9ce6-fc1926e590e2/observations/quadrat_repeat[8],uuid:c4ea3469-7e1c-474a-9ce6-fc1926e590e2/observations/quadrat_repeat[8]/additional_species_repeat[2]
3,reuse_unknown,,,,,,ca871a91-6bf3-405f-a0f2-548575363579,herb_029,,,,,,,,herb_029,,,,,,,,,,,,uuid:c4ea3469-7e1c-474a-9ce6-fc1926e590e2/observations/quadrat_repeat[8],uuid:c4ea3469-7e1c-474a-9ce6-fc1926e590e2/observations/quadrat_repeat[8]/additional_species_repeat[3]
1,reuse_unknown,,,,,,795b0715-6af6-4249-914c-0d4ec9f55692,herb_016,,,,,,,,herb_016,,,,,,,,,,,,uuid:c4ea3469-7e1c-474a-9ce6-fc1926e590e2/observations/quadrat_repeat[9],uuid:c4ea3469-7e1c-474a-9ce6-fc1926e590e2/observations/quadrat_repeat[9]/additional_species_repeat[1]
2,reuse_unknown,,,,,,c04014bb-ee9b-4db9-a053-9031f44f91a8,herb_017,,,,,,,,herb_017,,,,,,,,,,,,uuid:c4ea3469-7e1c-474a-9ce6-fc1926e590e2/observations/quadrat_repeat[9],uuid:c4ea3469-7e1c-474a-9ce6-fc1926e590e2/observations/quadrat_repeat[9]/additional_species_repeat[2]
3,reuse_unknown,,,,,,389d329c-62fe-4ded-80f2-3599fb31c5b6,herb_024,,,,,,,,herb_024,,,,,,,,,,,,uuid:c4ea3469-7e1c-474a-9ce6-fc1926e590e2/observations/quadrat_repeat[9],uuid:c4ea3469-7e1c-474a-9ce6-fc1926e590e2/observations/quadrat_repeat[9]/additional_species_repeat[3]
1,reuse_unknown,,,,,,795b0715-6af6-4249-914c-0d4ec9f55692,herb_016,,,,,,,,herb_016,,,,,,,,,,,,uuid:c4ea3469-7e1c-474a-9ce6-fc1926e590e2/observations/quadrat_repeat[10],uuid:c4ea3469-7e1c-474a-9ce6-fc1926e590e2/observations/quadrat_repeat[10]/additional_species_repeat[1]
2,reuse_missing,,,,,,,,,,,,6cfa0d1b-d0f6-4a6c-bd0d-5a0c3e586d9b,Tephrosia purpurea,,Tephrosia purpurea,,,,,,,,,,,,uuid:c4ea3469-7e1c-474a-9ce6-fc1926e590e2/observations/quadrat_repeat[10],uuid:c4ea3469-7e1c-474a-9ce6-fc1926e590e2/observations/quadrat_repeat[10]/additional_species_repeat[2]
1,reuse_missing,,,,,,,,,,,,86e48f75-a0d5-4cae-b0c7-f03a025bb150,Evolvulus alsinoides ,,Evolvulus alsinoides ,,,,,,,,,,,,uuid:c4ea3469-7e1c-474a-9ce6-fc1926e590e2/observations/quadrat_repeat[11],uuid:c4ea3469-7e1c-474a-9ce6-fc1926e590e2/observations/quadrat_repeat[11]/additional_species_repeat[1]
2,reuse_unknown,,,,,,93e84b00-0721-4de5-8f3b-398f0ee8c2a4,herb_080,,,,,,,,herb_080,,,,,,,,,,,,uuid:c4ea3469-7e1c-474a-9ce6-fc1926e590e2/observations/quadrat_repeat[11],uuid:c4ea3469-7e1c-474a-9ce6-fc1926e590e2/observations/quadrat_repeat[11]/additional_species_repeat[2]
1,reuse_unknown,,,,,,c04014bb-ee9b-4db9-a053-9031f44f91a8,herb_017,,,,,,,,herb_017,,,,,,,,,,,,uuid:c4ea3469-7e1c-474a-9ce6-fc1926e590e2/observations/quadrat_repeat[12],uuid:c4ea3469-7e1c-474a-9ce6-fc1926e590e2/observations/quadrat_repeat[12]/additional_species_repeat[1]
2,reuse_missing,,,,,,,,,,,,d8ae21a7-5b8f-43df-8e16-b233dc6cb432,Erlangea misera,,Erlangea misera,,,,,,,,,,,,uuid:c4ea3469-7e1c-474a-9ce6-fc1926e590e2/observations/quadrat_repeat[12],uuid:c4ea3469-7e1c-474a-9ce6-fc1926e590e2/observations/quadrat_repeat[12]/additional_species_repeat[2]
3,reuse_missing,,,,,,,,,,,,86e48f75-a0d5-4cae-b0c7-f03a025bb150,Evolvulus alsinoides ,,Evolvulus alsinoides ,,,,,,,,,,,,uuid:c4ea3469-7e1c-474a-9ce6-fc1926e590e2/observations/quadrat_repeat[12],uuid:c4ea3469-7e1c-474a-9ce6-fc1926e590e2/observations/quadrat_repeat[12]/additional_species_repeat[3]
1,reuse_unknown,,,,,,795b0715-6af6-4249-914c-0d4ec9f55692,herb_016,,,,,,,,herb_016,,,,,,,,,,,,uuid:c4ea3469-7e1c-474a-9ce6-fc1926e590e2/observations/quadrat_repeat[13],uuid:c4ea3469-7e1c-474a-9ce6-fc1926e590e2/observations/quadrat_repeat[13]/additional_species_repeat[1]
2,reuse_unknown,,,,,,ca871a91-6bf3-405f-a0f2-548575363579,herb_029,,,,,,,,herb_029,,,,,,,,,,,,uuid:c4ea3469-7e1c-474a-9ce6-fc1926e590e2/observations/quadrat_repeat[13],uuid:c4ea3469-7e1c-474a-9ce6-fc1926e590e2/observations/quadrat_repeat[13]/additional_species_repeat[2]
1,reuse_missing,,,,,,,,,,,,c1518780-2f6d-47a8-8c15-b2c6e281b0e4,Setaria pumila,,Setaria pumila,,,,,,,,,,,,uuid:c4ea3469-7e1c-474a-9ce6-fc1926e590e2/observations/quadrat_repeat[14],uuid:c4ea3469-7e1c-474a-9ce6-fc1926e590e2/observations/quadrat_repeat[14]/additional_species_repeat[1]
2,reuse_unknown,,,,,,ca871a91-6bf3-405f-a0f2-548575363579,herb_029,,,,,,,,herb_029,,,,,,,,,,,,uuid:c4ea3469-7e1c-474a-9ce6-fc1926e590e2/observations/quadrat_repeat[14],uuid:c4ea3469-7e1c-474a-9ce6-fc1926e590e2/observations/quadrat_repeat[14]/additional_species_repeat[2]
3,reuse_unknown,,,,,,795b0715-6af6-4249-914c-0d4ec9f55692,herb_016,,,,,,,,herb_016,,,,,,,,,,,,uuid:c4ea3469-7e1c-474a-9ce6-fc1926e590e2/observations/quadrat_repeat[14],uuid:c4ea3469-7e1c-474a-9ce6-fc1926e590e2/observations/quadrat_repeat[14]/additional_species_repeat[3]
4,reuse_unknown,,,,,,93e84b00-0721-4de5-8f3b-398f0ee8c2a4,herb_080,,,,,,,,herb_080,,,,,,,,,,,,uuid:c4ea3469-7e1c-474a-9ce6-fc1926e590e2/observations/quadrat_repeat[14],uuid:c4ea3469-7e1c-474a-9ce6-fc1926e590e2/observations/quadrat_repeat[14]/additional_species_repeat[4]
5,new_unknown,1,3d122eb1-8f47-4dec-8dd6-0cb7794666fa,86,herb_086,,,,,,,,,,,herb_086,herb_086,pending,unknown_species,active,,1779546585377.jpg,,,,,herb_086,uuid:c4ea3469-7e1c-474a-9ce6-fc1926e590e2/observations/quadrat_repeat[14],uuid:c4ea3469-7e1c-474a-9ce6-fc1926e590e2/observations/quadrat_repeat[14]/additional_species_repeat[5]
1,reuse_unknown,,,,,,795b0715-6af6-4249-914c-0d4ec9f55692,herb_016,,,,,,,,herb_016,,,,,,,,,,,,uuid:c4ea3469-7e1c-474a-9ce6-fc1926e590e2/observations/quadrat_repeat[15],uuid:c4ea3469-7e1c-474a-9ce6-fc1926e590e2/observations/quadrat_repeat[15]/additional_species_repeat[1]
2,reuse_unknown,,,,,,c04014bb-ee9b-4db9-a053-9031f44f91a8,herb_017,,,,,,,,herb_017,,,,,,,,,,,,uuid:c4ea3469-7e1c-474a-9ce6-fc1926e590e2/observations/quadrat_repeat[15],uuid:c4ea3469-7e1c-474a-9ce6-fc1926e590e2/observations/quadrat_repeat[15]/additional_species_repeat[2]
3,reuse_unknown,,,,,,ca871a91-6bf3-405f-a0f2-548575363579,herb_029,,,,,,,,herb_029,,,,,,,,,,,,uuid:c4ea3469-7e1c-474a-9ce6-fc1926e590e2/observations/quadrat_repeat[15],uuid:c4ea3469-7e1c-474a-9ce6-fc1926e590e2/observations/quadrat_repeat[15]/additional_species_repeat[3]
1,reuse_unknown,,,,,,ca871a91-6bf3-405f-a0f2-548575363579,herb_029,,,,,,,,herb_029,,,,,,,,,,,,uuid:c4ea3469-7e1c-474a-9ce6-fc1926e590e2/observations/quadrat_repeat[16],uuid:c4ea3469-7e1c-474a-9ce6-fc1926e590e2/observations/quadrat_repeat[16]/additional_species_repeat[1]
2,reuse_unknown,,,,,,c04014bb-ee9b-4db9-a053-9031f44f91a8,herb_017,,,,,,,,herb_017,,,,,,,,,,,,uuid:c4ea3469-7e1c-474a-9ce6-fc1926e590e2/observations/quadrat_repeat[16],uuid:c4ea3469-7e1c-474a-9ce6-fc1926e590e2/observations/quadrat_repeat[16]/additional_species_repeat[2]
3,reuse_unknown,,,,,,795b0715-6af6-4249-914c-0d4ec9f55692,herb_016,,,,,,,,herb_016,,,,,,,,,,,,uuid:c4ea3469-7e1c-474a-9ce6-fc1926e590e2/observations/quadrat_repeat[16],uuid:c4ea3469-7e1c-474a-9ce6-fc1926e590e2/observations/quadrat_repeat[16]/additional_species_repeat[3]
4,new_unknown,2,e7172810-dec0-4199-80ab-7dc3c2966b18,87,herb_087,,,,,,,,,,,herb_087,herb_087,pending,unknown_species,active,,1779547210670.jpg,,,,,herb_087,uuid:c4ea3469-7e1c-474a-9ce6-fc1926e590e2/observations/quadrat_repeat[16],uuid:c4ea3469-7e1c-474a-9ce6-fc1926e590e2/observations/quadrat_repeat[16]/additional_species_repeat[4]
1,reuse_unknown,,,,,,c04014bb-ee9b-4db9-a053-9031f44f91a8,herb_017,,,,,,,,herb_017,,,,,,,,,,,,uuid:c4ea3469-7e1c-474a-9ce6-fc1926e590e2/observations/quadrat_repeat[18],uuid:c4ea3469-7e1c-474a-9ce6-fc1926e590e2/observations/quadrat_repeat[18]/additional_species_repeat[1]
2,reuse_unknown,,,,,,ca871a91-6bf3-405f-a0f2-548575363579,herb_029,,,,,,,,herb_029,,,,,,,,,,,,uuid:c4ea3469-7e1c-474a-9ce6-fc1926e590e2/observations/quadrat_repeat[18],uuid:c4ea3469-7e1c-474a-9ce6-fc1926e590e2/observations/quadrat_repeat[18]/additional_species_repeat[2]
3,reuse_unknown,,,,,,93e84b00-0721-4de5-8f3b-398f0ee8c2a4,herb_080,,,,,,,,herb_080,,,,,,,,,,,,uuid:c4ea3469-7e1c-474a-9ce6-fc1926e590e2/observations/quadrat_repeat[18],uuid:c4ea3469-7e1c-474a-9ce6-fc1926e590e2/observations/quadrat_repeat[18]/additional_species_repeat[3]
4,reuse_missing,,,,,,,,,,,,c9c6df41-df82-4bc5-87b7-63b84898087d,Rhynchosia totta,,Rhynchosia totta,,,,,,,,,,,,uuid:c4ea3469-7e1c-474a-9ce6-fc1926e590e2/observations/quadrat_repeat[18],uuid:c4ea3469-7e1c-474a-9ce6-fc1926e590e2/observations/quadrat_repeat[18]/additional_species_repeat[4]
1,reuse_unknown,,,,,,c04014bb-ee9b-4db9-a053-9031f44f91a8,herb_017,,,,,,,,herb_017,,,,,,,,,,,,uuid:c4ea3469-7e1c-474a-9ce6-fc1926e590e2/observations/quadrat_repeat[19],uuid:c4ea3469-7e1c-474a-9ce6-fc1926e590e2/observations/quadrat_repeat[19]/additional_species_repeat[1]
1,reuse_missing,,,,,,,,,,,,86e48f75-a0d5-4cae-b0c7-f03a025bb150,Evolvulus alsinoides ,,Evolvulus alsinoides ,,,,,,,,,,,,uuid:c4ea3469-7e1c-474a-9ce6-fc1926e590e2/observations/quadrat_repeat[20],uuid:c4ea3469-7e1c-474a-9ce6-fc1926e590e2/observations/quadrat_repeat[20]/additional_species_repeat[1]
2,reuse_missing,,,,,,,,,,,,d8ae21a7-5b8f-43df-8e16-b233dc6cb432,Erlangea misera,,Erlangea misera,,,,,,,,,,,,uuid:c4ea3469-7e1c-474a-9ce6-fc1926e590e2/observations/quadrat_repeat[20],uuid:c4ea3469-7e1c-474a-9ce6-fc1926e590e2/observations/quadrat_repeat[20]/additional_species_repeat[2]
1,reuse_missing,,,,,,,,,,,,5a2417c2-f5a5-45ac-acb5-0447749856a5,Pavonia clathrata,,Pavonia clathrata,,,,,,,,,,,,uuid:9fd08bb2-7c3f-49f5-8ad8-dd6f45da94da/observations/quadrat_repeat[1],uuid:9fd08bb2-7c3f-49f5-8ad8-dd6f45da94da/observations/quadrat_repeat[1]/additional_species_repeat[1]
2,reuse_missing,,,,,,,,,,,,86e48f75-a0d5-4cae-b0c7-f03a025bb150,Evolvulus alsinoides ,,Evolvulus alsinoides ,,,,,,,,,,,,uuid:9fd08bb2-7c3f-49f5-8ad8-dd6f45da94da/observations/quadrat_repeat[1],uuid:9fd08bb2-7c3f-49f5-8ad8-dd6f45da94da/observations/quadrat_repeat[1]/additional_species_repeat[2]
3,reuse_missing,,,,,,,,,,,,6cfa0d1b-d0f6-4a6c-bd0d-5a0c3e586d9b,Tephrosia purpurea,,Tephrosia purpurea,,,,,,,,,,,,uuid:9fd08bb2-7c3f-49f5-8ad8-dd6f45da94da/observations/quadrat_repeat[1],uuid:9fd08bb2-7c3f-49f5-8ad8-dd6f45da94da/observations/quadrat_repeat[1]/additional_species_repeat[3]
4,new_missing,0,d65b61be-9bf8-4e38-be98-c610048d6dd0,84,,,,,,herb_084,Polygala erioptera,,,,,herb_084 (Polygala erioptera),Polygala erioptera,pending,missing_species,active,,1779538708857.jpg,,,,,Polygala erioptera,uuid:9fd08bb2-7c3f-49f5-8ad8-dd6f45da94da/observations/quadrat_repeat[1],uuid:9fd08bb2-7c3f-49f5-8ad8-dd6f45da94da/observations/quadrat_repeat[1]/additional_species_repeat[4]
5,reuse_unknown,,,,,,c04014bb-ee9b-4db9-a053-9031f44f91a8,herb_017,,,,,,,,herb_017,,,,,,,,,,,,uuid:9fd08bb2-7c3f-49f5-8ad8-dd6f45da94da/observations/quadrat_repeat[1],uuid:9fd08bb2-7c3f-49f5-8ad8-dd6f45da94da/observations/quadrat_repeat[1]/additional_species_repeat[5]
1,reuse_unknown,,,,,,c04014bb-ee9b-4db9-a053-9031f44f91a8,herb_017,,,,,,,,herb_017,,,,,,,,,,,,uuid:9fd08bb2-7c3f-49f5-8ad8-dd6f45da94da/observations/quadrat_repeat[2],uuid:9fd08bb2-7c3f-49f5-8ad8-dd6f45da94da/observations/quadrat_repeat[2]/additional_species_repeat[1]
2,reuse_missing,,,,,,,,,,,,6cfa0d1b-d0f6-4a6c-bd0d-5a0c3e586d9b,Tephrosia purpurea,,Tephrosia purpurea,,,,,,,,,,,,uuid:9fd08bb2-7c3f-49f5-8ad8-dd6f45da94da/observations/quadrat_repeat[2],uuid:9fd08bb2-7c3f-49f5-8ad8-dd6f45da94da/observations/quadrat_repeat[2]/additional_species_repeat[2]
3,reuse_missing,,,,,,,,,,,,86e48f75-a0d5-4cae-b0c7-f03a025bb150,Evolvulus alsinoides ,,Evolvulus alsinoides ,,,,,,,,,,,,uuid:9fd08bb2-7c3f-49f5-8ad8-dd6f45da94da/observations/quadrat_repeat[2],uuid:9fd08bb2-7c3f-49f5-8ad8-dd6f45da94da/observations/quadrat_repeat[2]/additional_species_repeat[3]
4,reuse_missing,,,,,,,,,,,,43214fc0-8a13-4af6-bc50-5b2ff891d955,Oldenladia corymbosa,,Oldenladia corymbosa,,,,,,,,,,,,uuid:9fd08bb2-7c3f-49f5-8ad8-dd6f45da94da/observations/quadrat_repeat[2],uuid:9fd08bb2-7c3f-49f5-8ad8-dd6f45da94da/observations/quadrat_repeat[2]/additional_species_repeat[4]
5,reuse_missing,,,,,,,,,,,,d65b61be-9bf8-4e38-be98-c610048d6dd0,herb_084,,herb_084,,,,,,,,,,,,uuid:9fd08bb2-7c3f-49f5-8ad8-dd6f45da94da/observations/quadrat_repeat[2],uuid:9fd08bb2-7c3f-49f5-8ad8-dd6f45da94da/observations/quadrat_repeat[2]/additional_species_repeat[5]
1,reuse_unknown,,,,,,795b0715-6af6-4249-914c-0d4ec9f55692,herb_016,,,,,,,,herb_016,,,,,,,,,,,,uuid:9fd08bb2-7c3f-49f5-8ad8-dd6f45da94da/observations/quadrat_repeat[3],uuid:9fd08bb2-7c3f-49f5-8ad8-dd6f45da94da/observations/quadrat_repeat[3]/additional_species_repeat[1]
2,reuse_missing,,,,,,,,,,,,6cfa0d1b-d0f6-4a6c-bd0d-5a0c3e586d9b,Tephrosia purpurea,,Tephrosia purpurea,,,,,,,,,,,,uuid:9fd08bb2-7c3f-49f5-8ad8-dd6f45da94da/observations/quadrat_repeat[3],uuid:9fd08bb2-7c3f-49f5-8ad8-dd6f45da94da/observations/quadrat_repeat[3]/additional_species_repeat[2]
3,reuse_missing,,,,,,,,,,,,d65b61be-9bf8-4e38-be98-c610048d6dd0,herb_084,,herb_084,,,,,,,,,,,,uuid:9fd08bb2-7c3f-49f5-8ad8-dd6f45da94da/observations/quadrat_repeat[3],uuid:9fd08bb2-7c3f-49f5-8ad8-dd6f45da94da/observations/quadrat_repeat[3]/additional_species_repeat[3]
1,reuse_missing,,,,,,,,,,,,6cfa0d1b-d0f6-4a6c-bd0d-5a0c3e586d9b,Tephrosia purpurea,,Tephrosia purpurea,,,,,,,,,,,,uuid:9fd08bb2-7c3f-49f5-8ad8-dd6f45da94da/observations/quadrat_repeat[4],uuid:9fd08bb2-7c3f-49f5-8ad8-dd6f45da94da/observations/quadrat_repeat[4]/additional_species_repeat[1]
2,reuse_missing,,,,,,,,,,,,d65b61be-9bf8-4e38-be98-c610048d6dd0,herb_084,,herb_084,,,,,,,,,,,,uuid:9fd08bb2-7c3f-49f5-8ad8-dd6f45da94da/observations/quadrat_repeat[4],uuid:9fd08bb2-7c3f-49f5-8ad8-dd6f45da94da/observations/quadrat_repeat[4]/additional_species_repeat[2]
1,reuse_unknown,,,,,,ca871a91-6bf3-405f-a0f2-548575363579,herb_029,,,,,,,,herb_029,,,,,,,,,,,,uuid:9fd08bb2-7c3f-49f5-8ad8-dd6f45da94da/observations/quadrat_repeat[5],uuid:9fd08bb2-7c3f-49f5-8ad8-dd6f45da94da/observations/quadrat_repeat[5]/additional_species_repeat[1]
2,reuse_missing,,,,,,,,,,,,86e48f75-a0d5-4cae-b0c7-f03a025bb150,Evolvulus alsinoides ,,Evolvulus alsinoides ,,,,,,,,,,,,uuid:9fd08bb2-7c3f-49f5-8ad8-dd6f45da94da/observations/quadrat_repeat[5],uuid:9fd08bb2-7c3f-49f5-8ad8-dd6f45da94da/observations/quadrat_repeat[5]/additional_species_repeat[2]
3,reuse_missing,,,,,,,,,,,,d65b61be-9bf8-4e38-be98-c610048d6dd0,herb_084,,herb_084,,,,,,,,,,,,uuid:9fd08bb2-7c3f-49f5-8ad8-dd6f45da94da/observations/quadrat_repeat[5],uuid:9fd08bb2-7c3f-49f5-8ad8-dd6f45da94da/observations/quadrat_repeat[5]/additional_species_repeat[3]
1,reuse_unknown,,,,,,fee329ca-e301-4c77-9fe8-dda15a1ef3cc,herb_002,,,,,,,,herb_002,,,,,,,,,,,,uuid:9fd08bb2-7c3f-49f5-8ad8-dd6f45da94da/observations/quadrat_repeat[6],uuid:9fd08bb2-7c3f-49f5-8ad8-dd6f45da94da/observations/quadrat_repeat[6]/additional_species_repeat[1]
2,reuse_missing,,,,,,,,,,,,86e48f75-a0d5-4cae-b0c7-f03a025bb150,Evolvulus alsinoides ,,Evolvulus alsinoides ,,,,,,,,,,,,uuid:9fd08bb2-7c3f-49f5-8ad8-dd6f45da94da/observations/quadrat_repeat[6],uuid:9fd08bb2-7c3f-49f5-8ad8-dd6f45da94da/observations/quadrat_repeat[6]/additional_species_repeat[2]
1,reuse_unknown,,,,,,ca871a91-6bf3-405f-a0f2-548575363579,herb_029,,,,,,,,herb_029,,,,,,,,,,,,uuid:9fd08bb2-7c3f-49f5-8ad8-dd6f45da94da/observations/quadrat_repeat[7],uuid:9fd08bb2-7c3f-49f5-8ad8-dd6f45da94da/observations/quadrat_repeat[7]/additional_species_repeat[1]
2,reuse_missing,,,,,,,,,,,,6cfa0d1b-d0f6-4a6c-bd0d-5a0c3e586d9b,Tephrosia purpurea,,Tephrosia purpurea,,,,,,,,,,,,uuid:9fd08bb2-7c3f-49f5-8ad8-dd6f45da94da/observations/quadrat_repeat[7],uuid:9fd08bb2-7c3f-49f5-8ad8-dd6f45da94da/observations/quadrat_repeat[7]/additional_species_repeat[2]
1,reuse_unknown,,,,,,c04014bb-ee9b-4db9-a053-9031f44f91a8,herb_017,,,,,,,,herb_017,,,,,,,,,,,,uuid:9fd08bb2-7c3f-49f5-8ad8-dd6f45da94da/observations/quadrat_repeat[8],uuid:9fd08bb2-7c3f-49f5-8ad8-dd6f45da94da/observations/quadrat_repeat[8]/additional_species_repeat[1]
2,reuse_unknown,,,,,,ca871a91-6bf3-405f-a0f2-548575363579,herb_029,,,,,,,,herb_029,,,,,,,,,,,,uuid:9fd08bb2-7c3f-49f5-8ad8-dd6f45da94da/observations/quadrat_repeat[8],uuid:9fd08bb2-7c3f-49f5-8ad8-dd6f45da94da/observations/quadrat_repeat[8]/additional_species_repeat[2]
1,reuse_unknown,,,,,,c04014bb-ee9b-4db9-a053-9031f44f91a8,herb_017,,,,,,,,herb_017,,,,,,,,,,,,uuid:9fd08bb2-7c3f-49f5-8ad8-dd6f45da94da/observations/quadrat_repeat[9],uuid:9fd08bb2-7c3f-49f5-8ad8-dd6f45da94da/observations/quadrat_repeat[9]/additional_species_repeat[1]
2,reuse_missing,,,,,,,,,,,,6cfa0d1b-d0f6-4a6c-bd0d-5a0c3e586d9b,Tephrosia purpurea,,Tephrosia purpurea,,,,,,,,,,,,uuid:9fd08bb2-7c3f-49f5-8ad8-dd6f45da94da/observations/quadrat_repeat[9],uuid:9fd08bb2-7c3f-49f5-8ad8-dd6f45da94da/observations/quadrat_repeat[9]/additional_species_repeat[2]
3,reuse_missing,,,,,,,,,,,,c9c6df41-df82-4bc5-87b7-63b84898087d,Rhynchosia totta,,Rhynchosia totta,,,,,,,,,,,,uuid:9fd08bb2-7c3f-49f5-8ad8-dd6f45da94da/observations/quadrat_repeat[9],uuid:9fd08bb2-7c3f-49f5-8ad8-dd6f45da94da/observations/quadrat_repeat[9]/additional_species_repeat[3]
1,reuse_missing,,,,,,,,,,,,86e48f75-a0d5-4cae-b0c7-f03a025bb150,Evolvulus alsinoides ,,Evolvulus alsinoides ,,,,,,,,,,,,uuid:9fd08bb2-7c3f-49f5-8ad8-dd6f45da94da/observations/quadrat_repeat[10],uuid:9fd08bb2-7c3f-49f5-8ad8-dd6f45da94da/observations/quadrat_repeat[10]/additional_species_repeat[1]
1,reuse_missing,,,,,,,,,,,,c20ca3f8-38b6-47cf-9050-f3fd9cb7a13b,Aristida scabrivalvis,,Aristida scabrivalvis,,,,,,,,,,,,uuid:9fd08bb2-7c3f-49f5-8ad8-dd6f45da94da/observations/quadrat_repeat[11],uuid:9fd08bb2-7c3f-49f5-8ad8-dd6f45da94da/observations/quadrat_repeat[11]/additional_species_repeat[1]
2,reuse_unknown,,,,,,389d329c-62fe-4ded-80f2-3599fb31c5b6,herb_024,,,,,,,,herb_024,,,,,,,,,,,,uuid:9fd08bb2-7c3f-49f5-8ad8-dd6f45da94da/observations/quadrat_repeat[11],uuid:9fd08bb2-7c3f-49f5-8ad8-dd6f45da94da/observations/quadrat_repeat[11]/additional_species_repeat[2]
3,reuse_unknown,,,,,,ca871a91-6bf3-405f-a0f2-548575363579,herb_029,,,,,,,,herb_029,,,,,,,,,,,,uuid:9fd08bb2-7c3f-49f5-8ad8-dd6f45da94da/observations/quadrat_repeat[11],uuid:9fd08bb2-7c3f-49f5-8ad8-dd6f45da94da/observations/quadrat_repeat[11]/additional_species_repeat[3]
1,reuse_unknown,,,,,,c04014bb-ee9b-4db9-a053-9031f44f91a8,herb_017,,,,,,,,herb_017,,,,,,,,,,,,uuid:9fd08bb2-7c3f-49f5-8ad8-dd6f45da94da/observations/quadrat_repeat[12],uuid:9fd08bb2-7c3f-49f5-8ad8-dd6f45da94da/observations/quadrat_repeat[12]/additional_species_repeat[1]
2,reuse_unknown,,,,,,ca871a91-6bf3-405f-a0f2-548575363579,herb_029,,,,,,,,herb_029,,,,,,,,,,,,uuid:9fd08bb2-7c3f-49f5-8ad8-dd6f45da94da/observations/quadrat_repeat[12],uuid:9fd08bb2-7c3f-49f5-8ad8-dd6f45da94da/observations/quadrat_repeat[12]/additional_species_repeat[2]
1,reuse_unknown,,,,,,ca871a91-6bf3-405f-a0f2-548575363579,herb_029,,,,,,,,herb_029,,,,,,,,,,,,uuid:9fd08bb2-7c3f-49f5-8ad8-dd6f45da94da/observations/quadrat_repeat[14],uuid:9fd08bb2-7c3f-49f5-8ad8-dd6f45da94da/observations/quadrat_repeat[14]/additional_species_repeat[1]
1,reuse_missing,,,,,,,,,,,,43214fc0-8a13-4af6-bc50-5b2ff891d955,Oldenladia corymbosa,,Oldenladia corymbosa,,,,,,,,,,,,uuid:9fd08bb2-7c3f-49f5-8ad8-dd6f45da94da/observations/quadrat_repeat[15],uuid:9fd08bb2-7c3f-49f5-8ad8-dd6f45da94da/observations/quadrat_repeat[15]/additional_species_repeat[1]
2,reuse_missing,,,,,,,,,,,,6cfa0d1b-d0f6-4a6c-bd0d-5a0c3e586d9b,Tephrosia purpurea,,Tephrosia purpurea,,,,,,,,,,,,uuid:9fd08bb2-7c3f-49f5-8ad8-dd6f45da94da/observations/quadrat_repeat[15],uuid:9fd08bb2-7c3f-49f5-8ad8-dd6f45da94da/observations/quadrat_repeat[15]/additional_species_repeat[2]
3,reuse_unknown,,,,,,ca871a91-6bf3-405f-a0f2-548575363579,herb_029,,,,,,,,herb_029,,,,,,,,,,,,uuid:9fd08bb2-7c3f-49f5-8ad8-dd6f45da94da/observations/quadrat_repeat[15],uuid:9fd08bb2-7c3f-49f5-8ad8-dd6f45da94da/observations/quadrat_repeat[15]/additional_species_repeat[3]
1,reuse_missing,,,,,,,,,,,,a6e4fe4b-5383-4e74-864f-e66c83c23225,Abitulum ramosum,,Abitulum ramosum,,,,,,,,,,,,uuid:9fd08bb2-7c3f-49f5-8ad8-dd6f45da94da/observations/quadrat_repeat[16],uuid:9fd08bb2-7c3f-49f5-8ad8-dd6f45da94da/observations/quadrat_repeat[16]/additional_species_repeat[1]
2,reuse_unknown,,,,,,c04014bb-ee9b-4db9-a053-9031f44f91a8,herb_017,,,,,,,,herb_017,,,,,,,,,,,,uuid:9fd08bb2-7c3f-49f5-8ad8-dd6f45da94da/observations/quadrat_repeat[16],uuid:9fd08bb2-7c3f-49f5-8ad8-dd6f45da94da/observations/quadrat_repeat[16]/additional_species_repeat[2]
3,reuse_missing,,,,,,,,,,,,d65b61be-9bf8-4e38-be98-c610048d6dd0,herb_084,,herb_084,,,,,,,,,,,,uuid:9fd08bb2-7c3f-49f5-8ad8-dd6f45da94da/observations/quadrat_repeat[16],uuid:9fd08bb2-7c3f-49f5-8ad8-dd6f45da94da/observations/quadrat_repeat[16]/additional_species_repeat[3]
4,reuse_unknown,,,,,,ca871a91-6bf3-405f-a0f2-548575363579,herb_029,,,,,,,,herb_029,,,,,,,,,,,,uuid:9fd08bb2-7c3f-49f5-8ad8-dd6f45da94da/observations/quadrat_repeat[16],uuid:9fd08bb2-7c3f-49f5-8ad8-dd6f45da94da/observations/quadrat_repeat[16]/additional_species_repeat[4]
5,reuse_unknown,,,,,,389d329c-62fe-4ded-80f2-3599fb31c5b6,herb_024,,,,,,,,herb_024,,,,,,,,,,,,uuid:9fd08bb2-7c3f-49f5-8ad8-dd6f45da94da/observations/quadrat_repeat[16],uuid:9fd08bb2-7c3f-49f5-8ad8-dd6f45da94da/observations/quadrat_repeat[16]/additional_species_repeat[5]
1,reuse_unknown,,,,,,93e84b00-0721-4de5-8f3b-398f0ee8c2a4,herb_080,,,,,,,,herb_080,,,,,,,,,,,,uuid:9fd08bb2-7c3f-49f5-8ad8-dd6f45da94da/observations/quadrat_repeat[17],uuid:9fd08bb2-7c3f-49f5-8ad8-dd6f45da94da/observations/quadrat_repeat[17]/additional_species_repeat[1]
2,reuse_unknown,,,,,,ca871a91-6bf3-405f-a0f2-548575363579,herb_029,,,,,,,,herb_029,,,,,,,,,,,,uuid:9fd08bb2-7c3f-49f5-8ad8-dd6f45da94da/observations/quadrat_repeat[17],uuid:9fd08bb2-7c3f-49f5-8ad8-dd6f45da94da/observations/quadrat_repeat[17]/additional_species_repeat[2]
3,reuse_unknown,,,,,,029992eb-bc34-46d0-83ce-adb65fedf6d9,herb_054,,,,,,,,herb_054,,,,,,,,,,,,uuid:9fd08bb2-7c3f-49f5-8ad8-dd6f45da94da/observations/quadrat_repeat[17],uuid:9fd08bb2-7c3f-49f5-8ad8-dd6f45da94da/observations/quadrat_repeat[17]/additional_species_repeat[3]
1,reuse_unknown,,,,,,c04014bb-ee9b-4db9-a053-9031f44f91a8,herb_017,,,,,,,,herb_017,,,,,,,,,,,,uuid:9fd08bb2-7c3f-49f5-8ad8-dd6f45da94da/observations/quadrat_repeat[18],uuid:9fd08bb2-7c3f-49f5-8ad8-dd6f45da94da/observations/quadrat_repeat[18]/additional_species_repeat[1]
2,reuse_missing,,,,,,,,,,,,86e48f75-a0d5-4cae-b0c7-f03a025bb150,Evolvulus alsinoides ,,Evolvulus alsinoides ,,,,,,,,,,,,uuid:9fd08bb2-7c3f-49f5-8ad8-dd6f45da94da/observations/quadrat_repeat[18],uuid:9fd08bb2-7c3f-49f5-8ad8-dd6f45da94da/observations/quadrat_repeat[18]/additional_species_repeat[2]
3,reuse_missing,,,,,,,,,,,,d65b61be-9bf8-4e38-be98-c610048d6dd0,herb_084,,herb_084,,,,,,,,,,,,uuid:9fd08bb2-7c3f-49f5-8ad8-dd6f45da94da/observations/quadrat_repeat[18],uuid:9fd08bb2-7c3f-49f5-8ad8-dd6f45da94da/observations/quadrat_repeat[18]/additional_species_repeat[3]
1,reuse_missing,,,,,,,,,,,,86e48f75-a0d5-4cae-b0c7-f03a025bb150,Evolvulus alsinoides ,,Evolvulus alsinoides ,,,,,,,,,,,,uuid:9fd08bb2-7c3f-49f5-8ad8-dd6f45da94da/observations/quadrat_repeat[19],uuid:9fd08bb2-7c3f-49f5-8ad8-dd6f45da94da/observations/quadrat_repeat[19]/additional_species_repeat[1]
2,reuse_unknown,,,,,,c04014bb-ee9b-4db9-a053-9031f44f91a8,herb_017,,,,,,,,herb_017,,,,,,,,,,,,uuid:9fd08bb2-7c3f-49f5-8ad8-dd6f45da94da/observations/quadrat_repeat[19],uuid:9fd08bb2-7c3f-49f5-8ad8-dd6f45da94da/observations/quadrat_repeat[19]/additional_species_repeat[2]
3,reuse_unknown,,,,,,93e84b00-0721-4de5-8f3b-398f0ee8c2a4,herb_080,,,,,,,,herb_080,,,,,,,,,,,,uuid:9fd08bb2-7c3f-49f5-8ad8-dd6f45da94da/observations/quadrat_repeat[19],uuid:9fd08bb2-7c3f-49f5-8ad8-dd6f45da94da/observations/quadrat_repeat[19]/additional_species_repeat[3]
4,reuse_missing,,,,,,,,,,,,6cfa0d1b-d0f6-4a6c-bd0d-5a0c3e586d9b,Tephrosia purpurea,,Tephrosia purpurea,,,,,,,,,,,,uuid:9fd08bb2-7c3f-49f5-8ad8-dd6f45da94da/observations/quadrat_repeat[19],uuid:9fd08bb2-7c3f-49f5-8ad8-dd6f45da94da/observations/quadrat_repeat[19]/additional_species_repeat[4]
1,reuse_missing,,,,,,,,,,,,6cfa0d1b-d0f6-4a6c-bd0d-5a0c3e586d9b,Tephrosia purpurea,,Tephrosia purpurea,,,,,,,,,,,,uuid:9fd08bb2-7c3f-49f5-8ad8-dd6f45da94da/observations/quadrat_repeat[20],uuid:9fd08bb2-7c3f-49f5-8ad8-dd6f45da94da/observations/quadrat_repeat[20]/additional_species_repeat[1]
2,reuse_missing,,,,,,,,,,,,86e48f75-a0d5-4cae-b0c7-f03a025bb150,Evolvulus alsinoides ,,Evolvulus alsinoides ,,,,,,,,,,,,uuid:9fd08bb2-7c3f-49f5-8ad8-dd6f45da94da/observations/quadrat_repeat[20],uuid:9fd08bb2-7c3f-49f5-8ad8-dd6f45da94da/observations/quadrat_repeat[20]/additional_species_repeat[2]
3,reuse_unknown,,,,,,c04014bb-ee9b-4db9-a053-9031f44f91a8,herb_017,,,,,,,,herb_017,,,,,,,,,,,,uuid:9fd08bb2-7c3f-49f5-8ad8-dd6f45da94da/observations/quadrat_repeat[20],uuid:9fd08bb2-7c3f-49f5-8ad8-dd6f45da94da/observations/quadrat_repeat[20]/additional_species_repeat[3]
1,reuse_missing,,,,,,,,,,,,c9c6df41-df82-4bc5-87b7-63b84898087d,Rhynchosia totta,,Rhynchosia totta,,,,,,,,,,,,uuid:ebe93f04-c927-4af3-9668-21b6540c01ea/observations/quadrat_repeat[1],uuid:ebe93f04-c927-4af3-9668-21b6540c01ea/observations/quadrat_repeat[1]/additional_species_repeat[1]
2,reuse_missing,,,,,,,,,,,,c20ca3f8-38b6-47cf-9050-f3fd9cb7a13b,Aristida scabrivalvis,,Aristida scabrivalvis,,,,,,,,,,,,uuid:ebe93f04-c927-4af3-9668-21b6540c01ea/observations/quadrat_repeat[1],uuid:ebe93f04-c927-4af3-9668-21b6540c01ea/observations/quadrat_repeat[1]/additional_species_repeat[2]
3,reuse_missing,,,,,,,,,,,,eacca28e-4664-4710-96b9-29a1ef6294ab,Pogonarthria fleckii,,Pogonarthria fleckii,,,,,,,,,,,,uuid:ebe93f04-c927-4af3-9668-21b6540c01ea/observations/quadrat_repeat[1],uuid:ebe93f04-c927-4af3-9668-21b6540c01ea/observations/quadrat_repeat[1]/additional_species_repeat[3]
1,reuse_unknown,,,,,,1c7e36b1-3abf-447f-bf83-377eddf82870,herb_010,,,,,,,,herb_010,,,,,,,,,,,,uuid:ebe93f04-c927-4af3-9668-21b6540c01ea/observations/quadrat_repeat[2],uuid:ebe93f04-c927-4af3-9668-21b6540c01ea/observations/quadrat_repeat[2]/additional_species_repeat[1]
2,reuse_unknown,,,,,,b8f1628d-3e21-4bc0-9505-2462b1f2cb32,herb_038,,,,,,,,herb_038,,,,,,,,,,,,uuid:ebe93f04-c927-4af3-9668-21b6540c01ea/observations/quadrat_repeat[2],uuid:ebe93f04-c927-4af3-9668-21b6540c01ea/observations/quadrat_repeat[2]/additional_species_repeat[2]
3,reuse_missing,,,,,,,,,,,,8c8d1146-7b63-440d-9262-4d0c6c3ef1fa,Macrotalyma daltonii,,Macrotalyma daltonii,,,,,,,,,,,,uuid:ebe93f04-c927-4af3-9668-21b6540c01ea/observations/quadrat_repeat[2],uuid:ebe93f04-c927-4af3-9668-21b6540c01ea/observations/quadrat_repeat[2]/additional_species_repeat[3]
4,reuse_missing,,,,,,,,,,,,ff9a2bfe-cd4c-4f3e-98ce-e1870b995691,Aristida scabrivalvis,,Aristida scabrivalvis,,,,,,,,,,,,uuid:ebe93f04-c927-4af3-9668-21b6540c01ea/observations/quadrat_repeat[2],uuid:ebe93f04-c927-4af3-9668-21b6540c01ea/observations/quadrat_repeat[2]/additional_species_repeat[4]
1,reuse_unknown,,,,,,1c7e36b1-3abf-447f-bf83-377eddf82870,herb_010,,,,,,,,herb_010,,,,,,,,,,,,uuid:ebe93f04-c927-4af3-9668-21b6540c01ea/observations/quadrat_repeat[3],uuid:ebe93f04-c927-4af3-9668-21b6540c01ea/observations/quadrat_repeat[3]/additional_species_repeat[1]
2,reuse_missing,,,,,,,,,,,,c20ca3f8-38b6-47cf-9050-f3fd9cb7a13b,Aristida scabrivalvis,,Aristida scabrivalvis,,,,,,,,,,,,uuid:ebe93f04-c927-4af3-9668-21b6540c01ea/observations/quadrat_repeat[3],uuid:ebe93f04-c927-4af3-9668-21b6540c01ea/observations/quadrat_repeat[3]/additional_species_repeat[2]
1,reuse_unknown,,,,,,1c7e36b1-3abf-447f-bf83-377eddf82870,herb_010,,,,,,,,herb_010,,,,,,,,,,,,uuid:ebe93f04-c927-4af3-9668-21b6540c01ea/observations/quadrat_repeat[4],uuid:ebe93f04-c927-4af3-9668-21b6540c01ea/observations/quadrat_repeat[4]/additional_species_repeat[1]
1,reuse_missing,,,,,,,,,,,,c20ca3f8-38b6-47cf-9050-f3fd9cb7a13b,Aristida scabrivalvis,,Aristida scabrivalvis,,,,,,,,,,,,uuid:ebe93f04-c927-4af3-9668-21b6540c01ea/observations/quadrat_repeat[5],uuid:ebe93f04-c927-4af3-9668-21b6540c01ea/observations/quadrat_repeat[5]/additional_species_repeat[1]
2,reuse_unknown,,,,,,1c7e36b1-3abf-447f-bf83-377eddf82870,herb_010,,,,,,,,herb_010,,,,,,,,,,,,uuid:ebe93f04-c927-4af3-9668-21b6540c01ea/observations/quadrat_repeat[5],uuid:ebe93f04-c927-4af3-9668-21b6540c01ea/observations/quadrat_repeat[5]/additional_species_repeat[2]
1,reuse_missing,,,,,,,,,,,,c20ca3f8-38b6-47cf-9050-f3fd9cb7a13b,Aristida scabrivalvis,,Aristida scabrivalvis,,,,,,,,,,,,uuid:ebe93f04-c927-4af3-9668-21b6540c01ea/observations/quadrat_repeat[6],uuid:ebe93f04-c927-4af3-9668-21b6540c01ea/observations/quadrat_repeat[6]/additional_species_repeat[1]
2,reuse_missing,,,,,,,,,,,,c9c6df41-df82-4bc5-87b7-63b84898087d,Rhynchosia totta,,Rhynchosia totta,,,,,,,,,,,,uuid:ebe93f04-c927-4af3-9668-21b6540c01ea/observations/quadrat_repeat[6],uuid:ebe93f04-c927-4af3-9668-21b6540c01ea/observations/quadrat_repeat[6]/additional_species_repeat[2]
3,reuse_unknown,,,,,,1c7e36b1-3abf-447f-bf83-377eddf82870,herb_010,,,,,,,,herb_010,,,,,,,,,,,,uuid:ebe93f04-c927-4af3-9668-21b6540c01ea/observations/quadrat_repeat[6],uuid:ebe93f04-c927-4af3-9668-21b6540c01ea/observations/quadrat_repeat[6]/additional_species_repeat[3]
1,reuse_missing,,,,,,,,,,,,c9c6df41-df82-4bc5-87b7-63b84898087d,Rhynchosia totta,,Rhynchosia totta,,,,,,,,,,,,uuid:ebe93f04-c927-4af3-9668-21b6540c01ea/observations/quadrat_repeat[7],uuid:ebe93f04-c927-4af3-9668-21b6540c01ea/observations/quadrat_repeat[7]/additional_species_repeat[1]
2,reuse_unknown,,,,,,1c7e36b1-3abf-447f-bf83-377eddf82870,herb_010,,,,,,,,herb_010,,,,,,,,,,,,uuid:ebe93f04-c927-4af3-9668-21b6540c01ea/observations/quadrat_repeat[7],uuid:ebe93f04-c927-4af3-9668-21b6540c01ea/observations/quadrat_repeat[7]/additional_species_repeat[2]
3,reuse_unknown,,,,,,b8f1628d-3e21-4bc0-9505-2462b1f2cb32,herb_038,,,,,,,,herb_038,,,,,,,,,,,,uuid:ebe93f04-c927-4af3-9668-21b6540c01ea/observations/quadrat_repeat[7],uuid:ebe93f04-c927-4af3-9668-21b6540c01ea/observations/quadrat_repeat[7]/additional_species_repeat[3]
1,reuse_unknown,,,,,,1c7e36b1-3abf-447f-bf83-377eddf82870,herb_010,,,,,,,,herb_010,,,,,,,,,,,,uuid:ebe93f04-c927-4af3-9668-21b6540c01ea/observations/quadrat_repeat[8],uuid:ebe93f04-c927-4af3-9668-21b6540c01ea/observations/quadrat_repeat[8]/additional_species_repeat[1]
2,reuse_missing,,,,,,,,,,,,c9c6df41-df82-4bc5-87b7-63b84898087d,Rhynchosia totta,,Rhynchosia totta,,,,,,,,,,,,uuid:ebe93f04-c927-4af3-9668-21b6540c01ea/observations/quadrat_repeat[8],uuid:ebe93f04-c927-4af3-9668-21b6540c01ea/observations/quadrat_repeat[8]/additional_species_repeat[2]
1,reuse_missing,,,,,,,,,,,,c20ca3f8-38b6-47cf-9050-f3fd9cb7a13b,Aristida scabrivalvis,,Aristida scabrivalvis,,,,,,,,,,,,uuid:ebe93f04-c927-4af3-9668-21b6540c01ea/observations/quadrat_repeat[9],uuid:ebe93f04-c927-4af3-9668-21b6540c01ea/observations/quadrat_repeat[9]/additional_species_repeat[1]
2,reuse_unknown,,,,,,1c7e36b1-3abf-447f-bf83-377eddf82870,herb_010,,,,,,,,herb_010,,,,,,,,,,,,uuid:ebe93f04-c927-4af3-9668-21b6540c01ea/observations/quadrat_repeat[9],uuid:ebe93f04-c927-4af3-9668-21b6540c01ea/observations/quadrat_repeat[9]/additional_species_repeat[2]
3,reuse_unknown,,,,,,6b4d87ce-546c-471a-b9a1-04721386337f,herb_011,,,,,,,,herb_011,,,,,,,,,,,,uuid:ebe93f04-c927-4af3-9668-21b6540c01ea/observations/quadrat_repeat[9],uuid:ebe93f04-c927-4af3-9668-21b6540c01ea/observations/quadrat_repeat[9]/additional_species_repeat[3]
1,reuse_missing,,,,,,,,,,,,eacca28e-4664-4710-96b9-29a1ef6294ab,Pogonarthria fleckii,,Pogonarthria fleckii,,,,,,,,,,,,uuid:ebe93f04-c927-4af3-9668-21b6540c01ea/observations/quadrat_repeat[10],uuid:ebe93f04-c927-4af3-9668-21b6540c01ea/observations/quadrat_repeat[10]/additional_species_repeat[1]
2,reuse_missing,,,,,,,,,,,,c9c6df41-df82-4bc5-87b7-63b84898087d,Rhynchosia totta,,Rhynchosia totta,,,,,,,,,,,,uuid:ebe93f04-c927-4af3-9668-21b6540c01ea/observations/quadrat_repeat[10],uuid:ebe93f04-c927-4af3-9668-21b6540c01ea/observations/quadrat_repeat[10]/additional_species_repeat[2]
3,reuse_missing,,,,,,,,,,,,8c8d1146-7b63-440d-9262-4d0c6c3ef1fa,Macrotalyma daltonii,,Macrotalyma daltonii,,,,,,,,,,,,uuid:ebe93f04-c927-4af3-9668-21b6540c01ea/observations/quadrat_repeat[10],uuid:ebe93f04-c927-4af3-9668-21b6540c01ea/observations/quadrat_repeat[10]/additional_species_repeat[3]
4,reuse_unknown,,,,,,1c7e36b1-3abf-447f-bf83-377eddf82870,herb_010,,,,,,,,herb_010,,,,,,,,,,,,uuid:ebe93f04-c927-4af3-9668-21b6540c01ea/observations/quadrat_repeat[10],uuid:ebe93f04-c927-4af3-9668-21b6540c01ea/observations/quadrat_repeat[10]/additional_species_repeat[4]
5,reuse_unknown,,,,,,b8f1628d-3e21-4bc0-9505-2462b1f2cb32,herb_038,,,,,,,,herb_038,,,,,,,,,,,,uuid:ebe93f04-c927-4af3-9668-21b6540c01ea/observations/quadrat_repeat[10],uuid:ebe93f04-c927-4af3-9668-21b6540c01ea/observations/quadrat_repeat[10]/additional_species_repeat[5]
1,reuse_unknown,,,,,,1c7e36b1-3abf-447f-bf83-377eddf82870,herb_010,,,,,,,,herb_010,,,,,,,,,,,,uuid:ebe93f04-c927-4af3-9668-21b6540c01ea/observations/quadrat_repeat[11],uuid:ebe93f04-c927-4af3-9668-21b6540c01ea/observations/quadrat_repeat[11]/additional_species_repeat[1]
2,reuse_unknown,,,,,,6b4d87ce-546c-471a-b9a1-04721386337f,herb_011,,,,,,,,herb_011,,,,,,,,,,,,uuid:ebe93f04-c927-4af3-9668-21b6540c01ea/observations/quadrat_repeat[11],uuid:ebe93f04-c927-4af3-9668-21b6540c01ea/observations/quadrat_repeat[11]/additional_species_repeat[2]
1,reuse_unknown,,,,,,1c7e36b1-3abf-447f-bf83-377eddf82870,herb_010,,,,,,,,herb_010,,,,,,,,,,,,uuid:ebe93f04-c927-4af3-9668-21b6540c01ea/observations/quadrat_repeat[12],uuid:ebe93f04-c927-4af3-9668-21b6540c01ea/observations/quadrat_repeat[12]/additional_species_repeat[1]
1,reuse_missing,,,,,,,,,,,,c20ca3f8-38b6-47cf-9050-f3fd9cb7a13b,Aristida scabrivalvis,,Aristida scabrivalvis,,,,,,,,,,,,uuid:ebe93f04-c927-4af3-9668-21b6540c01ea/observations/quadrat_repeat[13],uuid:ebe93f04-c927-4af3-9668-21b6540c01ea/observations/quadrat_repeat[13]/additional_species_repeat[1]
2,reuse_unknown,,,,,,861c0749-4626-47d9-aa35-25d7cbdec26a,herb_009,,,,,,,,herb_009,,,,,,,,,,,,uuid:ebe93f04-c927-4af3-9668-21b6540c01ea/observations/quadrat_repeat[13],uuid:ebe93f04-c927-4af3-9668-21b6540c01ea/observations/quadrat_repeat[13]/additional_species_repeat[2]
3,reuse_unknown,,,,,,b8f1628d-3e21-4bc0-9505-2462b1f2cb32,herb_038,,,,,,,,herb_038,,,,,,,,,,,,uuid:ebe93f04-c927-4af3-9668-21b6540c01ea/observations/quadrat_repeat[13],uuid:ebe93f04-c927-4af3-9668-21b6540c01ea/observations/quadrat_repeat[13]/additional_species_repeat[3]
1,reuse_unknown,,,,,,1c7e36b1-3abf-447f-bf83-377eddf82870,herb_010,,,,,,,,herb_010,,,,,,,,,,,,uuid:ebe93f04-c927-4af3-9668-21b6540c01ea/observations/quadrat_repeat[14],uuid:ebe93f04-c927-4af3-9668-21b6540c01ea/observations/quadrat_repeat[14]/additional_species_repeat[1]
2,reuse_unknown,,,,,,b8f1628d-3e21-4bc0-9505-2462b1f2cb32,herb_038,,,,,,,,herb_038,,,,,,,,,,,,uuid:ebe93f04-c927-4af3-9668-21b6540c01ea/observations/quadrat_repeat[14],uuid:ebe93f04-c927-4af3-9668-21b6540c01ea/observations/quadrat_repeat[14]/additional_species_repeat[2]
3,reuse_missing,,,,,,,,,,,,c9c6df41-df82-4bc5-87b7-63b84898087d,Rhynchosia totta,,Rhynchosia totta,,,,,,,,,,,,uuid:ebe93f04-c927-4af3-9668-21b6540c01ea/observations/quadrat_repeat[14],uuid:ebe93f04-c927-4af3-9668-21b6540c01ea/observations/quadrat_repeat[14]/additional_species_repeat[3]
1,reuse_unknown,,,,,,861c0749-4626-47d9-aa35-25d7cbdec26a,herb_009,,,,,,,,herb_009,,,,,,,,,,,,uuid:ebe93f04-c927-4af3-9668-21b6540c01ea/observations/quadrat_repeat[15],uuid:ebe93f04-c927-4af3-9668-21b6540c01ea/observations/quadrat_repeat[15]/additional_species_repeat[1]
2,reuse_unknown,,,,,,1c7e36b1-3abf-447f-bf83-377eddf82870,herb_010,,,,,,,,herb_010,,,,,,,,,,,,uuid:ebe93f04-c927-4af3-9668-21b6540c01ea/observations/quadrat_repeat[15],uuid:ebe93f04-c927-4af3-9668-21b6540c01ea/observations/quadrat_repeat[15]/additional_species_repeat[2]
3,reuse_unknown,,,,,,b8f1628d-3e21-4bc0-9505-2462b1f2cb32,herb_038,,,,,,,,herb_038,,,,,,,,,,,,uuid:ebe93f04-c927-4af3-9668-21b6540c01ea/observations/quadrat_repeat[15],uuid:ebe93f04-c927-4af3-9668-21b6540c01ea/observations/quadrat_repeat[15]/additional_species_repeat[3]
4,reuse_missing,,,,,,,,,,,,c9c6df41-df82-4bc5-87b7-63b84898087d,Rhynchosia totta,,Rhynchosia totta,,,,,,,,,,,,uuid:ebe93f04-c927-4af3-9668-21b6540c01ea/observations/quadrat_repeat[15],uuid:ebe93f04-c927-4af3-9668-21b6540c01ea/observations/quadrat_repeat[15]/additional_species_repeat[4]
1,reuse_unknown,,,,,,1c7e36b1-3abf-447f-bf83-377eddf82870,herb_010,,,,,,,,herb_010,,,,,,,,,,,,uuid:ebe93f04-c927-4af3-9668-21b6540c01ea/observations/quadrat_repeat[16],uuid:ebe93f04-c927-4af3-9668-21b6540c01ea/observations/quadrat_repeat[16]/additional_species_repeat[1]
2,reuse_missing,,,,,,,,,,,,c20ca3f8-38b6-47cf-9050-f3fd9cb7a13b,Aristida scabrivalvis,,Aristida scabrivalvis,,,,,,,,,,,,uuid:ebe93f04-c927-4af3-9668-21b6540c01ea/observations/quadrat_repeat[16],uuid:ebe93f04-c927-4af3-9668-21b6540c01ea/observations/quadrat_repeat[16]/additional_species_repeat[2]
1,reuse_unknown,,,,,,1c7e36b1-3abf-447f-bf83-377eddf82870,herb_010,,,,,,,,herb_010,,,,,,,,,,,,uuid:ebe93f04-c927-4af3-9668-21b6540c01ea/observations/quadrat_repeat[17],uuid:ebe93f04-c927-4af3-9668-21b6540c01ea/observations/quadrat_repeat[17]/additional_species_repeat[1]
2,reuse_unknown,,,,,,b8f1628d-3e21-4bc0-9505-2462b1f2cb32,herb_038,,,,,,,,herb_038,,,,,,,,,,,,uuid:ebe93f04-c927-4af3-9668-21b6540c01ea/observations/quadrat_repeat[17],uuid:ebe93f04-c927-4af3-9668-21b6540c01ea/observations/quadrat_repeat[17]/additional_species_repeat[2]
3,reuse_missing,,,,,,,,,,,,8c8d1146-7b63-440d-9262-4d0c6c3ef1fa,Macrotalyma daltonii,,Macrotalyma daltonii,,,,,,,,,,,,uuid:ebe93f04-c927-4af3-9668-21b6540c01ea/observations/quadrat_repeat[17],uuid:ebe93f04-c927-4af3-9668-21b6540c01ea/observations/quadrat_repeat[17]/additional_species_repeat[3]
1,reuse_unknown,,,,,,1c7e36b1-3abf-447f-bf83-377eddf82870,herb_010,,,,,,,,herb_010,,,,,,,,,,,,uuid:ebe93f04-c927-4af3-9668-21b6540c01ea/observations/quadrat_repeat[18],uuid:ebe93f04-c927-4af3-9668-21b6540c01ea/observations/quadrat_repeat[18]/additional_species_repeat[1]
2,reuse_unknown,,,,,,b8f1628d-3e21-4bc0-9505-2462b1f2cb32,herb_038,,,,,,,,herb_038,,,,,,,,,,,,uuid:ebe93f04-c927-4af3-9668-21b6540c01ea/observations/quadrat_repeat[18],uuid:ebe93f04-c927-4af3-9668-21b6540c01ea/observations/quadrat_repeat[18]/additional_species_repeat[2]
3,reuse_missing,,,,,,,,,,,,8c8d1146-7b63-440d-9262-4d0c6c3ef1fa,Macrotalyma daltonii,,Macrotalyma daltonii,,,,,,,,,,,,uuid:ebe93f04-c927-4af3-9668-21b6540c01ea/observations/quadrat_repeat[18],uuid:ebe93f04-c927-4af3-9668-21b6540c01ea/observations/quadrat_repeat[18]/additional_species_repeat[3]
1,reuse_unknown,,,,,,1c7e36b1-3abf-447f-bf83-377eddf82870,herb_010,,,,,,,,herb_010,,,,,,,,,,,,uuid:ebe93f04-c927-4af3-9668-21b6540c01ea/observations/quadrat_repeat[19],uuid:ebe93f04-c927-4af3-9668-21b6540c01ea/observations/quadrat_repeat[19]/additional_species_repeat[1]
2,reuse_missing,,,,,,,,,,,,c20ca3f8-38b6-47cf-9050-f3fd9cb7a13b,Aristida scabrivalvis,,Aristida scabrivalvis,,,,,,,,,,,,uuid:ebe93f04-c927-4af3-9668-21b6540c01ea/observations/quadrat_repeat[19],uuid:ebe93f04-c927-4af3-9668-21b6540c01ea/observations/quadrat_repeat[19]/additional_species_repeat[2]
1,reuse_missing,,,,,,,,,,,,c9c6df41-df82-4bc5-87b7-63b84898087d,Rhynchosia totta,,Rhynchosia totta,,,,,,,,,,,,uuid:ebe93f04-c927-4af3-9668-21b6540c01ea/observations/quadrat_repeat[20],uuid:ebe93f04-c927-4af3-9668-21b6540c01ea/observations/quadrat_repeat[20]/additional_species_repeat[1]
2,reuse_missing,,,,,,,,,,,,c20ca3f8-38b6-47cf-9050-f3fd9cb7a13b,Aristida scabrivalvis,,Aristida scabrivalvis,,,,,,,,,,,,uuid:ebe93f04-c927-4af3-9668-21b6540c01ea/observations/quadrat_repeat[20],uuid:ebe93f04-c927-4af3-9668-21b6540c01ea/observations/quadrat_repeat[20]/additional_species_repeat[2]
1,reuse_unknown,,,,,,1c7e36b1-3abf-447f-bf83-377eddf82870,herb_010,,,,,,,,herb_010,,,,,,,,,,,,uuid:b940a5e4-f4ed-4120-ba4e-70f858b86dfd/observations/quadrat_repeat[1],uuid:b940a5e4-f4ed-4120-ba4e-70f858b86dfd/observations/quadrat_repeat[1]/additional_species_repeat[1]
2,reuse_unknown,,,,,,c04014bb-ee9b-4db9-a053-9031f44f91a8,herb_017,,,,,,,,herb_017,,,,,,,,,,,,uuid:b940a5e4-f4ed-4120-ba4e-70f858b86dfd/observations/quadrat_repeat[1],uuid:b940a5e4-f4ed-4120-ba4e-70f858b86dfd/observations/quadrat_repeat[1]/additional_species_repeat[2]
1,reuse_unknown,,,,,,1c7e36b1-3abf-447f-bf83-377eddf82870,herb_010,,,,,,,,herb_010,,,,,,,,,,,,uuid:b940a5e4-f4ed-4120-ba4e-70f858b86dfd/observations/quadrat_repeat[2],uuid:b940a5e4-f4ed-4120-ba4e-70f858b86dfd/observations/quadrat_repeat[2]/additional_species_repeat[1]
2,reuse_unknown,,,,,,795b0715-6af6-4249-914c-0d4ec9f55692,herb_016,,,,,,,,herb_016,,,,,,,,,,,,uuid:b940a5e4-f4ed-4120-ba4e-70f858b86dfd/observations/quadrat_repeat[2],uuid:b940a5e4-f4ed-4120-ba4e-70f858b86dfd/observations/quadrat_repeat[2]/additional_species_repeat[2]
3,reuse_missing,,,,,,,,,,,,895bce64-ba76-494b-9f25-aef306fddca0,Xenostegia tridentata,,Xenostegia tridentata,,,,,,,,,,,,uuid:b940a5e4-f4ed-4120-ba4e-70f858b86dfd/observations/quadrat_repeat[2],uuid:b940a5e4-f4ed-4120-ba4e-70f858b86dfd/observations/quadrat_repeat[2]/additional_species_repeat[3]
4,reuse_unknown,,,,,,ca871a91-6bf3-405f-a0f2-548575363579,herb_029,,,,,,,,herb_029,,,,,,,,,,,,uuid:b940a5e4-f4ed-4120-ba4e-70f858b86dfd/observations/quadrat_repeat[2],uuid:b940a5e4-f4ed-4120-ba4e-70f858b86dfd/observations/quadrat_repeat[2]/additional_species_repeat[4]
1,reuse_unknown,,,,,,1c7e36b1-3abf-447f-bf83-377eddf82870,herb_010,,,,,,,,herb_010,,,,,,,,,,,,uuid:b940a5e4-f4ed-4120-ba4e-70f858b86dfd/observations/quadrat_repeat[3],uuid:b940a5e4-f4ed-4120-ba4e-70f858b86dfd/observations/quadrat_repeat[3]/additional_species_repeat[1]
2,reuse_missing,,,,,,,,,,,,43214fc0-8a13-4af6-bc50-5b2ff891d955,Oldenladia corymbosa,,Oldenladia corymbosa,,,,,,,,,,,,uuid:b940a5e4-f4ed-4120-ba4e-70f858b86dfd/observations/quadrat_repeat[3],uuid:b940a5e4-f4ed-4120-ba4e-70f858b86dfd/observations/quadrat_repeat[3]/additional_species_repeat[2]
1,reuse_unknown,,,,,,1c7e36b1-3abf-447f-bf83-377eddf82870,herb_010,,,,,,,,herb_010,,,,,,,,,,,,uuid:b940a5e4-f4ed-4120-ba4e-70f858b86dfd/observations/quadrat_repeat[4],uuid:b940a5e4-f4ed-4120-ba4e-70f858b86dfd/observations/quadrat_repeat[4]/additional_species_repeat[1]
2,reuse_missing,,,,,,,,,,,,6cfa0d1b-d0f6-4a6c-bd0d-5a0c3e586d9b,Tephrosia purpurea,,Tephrosia purpurea,,,,,,,,,,,,uuid:b940a5e4-f4ed-4120-ba4e-70f858b86dfd/observations/quadrat_repeat[4],uuid:b940a5e4-f4ed-4120-ba4e-70f858b86dfd/observations/quadrat_repeat[4]/additional_species_repeat[2]
3,reuse_missing,,,,,,,,,,,,895bce64-ba76-494b-9f25-aef306fddca0,Xenostegia tridentata,,Xenostegia tridentata,,,,,,,,,,,,uuid:b940a5e4-f4ed-4120-ba4e-70f858b86dfd/observations/quadrat_repeat[4],uuid:b940a5e4-f4ed-4120-ba4e-70f858b86dfd/observations/quadrat_repeat[4]/additional_species_repeat[3]
4,reuse_unknown,,,,,,fee329ca-e301-4c77-9fe8-dda15a1ef3cc,herb_002,,,,,,,,herb_002,,,,,,,,,,,,uuid:b940a5e4-f4ed-4120-ba4e-70f858b86dfd/observations/quadrat_repeat[4],uuid:b940a5e4-f4ed-4120-ba4e-70f858b86dfd/observations/quadrat_repeat[4]/additional_species_repeat[4]
1,reuse_unknown,,,,,,1c7e36b1-3abf-447f-bf83-377eddf82870,herb_010,,,,,,,,herb_010,,,,,,,,,,,,uuid:b940a5e4-f4ed-4120-ba4e-70f858b86dfd/observations/quadrat_repeat[5],uuid:b940a5e4-f4ed-4120-ba4e-70f858b86dfd/observations/quadrat_repeat[5]/additional_species_repeat[1]
1,reuse_unknown,,,,,,1c7e36b1-3abf-447f-bf83-377eddf82870,herb_010,,,,,,,,herb_010,,,,,,,,,,,,uuid:b940a5e4-f4ed-4120-ba4e-70f858b86dfd/observations/quadrat_repeat[6],uuid:b940a5e4-f4ed-4120-ba4e-70f858b86dfd/observations/quadrat_repeat[6]/additional_species_repeat[1]
1,reuse_unknown,,,,,,1c7e36b1-3abf-447f-bf83-377eddf82870,herb_010,,,,,,,,herb_010,,,,,,,,,,,,uuid:b940a5e4-f4ed-4120-ba4e-70f858b86dfd/observations/quadrat_repeat[7],uuid:b940a5e4-f4ed-4120-ba4e-70f858b86dfd/observations/quadrat_repeat[7]/additional_species_repeat[1]
2,reuse_unknown,,,,,,c04014bb-ee9b-4db9-a053-9031f44f91a8,herb_017,,,,,,,,herb_017,,,,,,,,,,,,uuid:b940a5e4-f4ed-4120-ba4e-70f858b86dfd/observations/quadrat_repeat[7],uuid:b940a5e4-f4ed-4120-ba4e-70f858b86dfd/observations/quadrat_repeat[7]/additional_species_repeat[2]
1,reuse_missing,,,,,,,,,,,,6cfa0d1b-d0f6-4a6c-bd0d-5a0c3e586d9b,Tephrosia purpurea,,Tephrosia purpurea,,,,,,,,,,,,uuid:b940a5e4-f4ed-4120-ba4e-70f858b86dfd/observations/quadrat_repeat[8],uuid:b940a5e4-f4ed-4120-ba4e-70f858b86dfd/observations/quadrat_repeat[8]/additional_species_repeat[1]
2,reuse_unknown,,,,,,1c7e36b1-3abf-447f-bf83-377eddf82870,herb_010,,,,,,,,herb_010,,,,,,,,,,,,uuid:b940a5e4-f4ed-4120-ba4e-70f858b86dfd/observations/quadrat_repeat[8],uuid:b940a5e4-f4ed-4120-ba4e-70f858b86dfd/observations/quadrat_repeat[8]/additional_species_repeat[2]
3,reuse_missing,,,,,,,,,,,,c1518780-2f6d-47a8-8c15-b2c6e281b0e4,Setaria pumila,,Setaria pumila,,,,,,,,,,,,uuid:b940a5e4-f4ed-4120-ba4e-70f858b86dfd/observations/quadrat_repeat[8],uuid:b940a5e4-f4ed-4120-ba4e-70f858b86dfd/observations/quadrat_repeat[8]/additional_species_repeat[3]
4,reuse_unknown,,,,,,a4d50a1b-ce08-476f-aede-c9b5c724ffc6,herb_014,,,,,,,,herb_014,,,,,,,,,,,,uuid:b940a5e4-f4ed-4120-ba4e-70f858b86dfd/observations/quadrat_repeat[8],uuid:b940a5e4-f4ed-4120-ba4e-70f858b86dfd/observations/quadrat_repeat[8]/additional_species_repeat[4]
5,reuse_missing,,,,,,,,,,,,c314b961-ed35-4db8-9744-976abac154c8,Jacquemontia tannifolia,,Jacquemontia tannifolia,,,,,,,,,,,,uuid:b940a5e4-f4ed-4120-ba4e-70f858b86dfd/observations/quadrat_repeat[8],uuid:b940a5e4-f4ed-4120-ba4e-70f858b86dfd/observations/quadrat_repeat[8]/additional_species_repeat[5]
1,reuse_unknown,,,,,,1c7e36b1-3abf-447f-bf83-377eddf82870,herb_010,,,,,,,,herb_010,,,,,,,,,,,,uuid:b940a5e4-f4ed-4120-ba4e-70f858b86dfd/observations/quadrat_repeat[9],uuid:b940a5e4-f4ed-4120-ba4e-70f858b86dfd/observations/quadrat_repeat[9]/additional_species_repeat[1]
2,reuse_unknown,,,,,,c04014bb-ee9b-4db9-a053-9031f44f91a8,herb_017,,,,,,,,herb_017,,,,,,,,,,,,uuid:b940a5e4-f4ed-4120-ba4e-70f858b86dfd/observations/quadrat_repeat[9],uuid:b940a5e4-f4ed-4120-ba4e-70f858b86dfd/observations/quadrat_repeat[9]/additional_species_repeat[2]
3,reuse_unknown,,,,,,a4d50a1b-ce08-476f-aede-c9b5c724ffc6,herb_014,,,,,,,,herb_014,,,,,,,,,,,,uuid:b940a5e4-f4ed-4120-ba4e-70f858b86dfd/observations/quadrat_repeat[9],uuid:b940a5e4-f4ed-4120-ba4e-70f858b86dfd/observations/quadrat_repeat[9]/additional_species_repeat[3]
4,reuse_missing,,,,,,,,,,,,895bce64-ba76-494b-9f25-aef306fddca0,Xenostegia tridentata,,Xenostegia tridentata,,,,,,,,,,,,uuid:b940a5e4-f4ed-4120-ba4e-70f858b86dfd/observations/quadrat_repeat[9],uuid:b940a5e4-f4ed-4120-ba4e-70f858b86dfd/observations/quadrat_repeat[9]/additional_species_repeat[4]
1,reuse_unknown,,,,,,1c7e36b1-3abf-447f-bf83-377eddf82870,herb_010,,,,,,,,herb_010,,,,,,,,,,,,uuid:b940a5e4-f4ed-4120-ba4e-70f858b86dfd/observations/quadrat_repeat[10],uuid:b940a5e4-f4ed-4120-ba4e-70f858b86dfd/observations/quadrat_repeat[10]/additional_species_repeat[1]
2,reuse_unknown,,,,,,c04014bb-ee9b-4db9-a053-9031f44f91a8,herb_017,,,,,,,,herb_017,,,,,,,,,,,,uuid:b940a5e4-f4ed-4120-ba4e-70f858b86dfd/observations/quadrat_repeat[10],uuid:b940a5e4-f4ed-4120-ba4e-70f858b86dfd/observations/quadrat_repeat[10]/additional_species_repeat[2]
1,reuse_unknown,,,,,,1c7e36b1-3abf-447f-bf83-377eddf82870,herb_010,,,,,,,,herb_010,,,,,,,,,,,,uuid:b940a5e4-f4ed-4120-ba4e-70f858b86dfd/observations/quadrat_repeat[11],uuid:b940a5e4-f4ed-4120-ba4e-70f858b86dfd/observations/quadrat_repeat[11]/additional_species_repeat[1]
2,reuse_unknown,,,,,,eaddd154-6c59-4cdb-b06f-3a84ff2c6e67,herb_045,,,,,,,,herb_045,,,,,,,,,,,,uuid:b940a5e4-f4ed-4120-ba4e-70f858b86dfd/observations/quadrat_repeat[11],uuid:b940a5e4-f4ed-4120-ba4e-70f858b86dfd/observations/quadrat_repeat[11]/additional_species_repeat[2]
1,reuse_unknown,,,,,,1c7e36b1-3abf-447f-bf83-377eddf82870,herb_010,,,,,,,,herb_010,,,,,,,,,,,,uuid:b940a5e4-f4ed-4120-ba4e-70f858b86dfd/observations/quadrat_repeat[12],uuid:b940a5e4-f4ed-4120-ba4e-70f858b86dfd/observations/quadrat_repeat[12]/additional_species_repeat[1]
2,reuse_missing,,,,,,,,,,,,895bce64-ba76-494b-9f25-aef306fddca0,Xenostegia tridentata,,Xenostegia tridentata,,,,,,,,,,,,uuid:b940a5e4-f4ed-4120-ba4e-70f858b86dfd/observations/quadrat_repeat[12],uuid:b940a5e4-f4ed-4120-ba4e-70f858b86dfd/observations/quadrat_repeat[12]/additional_species_repeat[2]
1,reuse_missing,,,,,,,,,,,,43214fc0-8a13-4af6-bc50-5b2ff891d955,Oldenladia corymbosa,,Oldenladia corymbosa,,,,,,,,,,,,uuid:b940a5e4-f4ed-4120-ba4e-70f858b86dfd/observations/quadrat_repeat[13],uuid:b940a5e4-f4ed-4120-ba4e-70f858b86dfd/observations/quadrat_repeat[13]/additional_species_repeat[1]
2,reuse_unknown,,,,,,fee329ca-e301-4c77-9fe8-dda15a1ef3cc,herb_002,,,,,,,,herb_002,,,,,,,,,,,,uuid:b940a5e4-f4ed-4120-ba4e-70f858b86dfd/observations/quadrat_repeat[13],uuid:b940a5e4-f4ed-4120-ba4e-70f858b86dfd/observations/quadrat_repeat[13]/additional_species_repeat[2]
3,reuse_unknown,,,,,,7ac14e28-ae0d-4124-b7cb-f0bde6b7eba8,herb_061,,,,,,,,herb_061,,,,,,,,,,,,uuid:b940a5e4-f4ed-4120-ba4e-70f858b86dfd/observations/quadrat_repeat[13],uuid:b940a5e4-f4ed-4120-ba4e-70f858b86dfd/observations/quadrat_repeat[13]/additional_species_repeat[3]
1,reuse_unknown,,,,,,1c7e36b1-3abf-447f-bf83-377eddf82870,herb_010,,,,,,,,herb_010,,,,,,,,,,,,uuid:b940a5e4-f4ed-4120-ba4e-70f858b86dfd/observations/quadrat_repeat[14],uuid:b940a5e4-f4ed-4120-ba4e-70f858b86dfd/observations/quadrat_repeat[14]/additional_species_repeat[1]
2,reuse_unknown,,,,,,c04014bb-ee9b-4db9-a053-9031f44f91a8,herb_017,,,,,,,,herb_017,,,,,,,,,,,,uuid:b940a5e4-f4ed-4120-ba4e-70f858b86dfd/observations/quadrat_repeat[14],uuid:b940a5e4-f4ed-4120-ba4e-70f858b86dfd/observations/quadrat_repeat[14]/additional_species_repeat[2]
3,reuse_missing,,,,,,,,,,,,6cfa0d1b-d0f6-4a6c-bd0d-5a0c3e586d9b,Tephrosia purpurea,,Tephrosia purpurea,,,,,,,,,,,,uuid:b940a5e4-f4ed-4120-ba4e-70f858b86dfd/observations/quadrat_repeat[14],uuid:b940a5e4-f4ed-4120-ba4e-70f858b86dfd/observations/quadrat_repeat[14]/additional_species_repeat[3]
1,reuse_unknown,,,,,,1c7e36b1-3abf-447f-bf83-377eddf82870,herb_010,,,,,,,,herb_010,,,,,,,,,,,,uuid:b940a5e4-f4ed-4120-ba4e-70f858b86dfd/observations/quadrat_repeat[15],uuid:b940a5e4-f4ed-4120-ba4e-70f858b86dfd/observations/quadrat_repeat[15]/additional_species_repeat[1]
1,reuse_missing,,,,,,,,,,,,6cfa0d1b-d0f6-4a6c-bd0d-5a0c3e586d9b,Tephrosia purpurea,,Tephrosia purpurea,,,,,,,,,,,,uuid:b940a5e4-f4ed-4120-ba4e-70f858b86dfd/observations/quadrat_repeat[16],uuid:b940a5e4-f4ed-4120-ba4e-70f858b86dfd/observations/quadrat_repeat[16]/additional_species_repeat[1]
2,reuse_unknown,,,,,,1c7e36b1-3abf-447f-bf83-377eddf82870,herb_010,,,,,,,,herb_010,,,,,,,,,,,,uuid:b940a5e4-f4ed-4120-ba4e-70f858b86dfd/observations/quadrat_repeat[16],uuid:b940a5e4-f4ed-4120-ba4e-70f858b86dfd/observations/quadrat_repeat[16]/additional_species_repeat[2]
1,reuse_unknown,,,,,,c04014bb-ee9b-4db9-a053-9031f44f91a8,herb_017,,,,,,,,herb_017,,,,,,,,,,,,uuid:b940a5e4-f4ed-4120-ba4e-70f858b86dfd/observations/quadrat_repeat[17],uuid:b940a5e4-f4ed-4120-ba4e-70f858b86dfd/observations/quadrat_repeat[17]/additional_species_repeat[1]
2,reuse_missing,,,,,,,,,,,,43214fc0-8a13-4af6-bc50-5b2ff891d955,Oldenladia corymbosa,,Oldenladia corymbosa,,,,,,,,,,,,uuid:b940a5e4-f4ed-4120-ba4e-70f858b86dfd/observations/quadrat_repeat[17],uuid:b940a5e4-f4ed-4120-ba4e-70f858b86dfd/observations/quadrat_repeat[17]/additional_species_repeat[2]
3,reuse_unknown,,,,,,8beda65a-d741-444e-aca7-6993c25c3c12,herb_037,,,,,,,,herb_037,,,,,,,,,,,,uuid:b940a5e4-f4ed-4120-ba4e-70f858b86dfd/observations/quadrat_repeat[17],uuid:b940a5e4-f4ed-4120-ba4e-70f858b86dfd/observations/quadrat_repeat[17]/additional_species_repeat[3]
1,reuse_missing,,,,,,,,,,,,895bce64-ba76-494b-9f25-aef306fddca0,Xenostegia tridentata,,Xenostegia tridentata,,,,,,,,,,,,uuid:b940a5e4-f4ed-4120-ba4e-70f858b86dfd/observations/quadrat_repeat[18],uuid:b940a5e4-f4ed-4120-ba4e-70f858b86dfd/observations/quadrat_repeat[18]/additional_species_repeat[1]
1,reuse_unknown,,,,,,c04014bb-ee9b-4db9-a053-9031f44f91a8,herb_017,,,,,,,,herb_017,,,,,,,,,,,,uuid:b940a5e4-f4ed-4120-ba4e-70f858b86dfd/observations/quadrat_repeat[19],uuid:b940a5e4-f4ed-4120-ba4e-70f858b86dfd/observations/quadrat_repeat[19]/additional_species_repeat[1]
2,reuse_unknown,,,,,,7ac14e28-ae0d-4124-b7cb-f0bde6b7eba8,herb_061,,,,,,,,herb_061,,,,,,,,,,,,uuid:b940a5e4-f4ed-4120-ba4e-70f858b86dfd/observations/quadrat_repeat[19],uuid:b940a5e4-f4ed-4120-ba4e-70f858b86dfd/observations/quadrat_repeat[19]/additional_species_repeat[2]
1,reuse_unknown,,,,,,7ac14e28-ae0d-4124-b7cb-f0bde6b7eba8,herb_061,,,,,,,,herb_061,,,,,,,,,,,,uuid:b940a5e4-f4ed-4120-ba4e-70f858b86dfd/observations/quadrat_repeat[20],uuid:b940a5e4-f4ed-4120-ba4e-70f858b86dfd/observations/quadrat_repeat[20]/additional_species_repeat[1]
2,reuse_unknown,,,,,,1c7e36b1-3abf-447f-bf83-377eddf82870,herb_010,,,,,,,,herb_010,,,,,,,,,,,,uuid:b940a5e4-f4ed-4120-ba4e-70f858b86dfd/observations/quadrat_repeat[20],uuid:b940a5e4-f4ed-4120-ba4e-70f858b86dfd/observations/quadrat_repeat[20]/additional_species_repeat[2]
3,reuse_missing,,,,,,,,,,,,c9c6df41-df82-4bc5-87b7-63b84898087d,Rhynchosia totta,,Rhynchosia totta,,,,,,,,,,,,uuid:b940a5e4-f4ed-4120-ba4e-70f858b86dfd/observations/quadrat_repeat[20],uuid:b940a5e4-f4ed-4120-ba4e-70f858b86dfd/observations/quadrat_repeat[20]/additional_species_repeat[3]
1,reuse_unknown,,,,,,ca871a91-6bf3-405f-a0f2-548575363579,herb_029,,,,,,,,herb_029,,,,,,,,,,,,uuid:7ae61d55-3663-422e-aad2-9104b56c9a47/observations/quadrat_repeat[1],uuid:7ae61d55-3663-422e-aad2-9104b56c9a47/observations/quadrat_repeat[1]/additional_species_repeat[1]
2,reuse_unknown,,,,,,c04014bb-ee9b-4db9-a053-9031f44f91a8,herb_017,,,,,,,,herb_017,,,,,,,,,,,,uuid:7ae61d55-3663-422e-aad2-9104b56c9a47/observations/quadrat_repeat[1],uuid:7ae61d55-3663-422e-aad2-9104b56c9a47/observations/quadrat_repeat[1]/additional_species_repeat[2]
3,new_unknown,0,d2c43a50-20d5-4f0b-8170-b7c47fe94eb8,76,herb_076,,,,,,,,,,,herb_076,herb_076,pending,unknown_species,active,,1779519339697.jpg,,,,,herb_076,uuid:7ae61d55-3663-422e-aad2-9104b56c9a47/observations/quadrat_repeat[1],uuid:7ae61d55-3663-422e-aad2-9104b56c9a47/observations/quadrat_repeat[1]/additional_species_repeat[3]
1,reuse_missing,,,,,,,,,,,,c20ca3f8-38b6-47cf-9050-f3fd9cb7a13b,Aristida scabrivalvis,,Aristida scabrivalvis,,,,,,,,,,,,uuid:7ae61d55-3663-422e-aad2-9104b56c9a47/observations/quadrat_repeat[2],uuid:7ae61d55-3663-422e-aad2-9104b56c9a47/observations/quadrat_repeat[2]/additional_species_repeat[1]
2,reuse_unknown,,,,,,795b0715-6af6-4249-914c-0d4ec9f55692,herb_016,,,,,,,,herb_016,,,,,,,,,,,,uuid:7ae61d55-3663-422e-aad2-9104b56c9a47/observations/quadrat_repeat[2],uuid:7ae61d55-3663-422e-aad2-9104b56c9a47/observations/quadrat_repeat[2]/additional_species_repeat[2]
1,reuse_unknown,,,,,,ca871a91-6bf3-405f-a0f2-548575363579,herb_029,,,,,,,,herb_029,,,,,,,,,,,,uuid:7ae61d55-3663-422e-aad2-9104b56c9a47/observations/quadrat_repeat[3],uuid:7ae61d55-3663-422e-aad2-9104b56c9a47/observations/quadrat_repeat[3]/additional_species_repeat[1]
2,reuse_missing,,,,,,,,,,,,6cfa0d1b-d0f6-4a6c-bd0d-5a0c3e586d9b,Tephrosia purpurea,,Tephrosia purpurea,,,,,,,,,,,,uuid:7ae61d55-3663-422e-aad2-9104b56c9a47/observations/quadrat_repeat[3],uuid:7ae61d55-3663-422e-aad2-9104b56c9a47/observations/quadrat_repeat[3]/additional_species_repeat[2]
3,new_missing,1,00c8fa8b-1dde-42c9-ada3-4d2f19ba7d07,77,,,,,,herb_077,Chamaecrista absus,,,,,herb_077 (Chamaecrista absus),Chamaecrista absus,pending,missing_species,active,,1779520531840.jpg,,,,,Chamaecrista absus,uuid:7ae61d55-3663-422e-aad2-9104b56c9a47/observations/quadrat_repeat[3],uuid:7ae61d55-3663-422e-aad2-9104b56c9a47/observations/quadrat_repeat[3]/additional_species_repeat[3]
4,new_unknown,2,7ea93d46-f20a-4e4c-b869-b4da82fd186f,78,herb_078,,,,,,,,,,,herb_078,herb_078,pending,unknown_species,active,,1779520552489.jpg,,,,,herb_078,uuid:7ae61d55-3663-422e-aad2-9104b56c9a47/observations/quadrat_repeat[3],uuid:7ae61d55-3663-422e-aad2-9104b56c9a47/observations/quadrat_repeat[3]/additional_species_repeat[4]
5,new_missing,3,c1518780-2f6d-47a8-8c15-b2c6e281b0e4,79,,,,,,herb_079,Setaria pumila,,,,,herb_079 (Setaria pumila),Setaria pumila,pending,missing_species,active,,1779520873925.jpg,,,,,Setaria pumila,uuid:7ae61d55-3663-422e-aad2-9104b56c9a47/observations/quadrat_repeat[3],uuid:7ae61d55-3663-422e-aad2-9104b56c9a47/observations/quadrat_repeat[3]/additional_species_repeat[5]
1,reuse_unknown,,,,,,861c0749-4626-47d9-aa35-25d7cbdec26a,herb_009,,,,,,,,herb_009,,,,,,,,,,,,uuid:7ae61d55-3663-422e-aad2-9104b56c9a47/observations/quadrat_repeat[4],uuid:7ae61d55-3663-422e-aad2-9104b56c9a47/observations/quadrat_repeat[4]/additional_species_repeat[1]
2,reuse_missing,,,,,,,,,,,,6cfa0d1b-d0f6-4a6c-bd0d-5a0c3e586d9b,Tephrosia purpurea,,Tephrosia purpurea,,,,,,,,,,,,uuid:7ae61d55-3663-422e-aad2-9104b56c9a47/observations/quadrat_repeat[4],uuid:7ae61d55-3663-422e-aad2-9104b56c9a47/observations/quadrat_repeat[4]/additional_species_repeat[2]
1,reuse_unknown,,,,,,795b0715-6af6-4249-914c-0d4ec9f55692,herb_016,,,,,,,,herb_016,,,,,,,,,,,,uuid:7ae61d55-3663-422e-aad2-9104b56c9a47/observations/quadrat_repeat[5],uuid:7ae61d55-3663-422e-aad2-9104b56c9a47/observations/quadrat_repeat[5]/additional_species_repeat[1]
2,reuse_missing,,,,,,,,,,,,c20ca3f8-38b6-47cf-9050-f3fd9cb7a13b,Aristida scabrivalvis,,Aristida scabrivalvis,,,,,,,,,,,,uuid:7ae61d55-3663-422e-aad2-9104b56c9a47/observations/quadrat_repeat[5],uuid:7ae61d55-3663-422e-aad2-9104b56c9a47/observations/quadrat_repeat[5]/additional_species_repeat[2]
3,reuse_missing,,,,,,,,,,,,d8ae21a7-5b8f-43df-8e16-b233dc6cb432,Erlangea misera,,Erlangea misera,,,,,,,,,,,,uuid:7ae61d55-3663-422e-aad2-9104b56c9a47/observations/quadrat_repeat[5],uuid:7ae61d55-3663-422e-aad2-9104b56c9a47/observations/quadrat_repeat[5]/additional_species_repeat[3]
1,reuse_unknown,,,,,,795b0715-6af6-4249-914c-0d4ec9f55692,herb_016,,,,,,,,herb_016,,,,,,,,,,,,uuid:7ae61d55-3663-422e-aad2-9104b56c9a47/observations/quadrat_repeat[6],uuid:7ae61d55-3663-422e-aad2-9104b56c9a47/observations/quadrat_repeat[6]/additional_species_repeat[1]
1,reuse_unknown,,,,,,c04014bb-ee9b-4db9-a053-9031f44f91a8,herb_017,,,,,,,,herb_017,,,,,,,,,,,,uuid:7ae61d55-3663-422e-aad2-9104b56c9a47/observations/quadrat_repeat[7],uuid:7ae61d55-3663-422e-aad2-9104b56c9a47/observations/quadrat_repeat[7]/additional_species_repeat[1]
2,reuse_missing,,,,,,,,,,,,6cfa0d1b-d0f6-4a6c-bd0d-5a0c3e586d9b,Tephrosia purpurea,,Tephrosia purpurea,,,,,,,,,,,,uuid:7ae61d55-3663-422e-aad2-9104b56c9a47/observations/quadrat_repeat[7],uuid:7ae61d55-3663-422e-aad2-9104b56c9a47/observations/quadrat_repeat[7]/additional_species_repeat[2]
3,reuse_missing,,,,,,,,,,,,c20ca3f8-38b6-47cf-9050-f3fd9cb7a13b,Aristida scabrivalvis,,Aristida scabrivalvis,,,,,,,,,,,,uuid:7ae61d55-3663-422e-aad2-9104b56c9a47/observations/quadrat_repeat[7],uuid:7ae61d55-3663-422e-aad2-9104b56c9a47/observations/quadrat_repeat[7]/additional_species_repeat[3]
4,reuse_missing,,,,,,,,,,,,43214fc0-8a13-4af6-bc50-5b2ff891d955,Oldenladia corymbosa,,Oldenladia corymbosa,,,,,,,,,,,,uuid:7ae61d55-3663-422e-aad2-9104b56c9a47/observations/quadrat_repeat[7],uuid:7ae61d55-3663-422e-aad2-9104b56c9a47/observations/quadrat_repeat[7]/additional_species_repeat[4]
1,reuse_unknown,,,,,,c04014bb-ee9b-4db9-a053-9031f44f91a8,herb_017,,,,,,,,herb_017,,,,,,,,,,,,uuid:7ae61d55-3663-422e-aad2-9104b56c9a47/observations/quadrat_repeat[8],uuid:7ae61d55-3663-422e-aad2-9104b56c9a47/observations/quadrat_repeat[8]/additional_species_repeat[1]
2,reuse_unknown,,,,,,861c0749-4626-47d9-aa35-25d7cbdec26a,herb_009,,,,,,,,herb_009,,,,,,,,,,,,uuid:7ae61d55-3663-422e-aad2-9104b56c9a47/observations/quadrat_repeat[8],uuid:7ae61d55-3663-422e-aad2-9104b56c9a47/observations/quadrat_repeat[8]/additional_species_repeat[2]
1,reuse_missing,,,,,,,,,,,,6cfa0d1b-d0f6-4a6c-bd0d-5a0c3e586d9b,Tephrosia purpurea,,Tephrosia purpurea,,,,,,,,,,,,uuid:7ae61d55-3663-422e-aad2-9104b56c9a47/observations/quadrat_repeat[9],uuid:7ae61d55-3663-422e-aad2-9104b56c9a47/observations/quadrat_repeat[9]/additional_species_repeat[1]
1,reuse_missing,,,,,,,,,,,,6cfa0d1b-d0f6-4a6c-bd0d-5a0c3e586d9b,Tephrosia purpurea,,Tephrosia purpurea,,,,,,,,,,,,uuid:7ae61d55-3663-422e-aad2-9104b56c9a47/observations/quadrat_repeat[10],uuid:7ae61d55-3663-422e-aad2-9104b56c9a47/observations/quadrat_repeat[10]/additional_species_repeat[1]
2,reuse_missing,,,,,,,,,,,,d8ae21a7-5b8f-43df-8e16-b233dc6cb432,Erlangea misera,,Erlangea misera,,,,,,,,,,,,uuid:7ae61d55-3663-422e-aad2-9104b56c9a47/observations/quadrat_repeat[10],uuid:7ae61d55-3663-422e-aad2-9104b56c9a47/observations/quadrat_repeat[10]/additional_species_repeat[2]
3,new_unknown,4,93e84b00-0721-4de5-8f3b-398f0ee8c2a4,80,herb_080,,,,,,,,,,,herb_080,herb_080,pending,unknown_species,active,,1779522179955.jpg,,,,,herb_080,uuid:7ae61d55-3663-422e-aad2-9104b56c9a47/observations/quadrat_repeat[10],uuid:7ae61d55-3663-422e-aad2-9104b56c9a47/observations/quadrat_repeat[10]/additional_species_repeat[3]
4,new_unknown,5,b7d66f3b-96f4-4da5-95a0-d53b8ef741b9,81,herb_081,,,,,,,,,,,herb_081,herb_081,pending,unknown_species,active,,1779522242034.jpg,,,,,herb_081,uuid:7ae61d55-3663-422e-aad2-9104b56c9a47/observations/quadrat_repeat[10],uuid:7ae61d55-3663-422e-aad2-9104b56c9a47/observations/quadrat_repeat[10]/additional_species_repeat[4]
1,reuse_missing,,,,,,,,,,,,43214fc0-8a13-4af6-bc50-5b2ff891d955,Oldenladia corymbosa,,Oldenladia corymbosa,,,,,,,,,,,,uuid:7ae61d55-3663-422e-aad2-9104b56c9a47/observations/quadrat_repeat[11],uuid:7ae61d55-3663-422e-aad2-9104b56c9a47/observations/quadrat_repeat[11]/additional_species_repeat[1]
1,reuse_unknown,,,,,,bfb94c69-e91b-46c7-90d6-21439f192472,herb_012,,,,,,,,herb_012,,,,,,,,,,,,uuid:7ae61d55-3663-422e-aad2-9104b56c9a47/observations/quadrat_repeat[12],uuid:7ae61d55-3663-422e-aad2-9104b56c9a47/observations/quadrat_repeat[12]/additional_species_repeat[1]
2,reuse_missing,,,,,,,,,,,,00c8fa8b-1dde-42c9-ada3-4d2f19ba7d07,herb_077,,herb_077,,,,,,,,,,,,uuid:7ae61d55-3663-422e-aad2-9104b56c9a47/observations/quadrat_repeat[12],uuid:7ae61d55-3663-422e-aad2-9104b56c9a47/observations/quadrat_repeat[12]/additional_species_repeat[2]
1,reuse_unknown,,,,,,c04014bb-ee9b-4db9-a053-9031f44f91a8,herb_017,,,,,,,,herb_017,,,,,,,,,,,,uuid:7ae61d55-3663-422e-aad2-9104b56c9a47/observations/quadrat_repeat[13],uuid:7ae61d55-3663-422e-aad2-9104b56c9a47/observations/quadrat_repeat[13]/additional_species_repeat[1]
2,reuse_missing,,,,,,,,,,,,c1518780-2f6d-47a8-8c15-b2c6e281b0e4,herb_079,,herb_079,,,,,,,,,,,,uuid:7ae61d55-3663-422e-aad2-9104b56c9a47/observations/quadrat_repeat[13],uuid:7ae61d55-3663-422e-aad2-9104b56c9a47/observations/quadrat_repeat[13]/additional_species_repeat[2]
1,reuse_unknown,,,,,,c04014bb-ee9b-4db9-a053-9031f44f91a8,herb_017,,,,,,,,herb_017,,,,,,,,,,,,uuid:7ae61d55-3663-422e-aad2-9104b56c9a47/observations/quadrat_repeat[14],uuid:7ae61d55-3663-422e-aad2-9104b56c9a47/observations/quadrat_repeat[14]/additional_species_repeat[1]
2,reuse_missing,,,,,,,,,,,,d8ae21a7-5b8f-43df-8e16-b233dc6cb432,Erlangea misera,,Erlangea misera,,,,,,,,,,,,uuid:7ae61d55-3663-422e-aad2-9104b56c9a47/observations/quadrat_repeat[14],uuid:7ae61d55-3663-422e-aad2-9104b56c9a47/observations/quadrat_repeat[14]/additional_species_repeat[2]
1,reuse_unknown,,,,,,795b0715-6af6-4249-914c-0d4ec9f55692,herb_016,,,,,,,,herb_016,,,,,,,,,,,,uuid:7ae61d55-3663-422e-aad2-9104b56c9a47/observations/quadrat_repeat[15],uuid:7ae61d55-3663-422e-aad2-9104b56c9a47/observations/quadrat_repeat[15]/additional_species_repeat[1]
2,reuse_unknown,,,,,,c04014bb-ee9b-4db9-a053-9031f44f91a8,herb_017,,,,,,,,herb_017,,,,,,,,,,,,uuid:7ae61d55-3663-422e-aad2-9104b56c9a47/observations/quadrat_repeat[15],uuid:7ae61d55-3663-422e-aad2-9104b56c9a47/observations/quadrat_repeat[15]/additional_species_repeat[2]
3,reuse_unknown,,,,,,bfb94c69-e91b-46c7-90d6-21439f192472,herb_012,,,,,,,,herb_012,,,,,,,,,,,,uuid:7ae61d55-3663-422e-aad2-9104b56c9a47/observations/quadrat_repeat[15],uuid:7ae61d55-3663-422e-aad2-9104b56c9a47/observations/quadrat_repeat[15]/additional_species_repeat[3]
4,reuse_missing,,,,,,,,,,,,6cfa0d1b-d0f6-4a6c-bd0d-5a0c3e586d9b,Tephrosia purpurea,,Tephrosia purpurea,,,,,,,,,,,,uuid:7ae61d55-3663-422e-aad2-9104b56c9a47/observations/quadrat_repeat[15],uuid:7ae61d55-3663-422e-aad2-9104b56c9a47/observations/quadrat_repeat[15]/additional_species_repeat[4]
1,reuse_missing,,,,,,,,,,,,c20ca3f8-38b6-47cf-9050-f3fd9cb7a13b,Aristida scabrivalvis,,Aristida scabrivalvis,,,,,,,,,,,,uuid:7ae61d55-3663-422e-aad2-9104b56c9a47/observations/quadrat_repeat[16],uuid:7ae61d55-3663-422e-aad2-9104b56c9a47/observations/quadrat_repeat[16]/additional_species_repeat[1]
2,reuse_unknown,,,,,,795b0715-6af6-4249-914c-0d4ec9f55692,herb_016,,,,,,,,herb_016,,,,,,,,,,,,uuid:7ae61d55-3663-422e-aad2-9104b56c9a47/observations/quadrat_repeat[16],uuid:7ae61d55-3663-422e-aad2-9104b56c9a47/observations/quadrat_repeat[16]/additional_species_repeat[2]
1,reuse_missing,,,,,,,,,,,,00c8fa8b-1dde-42c9-ada3-4d2f19ba7d07,herb_077,,herb_077,,,,,,,,,,,,uuid:7ae61d55-3663-422e-aad2-9104b56c9a47/observations/quadrat_repeat[17],uuid:7ae61d55-3663-422e-aad2-9104b56c9a47/observations/quadrat_repeat[17]/additional_species_repeat[1]
2,reuse_missing,,,,,,,,,,,,c20ca3f8-38b6-47cf-9050-f3fd9cb7a13b,Aristida scabrivalvis,,Aristida scabrivalvis,,,,,,,,,,,,uuid:7ae61d55-3663-422e-aad2-9104b56c9a47/observations/quadrat_repeat[17],uuid:7ae61d55-3663-422e-aad2-9104b56c9a47/observations/quadrat_repeat[17]/additional_species_repeat[2]
1,reuse_unknown,,,,,,795b0715-6af6-4249-914c-0d4ec9f55692,herb_016,,,,,,,,herb_016,,,,,,,,,,,,uuid:7ae61d55-3663-422e-aad2-9104b56c9a47/observations/quadrat_repeat[18],uuid:7ae61d55-3663-422e-aad2-9104b56c9a47/observations/quadrat_repeat[18]/additional_species_repeat[1]
2,reuse_unknown,,,,,,c04014bb-ee9b-4db9-a053-9031f44f91a8,herb_017,,,,,,,,herb_017,,,,,,,,,,,,uuid:7ae61d55-3663-422e-aad2-9104b56c9a47/observations/quadrat_repeat[18],uuid:7ae61d55-3663-422e-aad2-9104b56c9a47/observations/quadrat_repeat[18]/additional_species_repeat[2]
3,reuse_missing,,,,,,,,,,,,c20ca3f8-38b6-47cf-9050-f3fd9cb7a13b,Aristida scabrivalvis,,Aristida scabrivalvis,,,,,,,,,,,,uuid:7ae61d55-3663-422e-aad2-9104b56c9a47/observations/quadrat_repeat[18],uuid:7ae61d55-3663-422e-aad2-9104b56c9a47/observations/quadrat_repeat[18]/additional_species_repeat[3]
4,new_unknown,6,8485bb86-62c7-4a1a-b16d-51c5a98bf6ed,82,herb_082,,,,,,,,,,,herb_082,herb_082,pending,unknown_species,active,,1779523380702.jpg,,,,,herb_082,uuid:7ae61d55-3663-422e-aad2-9104b56c9a47/observations/quadrat_repeat[18],uuid:7ae61d55-3663-422e-aad2-9104b56c9a47/observations/quadrat_repeat[18]/additional_species_repeat[4]
1,reuse_missing,,,,,,,,,,,,6cfa0d1b-d0f6-4a6c-bd0d-5a0c3e586d9b,Tephrosia purpurea,,Tephrosia purpurea,,,,,,,,,,,,uuid:7ae61d55-3663-422e-aad2-9104b56c9a47/observations/quadrat_repeat[19],uuid:7ae61d55-3663-422e-aad2-9104b56c9a47/observations/quadrat_repeat[19]/additional_species_repeat[1]
2,reuse_unknown,,,,,,795b0715-6af6-4249-914c-0d4ec9f55692,herb_016,,,,,,,,herb_016,,,,,,,,,,,,uuid:7ae61d55-3663-422e-aad2-9104b56c9a47/observations/quadrat_repeat[19],uuid:7ae61d55-3663-422e-aad2-9104b56c9a47/observations/quadrat_repeat[19]/additional_species_repeat[2]
3,reuse_unknown,,,,,,c04014bb-ee9b-4db9-a053-9031f44f91a8,herb_017,,,,,,,,herb_017,,,,,,,,,,,,uuid:7ae61d55-3663-422e-aad2-9104b56c9a47/observations/quadrat_repeat[19],uuid:7ae61d55-3663-422e-aad2-9104b56c9a47/observations/quadrat_repeat[19]/additional_species_repeat[3]
4,new_missing,7,5a2417c2-f5a5-45ac-acb5-0447749856a5,83,,,,,,herb_083,Pavonia clathrata,,,,,herb_083 (Pavonia clathrata),Pavonia clathrata,pending,missing_species,active,,1779523604753.jpg,,,,,Pavonia clathrata,uuid:7ae61d55-3663-422e-aad2-9104b56c9a47/observations/quadrat_repeat[19],uuid:7ae61d55-3663-422e-aad2-9104b56c9a47/observations/quadrat_repeat[19]/additional_species_repeat[4]
1,reuse_missing,,,,,,,,,,,,c9c6df41-df82-4bc5-87b7-63b84898087d,Rhynchosia totta,,Rhynchosia totta,,,,,,,,,,,,uuid:7ae61d55-3663-422e-aad2-9104b56c9a47/observations/quadrat_repeat[20],uuid:7ae61d55-3663-422e-aad2-9104b56c9a47/observations/quadrat_repeat[20]/additional_species_repeat[1]
2,reuse_unknown,,,,,,795b0715-6af6-4249-914c-0d4ec9f55692,herb_016,,,,,,,,herb_016,,,,,,,,,,,,uuid:7ae61d55-3663-422e-aad2-9104b56c9a47/observations/quadrat_repeat[20],uuid:7ae61d55-3663-422e-aad2-9104b56c9a47/observations/quadrat_repeat[20]/additional_species_repeat[2]
1,reuse_unknown,,,,,,389d329c-62fe-4ded-80f2-3599fb31c5b6,herb_024,,,,,,,,herb_024,,,,,,,,,,,,uuid:dae71a1b-a6f9-4a6d-a7e5-8ffbb89fad6f/observations/quadrat_repeat[1],uuid:dae71a1b-a6f9-4a6d-a7e5-8ffbb89fad6f/observations/quadrat_repeat[1]/additional_species_repeat[1]
1,reuse_unknown,,,,,,389d329c-62fe-4ded-80f2-3599fb31c5b6,herb_024,,,,,,,,herb_024,,,,,,,,,,,,uuid:dae71a1b-a6f9-4a6d-a7e5-8ffbb89fad6f/observations/quadrat_repeat[2],uuid:dae71a1b-a6f9-4a6d-a7e5-8ffbb89fad6f/observations/quadrat_repeat[2]/additional_species_repeat[1]
1,reuse_unknown,,,,,,389d329c-62fe-4ded-80f2-3599fb31c5b6,herb_024,,,,,,,,herb_024,,,,,,,,,,,,uuid:dae71a1b-a6f9-4a6d-a7e5-8ffbb89fad6f/observations/quadrat_repeat[3],uuid:dae71a1b-a6f9-4a6d-a7e5-8ffbb89fad6f/observations/quadrat_repeat[3]/additional_species_repeat[1]
2,new_missing,0,e984f07c-fab9-4dd1-b2c6-e09a22aebe24,75,,,,,,herb_075,Cenchrus bifloris,,,,,herb_075 (Cenchrus bifloris),Cenchrus bifloris,pending,missing_species,active,,1779461543631.jpg,,,,,Cenchrus bifloris,uuid:dae71a1b-a6f9-4a6d-a7e5-8ffbb89fad6f/observations/quadrat_repeat[3],uuid:dae71a1b-a6f9-4a6d-a7e5-8ffbb89fad6f/observations/quadrat_repeat[3]/additional_species_repeat[2]
1,reuse_missing,,,,,,,,,,,,e984f07c-fab9-4dd1-b2c6-e09a22aebe24,herb_075,,herb_075,,,,,,,,,,,,uuid:dae71a1b-a6f9-4a6d-a7e5-8ffbb89fad6f/observations/quadrat_repeat[4],uuid:dae71a1b-a6f9-4a6d-a7e5-8ffbb89fad6f/observations/quadrat_repeat[4]/additional_species_repeat[1]
1,reuse_missing,,,,,,,,,,,,481f48b4-4737-470d-873f-b0aa583d973a,Senna obtusifolia,,Senna obtusifolia,,,,,,,,,,,,uuid:dae71a1b-a6f9-4a6d-a7e5-8ffbb89fad6f/observations/quadrat_repeat[6],uuid:dae71a1b-a6f9-4a6d-a7e5-8ffbb89fad6f/observations/quadrat_repeat[6]/additional_species_repeat[1]
1,reuse_missing,,,,,,,,,,,,481f48b4-4737-470d-873f-b0aa583d973a,Senna obtusifolia,,Senna obtusifolia,,,,,,,,,,,,uuid:dae71a1b-a6f9-4a6d-a7e5-8ffbb89fad6f/observations/quadrat_repeat[9],uuid:dae71a1b-a6f9-4a6d-a7e5-8ffbb89fad6f/observations/quadrat_repeat[9]/additional_species_repeat[1]
1,reuse_missing,,,,,,,,,,,,481f48b4-4737-470d-873f-b0aa583d973a,Senna obtusifolia,,Senna obtusifolia,,,,,,,,,,,,uuid:dae71a1b-a6f9-4a6d-a7e5-8ffbb89fad6f/observations/quadrat_repeat[10],uuid:dae71a1b-a6f9-4a6d-a7e5-8ffbb89fad6f/observations/quadrat_repeat[10]/additional_species_repeat[1]
1,reuse_missing,,,,,,,,,,,,481f48b4-4737-470d-873f-b0aa583d973a,Senna obtusifolia,,Senna obtusifolia,,,,,,,,,,,,uuid:dae71a1b-a6f9-4a6d-a7e5-8ffbb89fad6f/observations/quadrat_repeat[11],uuid:dae71a1b-a6f9-4a6d-a7e5-8ffbb89fad6f/observations/quadrat_repeat[11]/additional_species_repeat[1]
2,reuse_unknown,,,,,,389d329c-62fe-4ded-80f2-3599fb31c5b6,herb_024,,,,,,,,herb_024,,,,,,,,,,,,uuid:dae71a1b-a6f9-4a6d-a7e5-8ffbb89fad6f/observations/quadrat_repeat[11],uuid:dae71a1b-a6f9-4a6d-a7e5-8ffbb89fad6f/observations/quadrat_repeat[11]/additional_species_repeat[2]
1,reuse_missing,,,,,,,,,,,,481f48b4-4737-470d-873f-b0aa583d973a,Senna obtusifolia,,Senna obtusifolia,,,,,,,,,,,,uuid:dae71a1b-a6f9-4a6d-a7e5-8ffbb89fad6f/observations/quadrat_repeat[12],uuid:dae71a1b-a6f9-4a6d-a7e5-8ffbb89fad6f/observations/quadrat_repeat[12]/additional_species_repeat[1]
1,reuse_missing,,,,,,,,,,,,481f48b4-4737-470d-873f-b0aa583d973a,Senna obtusifolia,,Senna obtusifolia,,,,,,,,,,,,uuid:dae71a1b-a6f9-4a6d-a7e5-8ffbb89fad6f/observations/quadrat_repeat[16],uuid:dae71a1b-a6f9-4a6d-a7e5-8ffbb89fad6f/observations/quadrat_repeat[16]/additional_species_repeat[1]
1,reuse_missing,,,,,,,,,,,,481f48b4-4737-470d-873f-b0aa583d973a,Senna obtusifolia,,Senna obtusifolia,,,,,,,,,,,,uuid:dae71a1b-a6f9-4a6d-a7e5-8ffbb89fad6f/observations/quadrat_repeat[17],uuid:dae71a1b-a6f9-4a6d-a7e5-8ffbb89fad6f/observations/quadrat_repeat[17]/additional_species_repeat[1]
2,reuse_unknown,,,,,,eaddd154-6c59-4cdb-b06f-3a84ff2c6e67,herb_045,,,,,,,,herb_045,,,,,,,,,,,,uuid:dae71a1b-a6f9-4a6d-a7e5-8ffbb89fad6f/observations/quadrat_repeat[17],uuid:dae71a1b-a6f9-4a6d-a7e5-8ffbb89fad6f/observations/quadrat_repeat[17]/additional_species_repeat[2]
1,reuse_unknown,,,,,,389d329c-62fe-4ded-80f2-3599fb31c5b6,herb_024,,,,,,,,herb_024,,,,,,,,,,,,uuid:dae71a1b-a6f9-4a6d-a7e5-8ffbb89fad6f/observations/quadrat_repeat[18],uuid:dae71a1b-a6f9-4a6d-a7e5-8ffbb89fad6f/observations/quadrat_repeat[18]/additional_species_repeat[1]
2,reuse_missing,,,,,,,,,,,,481f48b4-4737-470d-873f-b0aa583d973a,Senna obtusifolia,,Senna obtusifolia,,,,,,,,,,,,uuid:dae71a1b-a6f9-4a6d-a7e5-8ffbb89fad6f/observations/quadrat_repeat[18],uuid:dae71a1b-a6f9-4a6d-a7e5-8ffbb89fad6f/observations/quadrat_repeat[18]/additional_species_repeat[2]
1,reuse_missing,,,,,,,,,,,,481f48b4-4737-470d-873f-b0aa583d973a,Senna obtusifolia,,Senna obtusifolia,,,,,,,,,,,,uuid:dae71a1b-a6f9-4a6d-a7e5-8ffbb89fad6f/observations/quadrat_repeat[19],uuid:dae71a1b-a6f9-4a6d-a7e5-8ffbb89fad6f/observations/quadrat_repeat[19]/additional_species_repeat[1]
2,reuse_missing,,,,,,,,,,,,e984f07c-fab9-4dd1-b2c6-e09a22aebe24,herb_075,,herb_075,,,,,,,,,,,,uuid:dae71a1b-a6f9-4a6d-a7e5-8ffbb89fad6f/observations/quadrat_repeat[19],uuid:dae71a1b-a6f9-4a6d-a7e5-8ffbb89fad6f/observations/quadrat_repeat[19]/additional_species_repeat[2]
1,reuse_missing,,,,,,,,,,,,481f48b4-4737-470d-873f-b0aa583d973a,Senna obtusifolia,,Senna obtusifolia,,,,,,,,,,,,uuid:dae71a1b-a6f9-4a6d-a7e5-8ffbb89fad6f/observations/quadrat_repeat[20],uuid:dae71a1b-a6f9-4a6d-a7e5-8ffbb89fad6f/observations/quadrat_repeat[20]/additional_species_repeat[1]
1,reuse_missing,,,,,,,,,,,,c9c6df41-df82-4bc5-87b7-63b84898087d,Rhynchosia totta,,Rhynchosia totta,,,,,,,,,,,,uuid:9ec95900-d4e8-4825-be75-07834b98cc6c/observations/quadrat_repeat[1],uuid:9ec95900-d4e8-4825-be75-07834b98cc6c/observations/quadrat_repeat[1]/additional_species_repeat[1]
2,reuse_unknown,,,,,,389d329c-62fe-4ded-80f2-3599fb31c5b6,herb_024,,,,,,,,herb_024,,,,,,,,,,,,uuid:9ec95900-d4e8-4825-be75-07834b98cc6c/observations/quadrat_repeat[1],uuid:9ec95900-d4e8-4825-be75-07834b98cc6c/observations/quadrat_repeat[1]/additional_species_repeat[2]
3,reuse_missing,,,,,,,,,,,,6cfa0d1b-d0f6-4a6c-bd0d-5a0c3e586d9b,Tephrosia purpurea,,Tephrosia purpurea,,,,,,,,,,,,uuid:9ec95900-d4e8-4825-be75-07834b98cc6c/observations/quadrat_repeat[1],uuid:9ec95900-d4e8-4825-be75-07834b98cc6c/observations/quadrat_repeat[1]/additional_species_repeat[3]
1,reuse_unknown,,,,,,ca871a91-6bf3-405f-a0f2-548575363579,herb_029,,,,,,,,herb_029,,,,,,,,,,,,uuid:9ec95900-d4e8-4825-be75-07834b98cc6c/observations/quadrat_repeat[3],uuid:9ec95900-d4e8-4825-be75-07834b98cc6c/observations/quadrat_repeat[3]/additional_species_repeat[1]
1,reuse_missing,,,,,,,,,,,,6cfa0d1b-d0f6-4a6c-bd0d-5a0c3e586d9b,Tephrosia purpurea,,Tephrosia purpurea,,,,,,,,,,,,uuid:9ec95900-d4e8-4825-be75-07834b98cc6c/observations/quadrat_repeat[4],uuid:9ec95900-d4e8-4825-be75-07834b98cc6c/observations/quadrat_repeat[4]/additional_species_repeat[1]
1,reuse_missing,,,,,,,,,,,,6cfa0d1b-d0f6-4a6c-bd0d-5a0c3e586d9b,Tephrosia purpurea,,Tephrosia purpurea,,,,,,,,,,,,uuid:9ec95900-d4e8-4825-be75-07834b98cc6c/observations/quadrat_repeat[5],uuid:9ec95900-d4e8-4825-be75-07834b98cc6c/observations/quadrat_repeat[5]/additional_species_repeat[1]
1,reuse_unknown,,,,,,389d329c-62fe-4ded-80f2-3599fb31c5b6,herb_024,,,,,,,,herb_024,,,,,,,,,,,,uuid:9ec95900-d4e8-4825-be75-07834b98cc6c/observations/quadrat_repeat[6],uuid:9ec95900-d4e8-4825-be75-07834b98cc6c/observations/quadrat_repeat[6]/additional_species_repeat[1]
2,reuse_missing,,,,,,,,,,,,eacca28e-4664-4710-96b9-29a1ef6294ab,Pogonarthria fleckii,,Pogonarthria fleckii,,,,,,,,,,,,uuid:9ec95900-d4e8-4825-be75-07834b98cc6c/observations/quadrat_repeat[6],uuid:9ec95900-d4e8-4825-be75-07834b98cc6c/observations/quadrat_repeat[6]/additional_species_repeat[2]
1,reuse_missing,,,,,,,,,,,,eacca28e-4664-4710-96b9-29a1ef6294ab,Pogonarthria fleckii,,Pogonarthria fleckii,,,,,,,,,,,,uuid:9ec95900-d4e8-4825-be75-07834b98cc6c/observations/quadrat_repeat[7],uuid:9ec95900-d4e8-4825-be75-07834b98cc6c/observations/quadrat_repeat[7]/additional_species_repeat[1]
1,reuse_missing,,,,,,,,,,,,c9c6df41-df82-4bc5-87b7-63b84898087d,Rhynchosia totta,,Rhynchosia totta,,,,,,,,,,,,uuid:9ec95900-d4e8-4825-be75-07834b98cc6c/observations/quadrat_repeat[8],uuid:9ec95900-d4e8-4825-be75-07834b98cc6c/observations/quadrat_repeat[8]/additional_species_repeat[1]
2,reuse_missing,,,,,,,,,,,,86e48f75-a0d5-4cae-b0c7-f03a025bb150,Evolvulus alsinoides ,,Evolvulus alsinoides ,,,,,,,,,,,,uuid:9ec95900-d4e8-4825-be75-07834b98cc6c/observations/quadrat_repeat[8],uuid:9ec95900-d4e8-4825-be75-07834b98cc6c/observations/quadrat_repeat[8]/additional_species_repeat[2]
3,reuse_unknown,,,,,,389d329c-62fe-4ded-80f2-3599fb31c5b6,herb_024,,,,,,,,herb_024,,,,,,,,,,,,uuid:9ec95900-d4e8-4825-be75-07834b98cc6c/observations/quadrat_repeat[8],uuid:9ec95900-d4e8-4825-be75-07834b98cc6c/observations/quadrat_repeat[8]/additional_species_repeat[3]
4,new_missing,0,05d929d4-73bf-42cc-af59-c3b9a81eee22,73,,,,,,herb_073,Indigofera filipes,,,,,herb_073 (Indigofera filipes),Indigofera filipes,pending,missing_species,active,,1779458047900.jpg,,,,,Indigofera filipes,uuid:9ec95900-d4e8-4825-be75-07834b98cc6c/observations/quadrat_repeat[8],uuid:9ec95900-d4e8-4825-be75-07834b98cc6c/observations/quadrat_repeat[8]/additional_species_repeat[4]
1,reuse_missing,,,,,,,,,,,,c9c6df41-df82-4bc5-87b7-63b84898087d,Rhynchosia totta,,Rhynchosia totta,,,,,,,,,,,,uuid:9ec95900-d4e8-4825-be75-07834b98cc6c/observations/quadrat_repeat[9],uuid:9ec95900-d4e8-4825-be75-07834b98cc6c/observations/quadrat_repeat[9]/additional_species_repeat[1]
2,reuse_missing,,,,,,,,,,,,eacca28e-4664-4710-96b9-29a1ef6294ab,Pogonarthria fleckii,,Pogonarthria fleckii,,,,,,,,,,,,uuid:9ec95900-d4e8-4825-be75-07834b98cc6c/observations/quadrat_repeat[9],uuid:9ec95900-d4e8-4825-be75-07834b98cc6c/observations/quadrat_repeat[9]/additional_species_repeat[2]
1,reuse_missing,,,,,,,,,,,,6cfa0d1b-d0f6-4a6c-bd0d-5a0c3e586d9b,Tephrosia purpurea,,Tephrosia purpurea,,,,,,,,,,,,uuid:9ec95900-d4e8-4825-be75-07834b98cc6c/observations/quadrat_repeat[10],uuid:9ec95900-d4e8-4825-be75-07834b98cc6c/observations/quadrat_repeat[10]/additional_species_repeat[1]
1,reuse_missing,,,,,,,,,,,,c9c6df41-df82-4bc5-87b7-63b84898087d,Rhynchosia totta,,Rhynchosia totta,,,,,,,,,,,,uuid:9ec95900-d4e8-4825-be75-07834b98cc6c/observations/quadrat_repeat[13],uuid:9ec95900-d4e8-4825-be75-07834b98cc6c/observations/quadrat_repeat[13]/additional_species_repeat[1]
2,reuse_missing,,,,,,,,,,,,895bce64-ba76-494b-9f25-aef306fddca0,Xenostegia tridentata,,Xenostegia tridentata,,,,,,,,,,,,uuid:9ec95900-d4e8-4825-be75-07834b98cc6c/observations/quadrat_repeat[13],uuid:9ec95900-d4e8-4825-be75-07834b98cc6c/observations/quadrat_repeat[13]/additional_species_repeat[2]
1,reuse_missing,,,,,,,,,,,,6cfa0d1b-d0f6-4a6c-bd0d-5a0c3e586d9b,Tephrosia purpurea,,Tephrosia purpurea,,,,,,,,,,,,uuid:9ec95900-d4e8-4825-be75-07834b98cc6c/observations/quadrat_repeat[14],uuid:9ec95900-d4e8-4825-be75-07834b98cc6c/observations/quadrat_repeat[14]/additional_species_repeat[1]
1,reuse_missing,,,,,,,,,,,,6cfa0d1b-d0f6-4a6c-bd0d-5a0c3e586d9b,Tephrosia purpurea,,Tephrosia purpurea,,,,,,,,,,,,uuid:9ec95900-d4e8-4825-be75-07834b98cc6c/observations/quadrat_repeat[15],uuid:9ec95900-d4e8-4825-be75-07834b98cc6c/observations/quadrat_repeat[15]/additional_species_repeat[1]
1,reuse_missing,,,,,,,,,,,,a6e4fe4b-5383-4e74-864f-e66c83c23225,Abitulum ramosum,,Abitulum ramosum,,,,,,,,,,,,uuid:9ec95900-d4e8-4825-be75-07834b98cc6c/observations/quadrat_repeat[16],uuid:9ec95900-d4e8-4825-be75-07834b98cc6c/observations/quadrat_repeat[16]/additional_species_repeat[1]
2,new_missing,1,6e7f50e1-121a-49c6-a5a4-8f808342c6c6,74,,,,,,herb_074,Hermbstaedtia linearis,,,,,herb_074 (Hermbstaedtia linearis),Hermbstaedtia linearis,pending,missing_species,active,,1779458838778.jpg,,,,,Hermbstaedtia linearis,uuid:9ec95900-d4e8-4825-be75-07834b98cc6c/observations/quadrat_repeat[16],uuid:9ec95900-d4e8-4825-be75-07834b98cc6c/observations/quadrat_repeat[16]/additional_species_repeat[2]
1,reuse_missing,,,,,,,,,,,,c9c6df41-df82-4bc5-87b7-63b84898087d,Rhynchosia totta,,Rhynchosia totta,,,,,,,,,,,,uuid:9ec95900-d4e8-4825-be75-07834b98cc6c/observations/quadrat_repeat[17],uuid:9ec95900-d4e8-4825-be75-07834b98cc6c/observations/quadrat_repeat[17]/additional_species_repeat[1]
2,reuse_unknown,,,,,,d2c0b254-6013-48aa-a8dd-373f57ecd283,herb_034,,,,,,,,herb_034,,,,,,,,,,,,uuid:9ec95900-d4e8-4825-be75-07834b98cc6c/observations/quadrat_repeat[17],uuid:9ec95900-d4e8-4825-be75-07834b98cc6c/observations/quadrat_repeat[17]/additional_species_repeat[2]
1,reuse_missing,,,,,,,,,,,,6cfa0d1b-d0f6-4a6c-bd0d-5a0c3e586d9b,Tephrosia purpurea,,Tephrosia purpurea,,,,,,,,,,,,uuid:9ec95900-d4e8-4825-be75-07834b98cc6c/observations/quadrat_repeat[18],uuid:9ec95900-d4e8-4825-be75-07834b98cc6c/observations/quadrat_repeat[18]/additional_species_repeat[1]
2,reuse_missing,,,,,,,,,,,,c9c6df41-df82-4bc5-87b7-63b84898087d,Rhynchosia totta,,Rhynchosia totta,,,,,,,,,,,,uuid:9ec95900-d4e8-4825-be75-07834b98cc6c/observations/quadrat_repeat[18],uuid:9ec95900-d4e8-4825-be75-07834b98cc6c/observations/quadrat_repeat[18]/additional_species_repeat[2]
1,reuse_missing,,,,,,,,,,,,6cfa0d1b-d0f6-4a6c-bd0d-5a0c3e586d9b,Tephrosia purpurea,,Tephrosia purpurea,,,,,,,,,,,,uuid:9ec95900-d4e8-4825-be75-07834b98cc6c/observations/quadrat_repeat[19],uuid:9ec95900-d4e8-4825-be75-07834b98cc6c/observations/quadrat_repeat[19]/additional_species_repeat[1]
2,reuse_missing,,,,,,,,,,,,c9c6df41-df82-4bc5-87b7-63b84898087d,Rhynchosia totta,,Rhynchosia totta,,,,,,,,,,,,uuid:9ec95900-d4e8-4825-be75-07834b98cc6c/observations/quadrat_repeat[19],uuid:9ec95900-d4e8-4825-be75-07834b98cc6c/observations/quadrat_repeat[19]/additional_species_repeat[2]
1,reuse_missing,,,,,,,,,,,,ff9a2bfe-cd4c-4f3e-98ce-e1870b995691,Aristida scabrivalvis,,Aristida scabrivalvis,,,,,,,,,,,,uuid:c803a008-7014-4a4e-a485-68e1d90d767c/observations/quadrat_repeat[1],uuid:c803a008-7014-4a4e-a485-68e1d90d767c/observations/quadrat_repeat[1]/additional_species_repeat[1]
2,reuse_missing,,,,,,,,,,,,6cfa0d1b-d0f6-4a6c-bd0d-5a0c3e586d9b,Tephrosia purpurea,,Tephrosia purpurea,,,,,,,,,,,,uuid:c803a008-7014-4a4e-a485-68e1d90d767c/observations/quadrat_repeat[1],uuid:c803a008-7014-4a4e-a485-68e1d90d767c/observations/quadrat_repeat[1]/additional_species_repeat[2]
1,reuse_missing,,,,,,,,,,,,ff9a2bfe-cd4c-4f3e-98ce-e1870b995691,Aristida scabrivalvis,,Aristida scabrivalvis,,,,,,,,,,,,uuid:c803a008-7014-4a4e-a485-68e1d90d767c/observations/quadrat_repeat[2],uuid:c803a008-7014-4a4e-a485-68e1d90d767c/observations/quadrat_repeat[2]/additional_species_repeat[1]
2,reuse_missing,,,,,,,,,,,,6cfa0d1b-d0f6-4a6c-bd0d-5a0c3e586d9b,Tephrosia purpurea,,Tephrosia purpurea,,,,,,,,,,,,uuid:c803a008-7014-4a4e-a485-68e1d90d767c/observations/quadrat_repeat[2],uuid:c803a008-7014-4a4e-a485-68e1d90d767c/observations/quadrat_repeat[2]/additional_species_repeat[2]
3,reuse_missing,,,,,,,,,,,,86e48f75-a0d5-4cae-b0c7-f03a025bb150,Evolvulus alsinoides ,,Evolvulus alsinoides ,,,,,,,,,,,,uuid:c803a008-7014-4a4e-a485-68e1d90d767c/observations/quadrat_repeat[2],uuid:c803a008-7014-4a4e-a485-68e1d90d767c/observations/quadrat_repeat[2]/additional_species_repeat[3]
4,reuse_unknown,,,,,,36a62f28-926b-4cd3-b221-6c7e32a73ef6,herb_007,,,,,,,,herb_007,,,,,,,,,,,,uuid:c803a008-7014-4a4e-a485-68e1d90d767c/observations/quadrat_repeat[2],uuid:c803a008-7014-4a4e-a485-68e1d90d767c/observations/quadrat_repeat[2]/additional_species_repeat[4]
1,reuse_missing,,,,,,,,,,,,6cfa0d1b-d0f6-4a6c-bd0d-5a0c3e586d9b,Tephrosia purpurea,,Tephrosia purpurea,,,,,,,,,,,,uuid:c803a008-7014-4a4e-a485-68e1d90d767c/observations/quadrat_repeat[3],uuid:c803a008-7014-4a4e-a485-68e1d90d767c/observations/quadrat_repeat[3]/additional_species_repeat[1]
1,reuse_missing,,,,,,,,,,,,c9c6df41-df82-4bc5-87b7-63b84898087d,Rhynchosia totta,,Rhynchosia totta,,,,,,,,,,,,uuid:c803a008-7014-4a4e-a485-68e1d90d767c/observations/quadrat_repeat[4],uuid:c803a008-7014-4a4e-a485-68e1d90d767c/observations/quadrat_repeat[4]/additional_species_repeat[1]
1,reuse_missing,,,,,,,,,,,,86e48f75-a0d5-4cae-b0c7-f03a025bb150,Evolvulus alsinoides ,,Evolvulus alsinoides ,,,,,,,,,,,,uuid:c803a008-7014-4a4e-a485-68e1d90d767c/observations/quadrat_repeat[5],uuid:c803a008-7014-4a4e-a485-68e1d90d767c/observations/quadrat_repeat[5]/additional_species_repeat[1]
1,reuse_missing,,,,,,,,,,,,ff9a2bfe-cd4c-4f3e-98ce-e1870b995691,Aristida scabrivalvis,,Aristida scabrivalvis,,,,,,,,,,,,uuid:c803a008-7014-4a4e-a485-68e1d90d767c/observations/quadrat_repeat[7],uuid:c803a008-7014-4a4e-a485-68e1d90d767c/observations/quadrat_repeat[7]/additional_species_repeat[1]
2,reuse_missing,,,,,,,,,,,,c9c6df41-df82-4bc5-87b7-63b84898087d,Rhynchosia totta,,Rhynchosia totta,,,,,,,,,,,,uuid:c803a008-7014-4a4e-a485-68e1d90d767c/observations/quadrat_repeat[7],uuid:c803a008-7014-4a4e-a485-68e1d90d767c/observations/quadrat_repeat[7]/additional_species_repeat[2]
1,reuse_missing,,,,,,,,,,,,8c8d1146-7b63-440d-9262-4d0c6c3ef1fa,Macrotalyma daltonii,,Macrotalyma daltonii,,,,,,,,,,,,uuid:c803a008-7014-4a4e-a485-68e1d90d767c/observations/quadrat_repeat[8],uuid:c803a008-7014-4a4e-a485-68e1d90d767c/observations/quadrat_repeat[8]/additional_species_repeat[1]
2,reuse_unknown,,,,,,d2c0b254-6013-48aa-a8dd-373f57ecd283,herb_034,,,,,,,,herb_034,,,,,,,,,,,,uuid:c803a008-7014-4a4e-a485-68e1d90d767c/observations/quadrat_repeat[8],uuid:c803a008-7014-4a4e-a485-68e1d90d767c/observations/quadrat_repeat[8]/additional_species_repeat[2]
1,reuse_missing,,,,,,,,,,,,c9c6df41-df82-4bc5-87b7-63b84898087d,Rhynchosia totta,,Rhynchosia totta,,,,,,,,,,,,uuid:c803a008-7014-4a4e-a485-68e1d90d767c/observations/quadrat_repeat[9],uuid:c803a008-7014-4a4e-a485-68e1d90d767c/observations/quadrat_repeat[9]/additional_species_repeat[1]
2,reuse_missing,,,,,,,,,,,,8c8d1146-7b63-440d-9262-4d0c6c3ef1fa,Macrotalyma daltonii,,Macrotalyma daltonii,,,,,,,,,,,,uuid:c803a008-7014-4a4e-a485-68e1d90d767c/observations/quadrat_repeat[9],uuid:c803a008-7014-4a4e-a485-68e1d90d767c/observations/quadrat_repeat[9]/additional_species_repeat[2]
1,reuse_missing,,,,,,,,,,,,c9c6df41-df82-4bc5-87b7-63b84898087d,Rhynchosia totta,,Rhynchosia totta,,,,,,,,,,,,uuid:c803a008-7014-4a4e-a485-68e1d90d767c/observations/quadrat_repeat[10],uuid:c803a008-7014-4a4e-a485-68e1d90d767c/observations/quadrat_repeat[10]/additional_species_repeat[1]
2,reuse_missing,,,,,,,,,,,,8c8d1146-7b63-440d-9262-4d0c6c3ef1fa,Macrotalyma daltonii,,Macrotalyma daltonii,,,,,,,,,,,,uuid:c803a008-7014-4a4e-a485-68e1d90d767c/observations/quadrat_repeat[10],uuid:c803a008-7014-4a4e-a485-68e1d90d767c/observations/quadrat_repeat[10]/additional_species_repeat[2]
3,reuse_unknown,,,,,,6b4d87ce-546c-471a-b9a1-04721386337f,herb_011,,,,,,,,herb_011,,,,,,,,,,,,uuid:c803a008-7014-4a4e-a485-68e1d90d767c/observations/quadrat_repeat[10],uuid:c803a008-7014-4a4e-a485-68e1d90d767c/observations/quadrat_repeat[10]/additional_species_repeat[3]
1,new_unknown,0,02e5254f-6d33-4e00-a310-5a9c241c2744,72,herb_072,,,,,,,,,,,herb_072,herb_072,pending,unknown_species,active,,1779452904977.jpg,,,,,herb_072,uuid:c803a008-7014-4a4e-a485-68e1d90d767c/observations/quadrat_repeat[11],uuid:c803a008-7014-4a4e-a485-68e1d90d767c/observations/quadrat_repeat[11]/additional_species_repeat[1]
1,reuse_unknown,,,,,,02e5254f-6d33-4e00-a310-5a9c241c2744,herb_072,,,,,,,,herb_072,,,,,,,,,,,,uuid:c803a008-7014-4a4e-a485-68e1d90d767c/observations/quadrat_repeat[12],uuid:c803a008-7014-4a4e-a485-68e1d90d767c/observations/quadrat_repeat[12]/additional_species_repeat[1]
1,reuse_missing,,,,,,,,,,,,8c8d1146-7b63-440d-9262-4d0c6c3ef1fa,Macrotalyma daltonii,,Macrotalyma daltonii,,,,,,,,,,,,uuid:c803a008-7014-4a4e-a485-68e1d90d767c/observations/quadrat_repeat[13],uuid:c803a008-7014-4a4e-a485-68e1d90d767c/observations/quadrat_repeat[13]/additional_species_repeat[1]
1,reuse_unknown,,,,,,d33b1cea-79b5-4af5-9c9b-191c74ef00db,herb_035,,,,,,,,herb_035,,,,,,,,,,,,uuid:c803a008-7014-4a4e-a485-68e1d90d767c/observations/quadrat_repeat[14],uuid:c803a008-7014-4a4e-a485-68e1d90d767c/observations/quadrat_repeat[14]/additional_species_repeat[1]
2,reuse_unknown,,,,,,02e5254f-6d33-4e00-a310-5a9c241c2744,herb_072,,,,,,,,herb_072,,,,,,,,,,,,uuid:c803a008-7014-4a4e-a485-68e1d90d767c/observations/quadrat_repeat[14],uuid:c803a008-7014-4a4e-a485-68e1d90d767c/observations/quadrat_repeat[14]/additional_species_repeat[2]
1,reuse_missing,,,,,,,,,,,,c9c6df41-df82-4bc5-87b7-63b84898087d,Rhynchosia totta,,Rhynchosia totta,,,,,,,,,,,,uuid:c803a008-7014-4a4e-a485-68e1d90d767c/observations/quadrat_repeat[15],uuid:c803a008-7014-4a4e-a485-68e1d90d767c/observations/quadrat_repeat[15]/additional_species_repeat[1]
1,reuse_missing,,,,,,,,,,,,c9c6df41-df82-4bc5-87b7-63b84898087d,Rhynchosia totta,,Rhynchosia totta,,,,,,,,,,,,uuid:c803a008-7014-4a4e-a485-68e1d90d767c/observations/quadrat_repeat[16],uuid:c803a008-7014-4a4e-a485-68e1d90d767c/observations/quadrat_repeat[16]/additional_species_repeat[1]
2,reuse_missing,,,,,,,,,,,,8c8d1146-7b63-440d-9262-4d0c6c3ef1fa,Macrotalyma daltonii,,Macrotalyma daltonii,,,,,,,,,,,,uuid:c803a008-7014-4a4e-a485-68e1d90d767c/observations/quadrat_repeat[16],uuid:c803a008-7014-4a4e-a485-68e1d90d767c/observations/quadrat_repeat[16]/additional_species_repeat[2]
3,reuse_unknown,,,,,,02e5254f-6d33-4e00-a310-5a9c241c2744,herb_072,,,,,,,,herb_072,,,,,,,,,,,,uuid:c803a008-7014-4a4e-a485-68e1d90d767c/observations/quadrat_repeat[16],uuid:c803a008-7014-4a4e-a485-68e1d90d767c/observations/quadrat_repeat[16]/additional_species_repeat[3]
1,reuse_unknown,,,,,,d2c0b254-6013-48aa-a8dd-373f57ecd283,herb_034,,,,,,,,herb_034,,,,,,,,,,,,uuid:c803a008-7014-4a4e-a485-68e1d90d767c/observations/quadrat_repeat[17],uuid:c803a008-7014-4a4e-a485-68e1d90d767c/observations/quadrat_repeat[17]/additional_species_repeat[1]
2,reuse_unknown,,,,,,d33b1cea-79b5-4af5-9c9b-191c74ef00db,herb_035,,,,,,,,herb_035,,,,,,,,,,,,uuid:c803a008-7014-4a4e-a485-68e1d90d767c/observations/quadrat_repeat[17],uuid:c803a008-7014-4a4e-a485-68e1d90d767c/observations/quadrat_repeat[17]/additional_species_repeat[2]
3,reuse_missing,,,,,,,,,,,,c9c6df41-df82-4bc5-87b7-63b84898087d,Rhynchosia totta,,Rhynchosia totta,,,,,,,,,,,,uuid:c803a008-7014-4a4e-a485-68e1d90d767c/observations/quadrat_repeat[17],uuid:c803a008-7014-4a4e-a485-68e1d90d767c/observations/quadrat_repeat[17]/additional_species_repeat[3]
1,reuse_unknown,,,,,,02e5254f-6d33-4e00-a310-5a9c241c2744,herb_072,,,,,,,,herb_072,,,,,,,,,,,,uuid:c803a008-7014-4a4e-a485-68e1d90d767c/observations/quadrat_repeat[18],uuid:c803a008-7014-4a4e-a485-68e1d90d767c/observations/quadrat_repeat[18]/additional_species_repeat[1]
2,reuse_unknown,,,,,,d33b1cea-79b5-4af5-9c9b-191c74ef00db,herb_035,,,,,,,,herb_035,,,,,,,,,,,,uuid:c803a008-7014-4a4e-a485-68e1d90d767c/observations/quadrat_repeat[18],uuid:c803a008-7014-4a4e-a485-68e1d90d767c/observations/quadrat_repeat[18]/additional_species_repeat[2]
3,reuse_missing,,,,,,,,,,,,c9c6df41-df82-4bc5-87b7-63b84898087d,Rhynchosia totta,,Rhynchosia totta,,,,,,,,,,,,uuid:c803a008-7014-4a4e-a485-68e1d90d767c/observations/quadrat_repeat[18],uuid:c803a008-7014-4a4e-a485-68e1d90d767c/observations/quadrat_repeat[18]/additional_species_repeat[3]
1,reuse_missing,,,,,,,,,,,,eacca28e-4664-4710-96b9-29a1ef6294ab,Pogonarthria fleckii,,Pogonarthria fleckii,,,,,,,,,,,,uuid:c803a008-7014-4a4e-a485-68e1d90d767c/observations/quadrat_repeat[19],uuid:c803a008-7014-4a4e-a485-68e1d90d767c/observations/quadrat_repeat[19]/additional_species_repeat[1]
2,reuse_missing,,,,,,,,,,,,ff9a2bfe-cd4c-4f3e-98ce-e1870b995691,Aristida scabrivalvis,,Aristida scabrivalvis,,,,,,,,,,,,uuid:c803a008-7014-4a4e-a485-68e1d90d767c/observations/quadrat_repeat[19],uuid:c803a008-7014-4a4e-a485-68e1d90d767c/observations/quadrat_repeat[19]/additional_species_repeat[2]
1,reuse_missing,,,,,,,,,,,,6cfa0d1b-d0f6-4a6c-bd0d-5a0c3e586d9b,Tephrosia purpurea,,Tephrosia purpurea,,,,,,,,,,,,uuid:c803a008-7014-4a4e-a485-68e1d90d767c/observations/quadrat_repeat[20],uuid:c803a008-7014-4a4e-a485-68e1d90d767c/observations/quadrat_repeat[20]/additional_species_repeat[1]
2,reuse_missing,,,,,,,,,,,,86e48f75-a0d5-4cae-b0c7-f03a025bb150,Evolvulus alsinoides ,,Evolvulus alsinoides ,,,,,,,,,,,,uuid:c803a008-7014-4a4e-a485-68e1d90d767c/observations/quadrat_repeat[20],uuid:c803a008-7014-4a4e-a485-68e1d90d767c/observations/quadrat_repeat[20]/additional_species_repeat[2]
3,reuse_missing,,,,,,,,,,,,ff9a2bfe-cd4c-4f3e-98ce-e1870b995691,Aristida scabrivalvis,,Aristida scabrivalvis,,,,,,,,,,,,uuid:c803a008-7014-4a4e-a485-68e1d90d767c/observations/quadrat_repeat[20],uuid:c803a008-7014-4a4e-a485-68e1d90d767c/observations/quadrat_repeat[20]/additional_species_repeat[3]
1,reuse_unknown,,,,,,795b0715-6af6-4249-914c-0d4ec9f55692,herb_016,,,,,,,,herb_016,,,,,,,,,,,,uuid:2439f628-f86d-4770-98d1-ae7b99a4d91f/observations/quadrat_repeat[1],uuid:2439f628-f86d-4770-98d1-ae7b99a4d91f/observations/quadrat_repeat[1]/additional_species_repeat[1]
2,new_missing,0,ff9a2bfe-cd4c-4f3e-98ce-e1870b995691,67,,,,,,herb_067,Aristida scabrivalvis,,,,,herb_067 (Aristida scabrivalvis),Aristida scabrivalvis,pending,missing_species,active,,1779441451379.jpg,,,,,Aristida scabrivalvis,uuid:2439f628-f86d-4770-98d1-ae7b99a4d91f/observations/quadrat_repeat[1],uuid:2439f628-f86d-4770-98d1-ae7b99a4d91f/observations/quadrat_repeat[1]/additional_species_repeat[2]
1,reuse_unknown,,,,,,1c7e36b1-3abf-447f-bf83-377eddf82870,herb_010,,,,,,,,herb_010,,,,,,,,,,,,uuid:2439f628-f86d-4770-98d1-ae7b99a4d91f/observations/quadrat_repeat[2],uuid:2439f628-f86d-4770-98d1-ae7b99a4d91f/observations/quadrat_repeat[2]/additional_species_repeat[1]
1,reuse_unknown,,,,,,1c7e36b1-3abf-447f-bf83-377eddf82870,herb_010,,,,,,,,herb_010,,,,,,,,,,,,uuid:2439f628-f86d-4770-98d1-ae7b99a4d91f/observations/quadrat_repeat[3],uuid:2439f628-f86d-4770-98d1-ae7b99a4d91f/observations/quadrat_repeat[3]/additional_species_repeat[1]
2,reuse_missing,,,,,,,,,,,,8c8d1146-7b63-440d-9262-4d0c6c3ef1fa,Macrotalyma daltonii,,Macrotalyma daltonii,,,,,,,,,,,,uuid:2439f628-f86d-4770-98d1-ae7b99a4d91f/observations/quadrat_repeat[3],uuid:2439f628-f86d-4770-98d1-ae7b99a4d91f/observations/quadrat_repeat[3]/additional_species_repeat[2]
1,reuse_unknown,,,,,,795b0715-6af6-4249-914c-0d4ec9f55692,herb_016,,,,,,,,herb_016,,,,,,,,,,,,uuid:2439f628-f86d-4770-98d1-ae7b99a4d91f/observations/quadrat_repeat[4],uuid:2439f628-f86d-4770-98d1-ae7b99a4d91f/observations/quadrat_repeat[4]/additional_species_repeat[1]
2,reuse_missing,,,,,,,,,,,,8c8d1146-7b63-440d-9262-4d0c6c3ef1fa,Macrotalyma daltonii,,Macrotalyma daltonii,,,,,,,,,,,,uuid:2439f628-f86d-4770-98d1-ae7b99a4d91f/observations/quadrat_repeat[4],uuid:2439f628-f86d-4770-98d1-ae7b99a4d91f/observations/quadrat_repeat[4]/additional_species_repeat[2]
3,reuse_unknown,,,,,,36a62f28-926b-4cd3-b221-6c7e32a73ef6,herb_007,,,,,,,,herb_007,,,,,,,,,,,,uuid:2439f628-f86d-4770-98d1-ae7b99a4d91f/observations/quadrat_repeat[4],uuid:2439f628-f86d-4770-98d1-ae7b99a4d91f/observations/quadrat_repeat[4]/additional_species_repeat[3]
4,new_unknown,1,fb421d60-eff8-4438-bbc2-b72541309d56,68,herb_068,,,,,,,,,,,herb_068,herb_068,pending,unknown_species,active,,1779443288296.jpg,,,,,herb_068,uuid:2439f628-f86d-4770-98d1-ae7b99a4d91f/observations/quadrat_repeat[4],uuid:2439f628-f86d-4770-98d1-ae7b99a4d91f/observations/quadrat_repeat[4]/additional_species_repeat[4]
5,new_missing,2,e8a62df8-5df5-4338-9cba-2d136c79d48c,69,,,,,,herb_069,Asparagus africanus,,,,,herb_069 (Asparagus africanus),Asparagus africanus,pending,missing_species,active,,1779443322738.jpg,,,,,Asparagus africanus,uuid:2439f628-f86d-4770-98d1-ae7b99a4d91f/observations/quadrat_repeat[4],uuid:2439f628-f86d-4770-98d1-ae7b99a4d91f/observations/quadrat_repeat[4]/additional_species_repeat[5]
1,reuse_missing,,,,,,,,,,,,8c8d1146-7b63-440d-9262-4d0c6c3ef1fa,Macrotalyma daltonii,,Macrotalyma daltonii,,,,,,,,,,,,uuid:2439f628-f86d-4770-98d1-ae7b99a4d91f/observations/quadrat_repeat[5],uuid:2439f628-f86d-4770-98d1-ae7b99a4d91f/observations/quadrat_repeat[5]/additional_species_repeat[1]
1,new_unknown,3,94bff160-073d-49b8-9590-2ecdec6410de,70,herb_070,,,,,,,,,,,herb_070,herb_070,pending,unknown_species,active,,1779444032930.jpg,,,,,herb_070,uuid:2439f628-f86d-4770-98d1-ae7b99a4d91f/observations/quadrat_repeat[6],uuid:2439f628-f86d-4770-98d1-ae7b99a4d91f/observations/quadrat_repeat[6]/additional_species_repeat[1]
1,reuse_missing,,,,,,,,,,,,8c8d1146-7b63-440d-9262-4d0c6c3ef1fa,Macrotalyma daltonii,,Macrotalyma daltonii,,,,,,,,,,,,uuid:2439f628-f86d-4770-98d1-ae7b99a4d91f/observations/quadrat_repeat[8],uuid:2439f628-f86d-4770-98d1-ae7b99a4d91f/observations/quadrat_repeat[8]/additional_species_repeat[1]
2,reuse_missing,,,,,,,,,,,,c9c6df41-df82-4bc5-87b7-63b84898087d,Rhynchosia totta,,Rhynchosia totta,,,,,,,,,,,,uuid:2439f628-f86d-4770-98d1-ae7b99a4d91f/observations/quadrat_repeat[8],uuid:2439f628-f86d-4770-98d1-ae7b99a4d91f/observations/quadrat_repeat[8]/additional_species_repeat[2]
3,reuse_unknown,,,,,,6b4d87ce-546c-471a-b9a1-04721386337f,herb_011,,,,,,,,herb_011,,,,,,,,,,,,uuid:2439f628-f86d-4770-98d1-ae7b99a4d91f/observations/quadrat_repeat[8],uuid:2439f628-f86d-4770-98d1-ae7b99a4d91f/observations/quadrat_repeat[8]/additional_species_repeat[3]
1,reuse_missing,,,,,,,,,,,,c9c6df41-df82-4bc5-87b7-63b84898087d,Rhynchosia totta,,Rhynchosia totta,,,,,,,,,,,,uuid:2439f628-f86d-4770-98d1-ae7b99a4d91f/observations/quadrat_repeat[9],uuid:2439f628-f86d-4770-98d1-ae7b99a4d91f/observations/quadrat_repeat[9]/additional_species_repeat[1]
2,reuse_unknown,,,,,,1c7e36b1-3abf-447f-bf83-377eddf82870,herb_010,,,,,,,,herb_010,,,,,,,,,,,,uuid:2439f628-f86d-4770-98d1-ae7b99a4d91f/observations/quadrat_repeat[9],uuid:2439f628-f86d-4770-98d1-ae7b99a4d91f/observations/quadrat_repeat[9]/additional_species_repeat[2]
3,new_unknown,4,2ccd67e3-da53-49dd-9324-18033b4d560a,71,herb_071,,,,,,,,,,,herb_071,herb_071,pending,unknown_species,active,,1779445053761.jpg,,,,,herb_071,uuid:2439f628-f86d-4770-98d1-ae7b99a4d91f/observations/quadrat_repeat[9],uuid:2439f628-f86d-4770-98d1-ae7b99a4d91f/observations/quadrat_repeat[9]/additional_species_repeat[3]
1,reuse_missing,,,,,,,,,,,,c9c6df41-df82-4bc5-87b7-63b84898087d,Rhynchosia totta,,Rhynchosia totta,,,,,,,,,,,,uuid:2439f628-f86d-4770-98d1-ae7b99a4d91f/observations/quadrat_repeat[10],uuid:2439f628-f86d-4770-98d1-ae7b99a4d91f/observations/quadrat_repeat[10]/additional_species_repeat[1]
2,reuse_unknown,,,,,,36a62f28-926b-4cd3-b221-6c7e32a73ef6,herb_007,,,,,,,,herb_007,,,,,,,,,,,,uuid:2439f628-f86d-4770-98d1-ae7b99a4d91f/observations/quadrat_repeat[10],uuid:2439f628-f86d-4770-98d1-ae7b99a4d91f/observations/quadrat_repeat[10]/additional_species_repeat[2]
3,reuse_unknown,,,,,,2ccd67e3-da53-49dd-9324-18033b4d560a,herb_071,,,,,,,,herb_071,,,,,,,,,,,,uuid:2439f628-f86d-4770-98d1-ae7b99a4d91f/observations/quadrat_repeat[10],uuid:2439f628-f86d-4770-98d1-ae7b99a4d91f/observations/quadrat_repeat[10]/additional_species_repeat[3]
1,reuse_missing,,,,,,,,,,,,c20ca3f8-38b6-47cf-9050-f3fd9cb7a13b,Aristida scabrivalvis,,Aristida scabrivalvis,,,,,,,,,,,,uuid:2439f628-f86d-4770-98d1-ae7b99a4d91f/observations/quadrat_repeat[11],uuid:2439f628-f86d-4770-98d1-ae7b99a4d91f/observations/quadrat_repeat[11]/additional_species_repeat[1]
1,reuse_missing,,,,,,,,,,,,c20ca3f8-38b6-47cf-9050-f3fd9cb7a13b,Aristida scabrivalvis,,Aristida scabrivalvis,,,,,,,,,,,,uuid:2439f628-f86d-4770-98d1-ae7b99a4d91f/observations/quadrat_repeat[12],uuid:2439f628-f86d-4770-98d1-ae7b99a4d91f/observations/quadrat_repeat[12]/additional_species_repeat[1]
2,reuse_missing,,,,,,,,,,,,c9c6df41-df82-4bc5-87b7-63b84898087d,Rhynchosia totta,,Rhynchosia totta,,,,,,,,,,,,uuid:2439f628-f86d-4770-98d1-ae7b99a4d91f/observations/quadrat_repeat[12],uuid:2439f628-f86d-4770-98d1-ae7b99a4d91f/observations/quadrat_repeat[12]/additional_species_repeat[2]
3,reuse_unknown,,,,,,1c7e36b1-3abf-447f-bf83-377eddf82870,herb_010,,,,,,,,herb_010,,,,,,,,,,,,uuid:2439f628-f86d-4770-98d1-ae7b99a4d91f/observations/quadrat_repeat[12],uuid:2439f628-f86d-4770-98d1-ae7b99a4d91f/observations/quadrat_repeat[12]/additional_species_repeat[3]
1,reuse_unknown,,,,,,b8f1628d-3e21-4bc0-9505-2462b1f2cb32,herb_038,,,,,,,,herb_038,,,,,,,,,,,,uuid:2439f628-f86d-4770-98d1-ae7b99a4d91f/observations/quadrat_repeat[13],uuid:2439f628-f86d-4770-98d1-ae7b99a4d91f/observations/quadrat_repeat[13]/additional_species_repeat[1]
2,reuse_unknown,,,,,,1c7e36b1-3abf-447f-bf83-377eddf82870,herb_010,,,,,,,,herb_010,,,,,,,,,,,,uuid:2439f628-f86d-4770-98d1-ae7b99a4d91f/observations/quadrat_repeat[13],uuid:2439f628-f86d-4770-98d1-ae7b99a4d91f/observations/quadrat_repeat[13]/additional_species_repeat[2]
3,reuse_unknown,,,,,,d33b1cea-79b5-4af5-9c9b-191c74ef00db,herb_035,,,,,,,,herb_035,,,,,,,,,,,,uuid:2439f628-f86d-4770-98d1-ae7b99a4d91f/observations/quadrat_repeat[13],uuid:2439f628-f86d-4770-98d1-ae7b99a4d91f/observations/quadrat_repeat[13]/additional_species_repeat[3]
1,reuse_unknown,,,,,,d33b1cea-79b5-4af5-9c9b-191c74ef00db,herb_035,,,,,,,,herb_035,,,,,,,,,,,,uuid:2439f628-f86d-4770-98d1-ae7b99a4d91f/observations/quadrat_repeat[14],uuid:2439f628-f86d-4770-98d1-ae7b99a4d91f/observations/quadrat_repeat[14]/additional_species_repeat[1]
2,reuse_missing,,,,,,,,,,,,c9c6df41-df82-4bc5-87b7-63b84898087d,Rhynchosia totta,,Rhynchosia totta,,,,,,,,,,,,uuid:2439f628-f86d-4770-98d1-ae7b99a4d91f/observations/quadrat_repeat[14],uuid:2439f628-f86d-4770-98d1-ae7b99a4d91f/observations/quadrat_repeat[14]/additional_species_repeat[2]
3,reuse_unknown,,,,,,fb421d60-eff8-4438-bbc2-b72541309d56,herb_068,,,,,,,,herb_068,,,,,,,,,,,,uuid:2439f628-f86d-4770-98d1-ae7b99a4d91f/observations/quadrat_repeat[14],uuid:2439f628-f86d-4770-98d1-ae7b99a4d91f/observations/quadrat_repeat[14]/additional_species_repeat[3]
1,reuse_missing,,,,,,,,,,,,c9c6df41-df82-4bc5-87b7-63b84898087d,Rhynchosia totta,,Rhynchosia totta,,,,,,,,,,,,uuid:2439f628-f86d-4770-98d1-ae7b99a4d91f/observations/quadrat_repeat[15],uuid:2439f628-f86d-4770-98d1-ae7b99a4d91f/observations/quadrat_repeat[15]/additional_species_repeat[1]
2,reuse_missing,,,,,,,,,,,,8c8d1146-7b63-440d-9262-4d0c6c3ef1fa,Macrotalyma daltonii,,Macrotalyma daltonii,,,,,,,,,,,,uuid:2439f628-f86d-4770-98d1-ae7b99a4d91f/observations/quadrat_repeat[15],uuid:2439f628-f86d-4770-98d1-ae7b99a4d91f/observations/quadrat_repeat[15]/additional_species_repeat[2]
3,reuse_unknown,,,,,,d33b1cea-79b5-4af5-9c9b-191c74ef00db,herb_035,,,,,,,,herb_035,,,,,,,,,,,,uuid:2439f628-f86d-4770-98d1-ae7b99a4d91f/observations/quadrat_repeat[15],uuid:2439f628-f86d-4770-98d1-ae7b99a4d91f/observations/quadrat_repeat[15]/additional_species_repeat[3]
1,reuse_unknown,,,,,,fb421d60-eff8-4438-bbc2-b72541309d56,herb_068,,,,,,,,herb_068,,,,,,,,,,,,uuid:2439f628-f86d-4770-98d1-ae7b99a4d91f/observations/quadrat_repeat[16],uuid:2439f628-f86d-4770-98d1-ae7b99a4d91f/observations/quadrat_repeat[16]/additional_species_repeat[1]
2,reuse_missing,,,,,,,,,,,,8c8d1146-7b63-440d-9262-4d0c6c3ef1fa,Macrotalyma daltonii,,Macrotalyma daltonii,,,,,,,,,,,,uuid:2439f628-f86d-4770-98d1-ae7b99a4d91f/observations/quadrat_repeat[16],uuid:2439f628-f86d-4770-98d1-ae7b99a4d91f/observations/quadrat_repeat[16]/additional_species_repeat[2]
1,reuse_missing,,,,,,,,,,,,c20ca3f8-38b6-47cf-9050-f3fd9cb7a13b,Aristida scabrivalvis,,Aristida scabrivalvis,,,,,,,,,,,,uuid:2439f628-f86d-4770-98d1-ae7b99a4d91f/observations/quadrat_repeat[17],uuid:2439f628-f86d-4770-98d1-ae7b99a4d91f/observations/quadrat_repeat[17]/additional_species_repeat[1]
2,reuse_unknown,,,,,,54d71dc0-2243-4443-9806-24e5314d1557,herb_031,,,,,,,,herb_031,,,,,,,,,,,,uuid:2439f628-f86d-4770-98d1-ae7b99a4d91f/observations/quadrat_repeat[17],uuid:2439f628-f86d-4770-98d1-ae7b99a4d91f/observations/quadrat_repeat[17]/additional_species_repeat[2]
1,reuse_unknown,,,,,,029992eb-bc34-46d0-83ce-adb65fedf6d9,herb_054,,,,,,,,herb_054,,,,,,,,,,,,uuid:2439f628-f86d-4770-98d1-ae7b99a4d91f/observations/quadrat_repeat[18],uuid:2439f628-f86d-4770-98d1-ae7b99a4d91f/observations/quadrat_repeat[18]/additional_species_repeat[1]
2,reuse_unknown,,,,,,1c7e36b1-3abf-447f-bf83-377eddf82870,herb_010,,,,,,,,herb_010,,,,,,,,,,,,uuid:2439f628-f86d-4770-98d1-ae7b99a4d91f/observations/quadrat_repeat[18],uuid:2439f628-f86d-4770-98d1-ae7b99a4d91f/observations/quadrat_repeat[18]/additional_species_repeat[2]
1,reuse_unknown,,,,,,1c7e36b1-3abf-447f-bf83-377eddf82870,herb_010,,,,,,,,herb_010,,,,,,,,,,,,uuid:2439f628-f86d-4770-98d1-ae7b99a4d91f/observations/quadrat_repeat[19],uuid:2439f628-f86d-4770-98d1-ae7b99a4d91f/observations/quadrat_repeat[19]/additional_species_repeat[1]
1,reuse_unknown,,,,,,1c7e36b1-3abf-447f-bf83-377eddf82870,herb_010,,,,,,,,herb_010,,,,,,,,,,,,uuid:2439f628-f86d-4770-98d1-ae7b99a4d91f/observations/quadrat_repeat[20],uuid:2439f628-f86d-4770-98d1-ae7b99a4d91f/observations/quadrat_repeat[20]/additional_species_repeat[1]
2,reuse_missing,,,,,,,,,,,,c9c6df41-df82-4bc5-87b7-63b84898087d,Rhynchosia totta,,Rhynchosia totta,,,,,,,,,,,,uuid:2439f628-f86d-4770-98d1-ae7b99a4d91f/observations/quadrat_repeat[20],uuid:2439f628-f86d-4770-98d1-ae7b99a4d91f/observations/quadrat_repeat[20]/additional_species_repeat[2]
1,reuse_unknown,,,,,,389d329c-62fe-4ded-80f2-3599fb31c5b6,herb_024,,,,,,,,herb_024,,,,,,,,,,,,uuid:5d242bf2-8888-4eb0-9082-431482177425/observations/quadrat_repeat[1],uuid:5d242bf2-8888-4eb0-9082-431482177425/observations/quadrat_repeat[1]/additional_species_repeat[1]
1,reuse_missing,,,,,,,,,,,,43214fc0-8a13-4af6-bc50-5b2ff891d955,Oldenladia corymbosa,,Oldenladia corymbosa,,,,,,,,,,,,uuid:5d242bf2-8888-4eb0-9082-431482177425/observations/quadrat_repeat[2],uuid:5d242bf2-8888-4eb0-9082-431482177425/observations/quadrat_repeat[2]/additional_species_repeat[1]
1,reuse_unknown,,,,,,389d329c-62fe-4ded-80f2-3599fb31c5b6,herb_024,,,,,,,,herb_024,,,,,,,,,,,,uuid:5d242bf2-8888-4eb0-9082-431482177425/observations/quadrat_repeat[3],uuid:5d242bf2-8888-4eb0-9082-431482177425/observations/quadrat_repeat[3]/additional_species_repeat[1]
1,reuse_unknown,,,,,,2ed2012b-331f-4ec4-972c-92e6254e66bf,herb_055,,,,,,,,herb_055,,,,,,,,,,,,uuid:5d242bf2-8888-4eb0-9082-431482177425/observations/quadrat_repeat[5],uuid:5d242bf2-8888-4eb0-9082-431482177425/observations/quadrat_repeat[5]/additional_species_repeat[1]
1,new_missing,0,05dc2613-2446-4b97-95f1-7f41bcaa476e,63,,,,,,herb_063,Sida chrysantha,,,,,herb_063 (Sida chrysantha),Sida chrysantha,pending,missing_species,active,,1779434571810.jpg,,,,,Sida chrysantha,uuid:5d242bf2-8888-4eb0-9082-431482177425/observations/quadrat_repeat[7],uuid:5d242bf2-8888-4eb0-9082-431482177425/observations/quadrat_repeat[7]/additional_species_repeat[1]
1,reuse_unknown,,,,,,389d329c-62fe-4ded-80f2-3599fb31c5b6,herb_024,,,,,,,,herb_024,,,,,,,,,,,,uuid:5d242bf2-8888-4eb0-9082-431482177425/observations/quadrat_repeat[8],uuid:5d242bf2-8888-4eb0-9082-431482177425/observations/quadrat_repeat[8]/additional_species_repeat[1]
1,reuse_unknown,,,,,,389d329c-62fe-4ded-80f2-3599fb31c5b6,herb_024,,,,,,,,herb_024,,,,,,,,,,,,uuid:5d242bf2-8888-4eb0-9082-431482177425/observations/quadrat_repeat[9],uuid:5d242bf2-8888-4eb0-9082-431482177425/observations/quadrat_repeat[9]/additional_species_repeat[1]
2,new_missing,1,93680d11-c7a8-4065-9ed8-a2f060fdf7fa,64,,,,,,herb_064,Ipomea sinensis,,,,,herb_064 (Ipomea sinensis),Ipomea sinensis,pending,missing_species,active,,1779435214471.jpg,,,,,Ipomea sinensis,uuid:5d242bf2-8888-4eb0-9082-431482177425/observations/quadrat_repeat[9],uuid:5d242bf2-8888-4eb0-9082-431482177425/observations/quadrat_repeat[9]/additional_species_repeat[2]
1,reuse_unknown,,,,,,389d329c-62fe-4ded-80f2-3599fb31c5b6,herb_024,,,,,,,,herb_024,,,,,,,,,,,,uuid:5d242bf2-8888-4eb0-9082-431482177425/observations/quadrat_repeat[13],uuid:5d242bf2-8888-4eb0-9082-431482177425/observations/quadrat_repeat[13]/additional_species_repeat[1]
1,reuse_unknown,,,,,,389d329c-62fe-4ded-80f2-3599fb31c5b6,herb_024,,,,,,,,herb_024,,,,,,,,,,,,uuid:5d242bf2-8888-4eb0-9082-431482177425/observations/quadrat_repeat[17],uuid:5d242bf2-8888-4eb0-9082-431482177425/observations/quadrat_repeat[17]/additional_species_repeat[1]
2,new_missing,2,0d7726c7-ac59-4aa3-a7ec-5ced5a6f05ff,65,,,,,,herb_065,Gisekia pharnaceoides,,,,,herb_065 (Gisekia pharnaceoides),Gisekia pharnaceoides,pending,missing_species,active,,1779437055879.jpg,,,,,Gisekia pharnaceoides,uuid:5d242bf2-8888-4eb0-9082-431482177425/observations/quadrat_repeat[17],uuid:5d242bf2-8888-4eb0-9082-431482177425/observations/quadrat_repeat[17]/additional_species_repeat[2]
3,new_unknown,3,1915b526-edb3-4804-bdd5-0d51bf4c515b,66,herb_066,,,,,,,,,,,herb_066,herb_066,pending,unknown_species,active,,1779437148206.jpg,,,,,herb_066,uuid:5d242bf2-8888-4eb0-9082-431482177425/observations/quadrat_repeat[17],uuid:5d242bf2-8888-4eb0-9082-431482177425/observations/quadrat_repeat[17]/additional_species_repeat[3]
1,reuse_missing,,,,,,,,,,,,895bce64-ba76-494b-9f25-aef306fddca0,Xenostegia tridentata,,Xenostegia tridentata,,,,,,,,,,,,uuid:5d242bf2-8888-4eb0-9082-431482177425/observations/quadrat_repeat[18],uuid:5d242bf2-8888-4eb0-9082-431482177425/observations/quadrat_repeat[18]/additional_species_repeat[1]
2,reuse_unknown,,,,,,1915b526-edb3-4804-bdd5-0d51bf4c515b,herb_066,,,,,,,,herb_066,,,,,,,,,,,,uuid:5d242bf2-8888-4eb0-9082-431482177425/observations/quadrat_repeat[18],uuid:5d242bf2-8888-4eb0-9082-431482177425/observations/quadrat_repeat[18]/additional_species_repeat[2]
1,reuse_missing,,,,,,,,,,,,93680d11-c7a8-4065-9ed8-a2f060fdf7fa,herb_064,,herb_064,,,,,,,,,,,,uuid:5d242bf2-8888-4eb0-9082-431482177425/observations/quadrat_repeat[19],uuid:5d242bf2-8888-4eb0-9082-431482177425/observations/quadrat_repeat[19]/additional_species_repeat[1]
1,reuse_unknown,,,,,,389d329c-62fe-4ded-80f2-3599fb31c5b6,herb_024,,,,,,,,herb_024,,,,,,,,,,,,uuid:5d242bf2-8888-4eb0-9082-431482177425/observations/quadrat_repeat[20],uuid:5d242bf2-8888-4eb0-9082-431482177425/observations/quadrat_repeat[20]/additional_species_repeat[1]
1,reuse_unknown,,,,,,389d329c-62fe-4ded-80f2-3599fb31c5b6,herb_024,,,,,,,,herb_024,,,,,,,,,,,,uuid:95cde0b4-8b49-4f5d-a3c7-6765e1c06466/observations/quadrat_repeat[1],uuid:95cde0b4-8b49-4f5d-a3c7-6765e1c06466/observations/quadrat_repeat[1]/additional_species_repeat[1]
2,new_unknown,0,5f311a8d-edef-46a8-bf3e-7e6ef101d8eb,56,herb_056,,,,,,,,,,,herb_056,herb_056,pending,unknown_species,active,,1779364780567.jpg,,,,,herb_056,uuid:95cde0b4-8b49-4f5d-a3c7-6765e1c06466/observations/quadrat_repeat[1],uuid:95cde0b4-8b49-4f5d-a3c7-6765e1c06466/observations/quadrat_repeat[1]/additional_species_repeat[2]
1,reuse_missing,,,,,,,,,,,,86e48f75-a0d5-4cae-b0c7-f03a025bb150,Evolvulus alsinoides ,,Evolvulus alsinoides ,,,,,,,,,,,,uuid:95cde0b4-8b49-4f5d-a3c7-6765e1c06466/observations/quadrat_repeat[3],uuid:95cde0b4-8b49-4f5d-a3c7-6765e1c06466/observations/quadrat_repeat[3]/additional_species_repeat[1]
1,reuse_unknown,,,,,,029992eb-bc34-46d0-83ce-adb65fedf6d9,herb_054,,,,,,,,herb_054,,,,,,,,,,,,uuid:95cde0b4-8b49-4f5d-a3c7-6765e1c06466/observations/quadrat_repeat[4],uuid:95cde0b4-8b49-4f5d-a3c7-6765e1c06466/observations/quadrat_repeat[4]/additional_species_repeat[1]
1,reuse_unknown,,,,,,029992eb-bc34-46d0-83ce-adb65fedf6d9,herb_054,,,,,,,,herb_054,,,,,,,,,,,,uuid:95cde0b4-8b49-4f5d-a3c7-6765e1c06466/observations/quadrat_repeat[5],uuid:95cde0b4-8b49-4f5d-a3c7-6765e1c06466/observations/quadrat_repeat[5]/additional_species_repeat[1]
2,new_missing,1,d8ae21a7-5b8f-43df-8e16-b233dc6cb432,57,,,,,,herb_057,Erlangea misera,,,,,herb_057 (Erlangea misera),Erlangea misera,pending,missing_species,active,,1779366225608.jpg,1779366234048.jpg,,,,Erlangea misera,uuid:95cde0b4-8b49-4f5d-a3c7-6765e1c06466/observations/quadrat_repeat[5],uuid:95cde0b4-8b49-4f5d-a3c7-6765e1c06466/observations/quadrat_repeat[5]/additional_species_repeat[2]
1,new_unknown,2,05dd9aed-9e6a-4313-a789-ded7f585856c,58,herb_058,,,,,,,,,,,herb_058,herb_058,pending,unknown_species,active,,1779366491998.jpg,,,,,herb_058,uuid:95cde0b4-8b49-4f5d-a3c7-6765e1c06466/observations/quadrat_repeat[6],uuid:95cde0b4-8b49-4f5d-a3c7-6765e1c06466/observations/quadrat_repeat[6]/additional_species_repeat[1]
1,reuse_missing,,,,,,,,,,,,8c8d1146-7b63-440d-9262-4d0c6c3ef1fa,Macrotalyma daltonii,,Macrotalyma daltonii,,,,,,,,,,,,uuid:95cde0b4-8b49-4f5d-a3c7-6765e1c06466/observations/quadrat_repeat[7],uuid:95cde0b4-8b49-4f5d-a3c7-6765e1c06466/observations/quadrat_repeat[7]/additional_species_repeat[1]
2,reuse_missing,,,,,,,,,,,,06f30c6a-71e6-463b-babf-ca0cce2d7836,Panicum hirtum,,Panicum hirtum,,,,,,,,,,,,uuid:95cde0b4-8b49-4f5d-a3c7-6765e1c06466/observations/quadrat_repeat[7],uuid:95cde0b4-8b49-4f5d-a3c7-6765e1c06466/observations/quadrat_repeat[7]/additional_species_repeat[2]
3,reuse_missing,,,,,,,,,,,,6cfa0d1b-d0f6-4a6c-bd0d-5a0c3e586d9b,Tephrosia purpurea,,Tephrosia purpurea,,,,,,,,,,,,uuid:95cde0b4-8b49-4f5d-a3c7-6765e1c06466/observations/quadrat_repeat[7],uuid:95cde0b4-8b49-4f5d-a3c7-6765e1c06466/observations/quadrat_repeat[7]/additional_species_repeat[3]
1,reuse_unknown,,,,,,36a62f28-926b-4cd3-b221-6c7e32a73ef6,herb_007,,,,,,,,herb_007,,,,,,,,,,,,uuid:95cde0b4-8b49-4f5d-a3c7-6765e1c06466/observations/quadrat_repeat[8],uuid:95cde0b4-8b49-4f5d-a3c7-6765e1c06466/observations/quadrat_repeat[8]/additional_species_repeat[1]
2,reuse_missing,,,,,,,,,,,,4821f54d-4b1b-4005-a7ce-0e57846592ea,Phyllanthus pantandrus,,Phyllanthus pantandrus,,,,,,,,,,,,uuid:95cde0b4-8b49-4f5d-a3c7-6765e1c06466/observations/quadrat_repeat[8],uuid:95cde0b4-8b49-4f5d-a3c7-6765e1c06466/observations/quadrat_repeat[8]/additional_species_repeat[2]
3,reuse_missing,,,,,,,,,,,,06f30c6a-71e6-463b-babf-ca0cce2d7836,Panicum hirtum,,Panicum hirtum,,,,,,,,,,,,uuid:95cde0b4-8b49-4f5d-a3c7-6765e1c06466/observations/quadrat_repeat[8],uuid:95cde0b4-8b49-4f5d-a3c7-6765e1c06466/observations/quadrat_repeat[8]/additional_species_repeat[3]
4,reuse_unknown,,,,,,029992eb-bc34-46d0-83ce-adb65fedf6d9,herb_054,,,,,,,,herb_054,,,,,,,,,,,,uuid:95cde0b4-8b49-4f5d-a3c7-6765e1c06466/observations/quadrat_repeat[8],uuid:95cde0b4-8b49-4f5d-a3c7-6765e1c06466/observations/quadrat_repeat[8]/additional_species_repeat[4]
1,reuse_unknown,,,,,,fb3df274-e835-4531-bacd-16568d5591ed,herb_033,,,,,,,,herb_033,,,,,,,,,,,,uuid:95cde0b4-8b49-4f5d-a3c7-6765e1c06466/observations/quadrat_repeat[9],uuid:95cde0b4-8b49-4f5d-a3c7-6765e1c06466/observations/quadrat_repeat[9]/additional_species_repeat[1]
2,new_missing,3,d5545982-ac9e-403f-b5c0-14601d6cfab4,59,,,,,,herb_059,Justicia divaricata,,,,,herb_059 (Justicia divaricata),Justicia divaricata,pending,missing_species,active,,1779367267052.jpg,,,,,Justicia divaricata,uuid:95cde0b4-8b49-4f5d-a3c7-6765e1c06466/observations/quadrat_repeat[9],uuid:95cde0b4-8b49-4f5d-a3c7-6765e1c06466/observations/quadrat_repeat[9]/additional_species_repeat[2]
1,reuse_missing,,,,,,,,,,,,d8ae21a7-5b8f-43df-8e16-b233dc6cb432,herb_057,,herb_057,,,,,,,,,,,,uuid:95cde0b4-8b49-4f5d-a3c7-6765e1c06466/observations/quadrat_repeat[10],uuid:95cde0b4-8b49-4f5d-a3c7-6765e1c06466/observations/quadrat_repeat[10]/additional_species_repeat[1]
1,reuse_missing,,,,,,,,,,,,d8ae21a7-5b8f-43df-8e16-b233dc6cb432,herb_057,,herb_057,,,,,,,,,,,,uuid:95cde0b4-8b49-4f5d-a3c7-6765e1c06466/observations/quadrat_repeat[11],uuid:95cde0b4-8b49-4f5d-a3c7-6765e1c06466/observations/quadrat_repeat[11]/additional_species_repeat[1]
2,reuse_unknown,,,,,,029992eb-bc34-46d0-83ce-adb65fedf6d9,herb_054,,,,,,,,herb_054,,,,,,,,,,,,uuid:95cde0b4-8b49-4f5d-a3c7-6765e1c06466/observations/quadrat_repeat[11],uuid:95cde0b4-8b49-4f5d-a3c7-6765e1c06466/observations/quadrat_repeat[11]/additional_species_repeat[2]
1,reuse_missing,,,,,,,,,,,,8c8d1146-7b63-440d-9262-4d0c6c3ef1fa,Macrotalyma daltonii,,Macrotalyma daltonii,,,,,,,,,,,,uuid:95cde0b4-8b49-4f5d-a3c7-6765e1c06466/observations/quadrat_repeat[12],uuid:95cde0b4-8b49-4f5d-a3c7-6765e1c06466/observations/quadrat_repeat[12]/additional_species_repeat[1]
2,reuse_unknown,,,,,,029992eb-bc34-46d0-83ce-adb65fedf6d9,herb_054,,,,,,,,herb_054,,,,,,,,,,,,uuid:95cde0b4-8b49-4f5d-a3c7-6765e1c06466/observations/quadrat_repeat[12],uuid:95cde0b4-8b49-4f5d-a3c7-6765e1c06466/observations/quadrat_repeat[12]/additional_species_repeat[2]
3,reuse_missing,,,,,,,,,,,,d8ae21a7-5b8f-43df-8e16-b233dc6cb432,herb_057,,herb_057,,,,,,,,,,,,uuid:95cde0b4-8b49-4f5d-a3c7-6765e1c06466/observations/quadrat_repeat[12],uuid:95cde0b4-8b49-4f5d-a3c7-6765e1c06466/observations/quadrat_repeat[12]/additional_species_repeat[3]
4,reuse_missing,,,,,,,,,,,,86e48f75-a0d5-4cae-b0c7-f03a025bb150,Evolvulus alsinoides ,,Evolvulus alsinoides ,,,,,,,,,,,,uuid:95cde0b4-8b49-4f5d-a3c7-6765e1c06466/observations/quadrat_repeat[12],uuid:95cde0b4-8b49-4f5d-a3c7-6765e1c06466/observations/quadrat_repeat[12]/additional_species_repeat[4]
5,reuse_unknown,,,,,,830f676f-f705-4965-ad13-b1781cab7373,herb_049,,,,,,,,herb_049,,,,,,,,,,,,uuid:95cde0b4-8b49-4f5d-a3c7-6765e1c06466/observations/quadrat_repeat[12],uuid:95cde0b4-8b49-4f5d-a3c7-6765e1c06466/observations/quadrat_repeat[12]/additional_species_repeat[5]
1,reuse_missing,,,,,,,,,,,,86e48f75-a0d5-4cae-b0c7-f03a025bb150,Evolvulus alsinoides ,,Evolvulus alsinoides ,,,,,,,,,,,,uuid:95cde0b4-8b49-4f5d-a3c7-6765e1c06466/observations/quadrat_repeat[13],uuid:95cde0b4-8b49-4f5d-a3c7-6765e1c06466/observations/quadrat_repeat[13]/additional_species_repeat[1]
2,reuse_unknown,,,,,,029992eb-bc34-46d0-83ce-adb65fedf6d9,herb_054,,,,,,,,herb_054,,,,,,,,,,,,uuid:95cde0b4-8b49-4f5d-a3c7-6765e1c06466/observations/quadrat_repeat[13],uuid:95cde0b4-8b49-4f5d-a3c7-6765e1c06466/observations/quadrat_repeat[13]/additional_species_repeat[2]
3,new_missing,4,ffacfbb9-22db-4332-9a80-35023dd5c233,60,,,,,,herb_060,Citrullus naudinianus,,,,,herb_060 (Citrullus naudinianus),Citrullus naudinianus,pending,missing_species,active,,1779368110814.jpg,,,,,Citrullus naudinianus,uuid:95cde0b4-8b49-4f5d-a3c7-6765e1c06466/observations/quadrat_repeat[13],uuid:95cde0b4-8b49-4f5d-a3c7-6765e1c06466/observations/quadrat_repeat[13]/additional_species_repeat[3]
1,reuse_missing,,,,,,,,,,,,d8ae21a7-5b8f-43df-8e16-b233dc6cb432,herb_057,,herb_057,,,,,,,,,,,,uuid:95cde0b4-8b49-4f5d-a3c7-6765e1c06466/observations/quadrat_repeat[14],uuid:95cde0b4-8b49-4f5d-a3c7-6765e1c06466/observations/quadrat_repeat[14]/additional_species_repeat[1]
2,reuse_missing,,,,,,,,,,,,8c8d1146-7b63-440d-9262-4d0c6c3ef1fa,Macrotalyma daltonii,,Macrotalyma daltonii,,,,,,,,,,,,uuid:95cde0b4-8b49-4f5d-a3c7-6765e1c06466/observations/quadrat_repeat[14],uuid:95cde0b4-8b49-4f5d-a3c7-6765e1c06466/observations/quadrat_repeat[14]/additional_species_repeat[2]
3,reuse_missing,,,,,,,,,,,,06f30c6a-71e6-463b-babf-ca0cce2d7836,Panicum hirtum,,Panicum hirtum,,,,,,,,,,,,uuid:95cde0b4-8b49-4f5d-a3c7-6765e1c06466/observations/quadrat_repeat[14],uuid:95cde0b4-8b49-4f5d-a3c7-6765e1c06466/observations/quadrat_repeat[14]/additional_species_repeat[3]
4,reuse_missing,,,,,,,,,,,,eacca28e-4664-4710-96b9-29a1ef6294ab,Pogonarthria fleckii,,Pogonarthria fleckii,,,,,,,,,,,,uuid:95cde0b4-8b49-4f5d-a3c7-6765e1c06466/observations/quadrat_repeat[14],uuid:95cde0b4-8b49-4f5d-a3c7-6765e1c06466/observations/quadrat_repeat[14]/additional_species_repeat[4]
1,reuse_unknown,,,,,,029992eb-bc34-46d0-83ce-adb65fedf6d9,herb_054,,,,,,,,herb_054,,,,,,,,,,,,uuid:95cde0b4-8b49-4f5d-a3c7-6765e1c06466/observations/quadrat_repeat[15],uuid:95cde0b4-8b49-4f5d-a3c7-6765e1c06466/observations/quadrat_repeat[15]/additional_species_repeat[1]
2,reuse_missing,,,,,,,,,,,,86e48f75-a0d5-4cae-b0c7-f03a025bb150,Evolvulus alsinoides ,,Evolvulus alsinoides ,,,,,,,,,,,,uuid:95cde0b4-8b49-4f5d-a3c7-6765e1c06466/observations/quadrat_repeat[15],uuid:95cde0b4-8b49-4f5d-a3c7-6765e1c06466/observations/quadrat_repeat[15]/additional_species_repeat[2]
3,reuse_missing,,,,,,,,,,,,ffacfbb9-22db-4332-9a80-35023dd5c233,herb_060,,herb_060,,,,,,,,,,,,uuid:95cde0b4-8b49-4f5d-a3c7-6765e1c06466/observations/quadrat_repeat[15],uuid:95cde0b4-8b49-4f5d-a3c7-6765e1c06466/observations/quadrat_repeat[15]/additional_species_repeat[3]
4,new_unknown,5,7ac14e28-ae0d-4124-b7cb-f0bde6b7eba8,61,herb_061,,,,,,,,,,,herb_061,herb_061,pending,unknown_species,active,,1779368527933.jpg,,,,,herb_061,uuid:95cde0b4-8b49-4f5d-a3c7-6765e1c06466/observations/quadrat_repeat[15],uuid:95cde0b4-8b49-4f5d-a3c7-6765e1c06466/observations/quadrat_repeat[15]/additional_species_repeat[4]
1,reuse_missing,,,,,,,,,,,,86e48f75-a0d5-4cae-b0c7-f03a025bb150,Evolvulus alsinoides ,,Evolvulus alsinoides ,,,,,,,,,,,,uuid:95cde0b4-8b49-4f5d-a3c7-6765e1c06466/observations/quadrat_repeat[16],uuid:95cde0b4-8b49-4f5d-a3c7-6765e1c06466/observations/quadrat_repeat[16]/additional_species_repeat[1]
1,reuse_missing,,,,,,,,,,,,4821f54d-4b1b-4005-a7ce-0e57846592ea,Phyllanthus pantandrus,,Phyllanthus pantandrus,,,,,,,,,,,,uuid:95cde0b4-8b49-4f5d-a3c7-6765e1c06466/observations/quadrat_repeat[17],uuid:95cde0b4-8b49-4f5d-a3c7-6765e1c06466/observations/quadrat_repeat[17]/additional_species_repeat[1]
2,reuse_missing,,,,,,,,,,,,8c8d1146-7b63-440d-9262-4d0c6c3ef1fa,Macrotalyma daltonii,,Macrotalyma daltonii,,,,,,,,,,,,uuid:95cde0b4-8b49-4f5d-a3c7-6765e1c06466/observations/quadrat_repeat[17],uuid:95cde0b4-8b49-4f5d-a3c7-6765e1c06466/observations/quadrat_repeat[17]/additional_species_repeat[2]
1,reuse_unknown,,,,,,029992eb-bc34-46d0-83ce-adb65fedf6d9,herb_054,,,,,,,,herb_054,,,,,,,,,,,,uuid:95cde0b4-8b49-4f5d-a3c7-6765e1c06466/observations/quadrat_repeat[18],uuid:95cde0b4-8b49-4f5d-a3c7-6765e1c06466/observations/quadrat_repeat[18]/additional_species_repeat[1]
1,reuse_missing,,,,,,,,,,,,86e48f75-a0d5-4cae-b0c7-f03a025bb150,Evolvulus alsinoides ,,Evolvulus alsinoides ,,,,,,,,,,,,uuid:95cde0b4-8b49-4f5d-a3c7-6765e1c06466/observations/quadrat_repeat[19],uuid:95cde0b4-8b49-4f5d-a3c7-6765e1c06466/observations/quadrat_repeat[19]/additional_species_repeat[1]
2,reuse_missing,,,,,,,,,,,,8c8d1146-7b63-440d-9262-4d0c6c3ef1fa,Macrotalyma daltonii,,Macrotalyma daltonii,,,,,,,,,,,,uuid:95cde0b4-8b49-4f5d-a3c7-6765e1c06466/observations/quadrat_repeat[19],uuid:95cde0b4-8b49-4f5d-a3c7-6765e1c06466/observations/quadrat_repeat[19]/additional_species_repeat[2]
3,reuse_unknown,,,,,,029992eb-bc34-46d0-83ce-adb65fedf6d9,herb_054,,,,,,,,herb_054,,,,,,,,,,,,uuid:95cde0b4-8b49-4f5d-a3c7-6765e1c06466/observations/quadrat_repeat[19],uuid:95cde0b4-8b49-4f5d-a3c7-6765e1c06466/observations/quadrat_repeat[19]/additional_species_repeat[3]
1,reuse_missing,,,,,,,,,,,,8c8d1146-7b63-440d-9262-4d0c6c3ef1fa,Macrotalyma daltonii,,Macrotalyma daltonii,,,,,,,,,,,,uuid:95cde0b4-8b49-4f5d-a3c7-6765e1c06466/observations/quadrat_repeat[20],uuid:95cde0b4-8b49-4f5d-a3c7-6765e1c06466/observations/quadrat_repeat[20]/additional_species_repeat[1]
2,reuse_unknown,,,,,,029992eb-bc34-46d0-83ce-adb65fedf6d9,herb_054,,,,,,,,herb_054,,,,,,,,,,,,uuid:95cde0b4-8b49-4f5d-a3c7-6765e1c06466/observations/quadrat_repeat[20],uuid:95cde0b4-8b49-4f5d-a3c7-6765e1c06466/observations/quadrat_repeat[20]/additional_species_repeat[2]
3,new_missing,6,a6e4fe4b-5383-4e74-864f-e66c83c23225,62,,,,,,herb_062,Abitulum ramosum,,,,,herb_062 (Abitulum ramosum),Abitulum ramosum,pending,missing_species,active,,1779369115730.jpg,,,,,Abitulum ramosum,uuid:95cde0b4-8b49-4f5d-a3c7-6765e1c06466/observations/quadrat_repeat[20],uuid:95cde0b4-8b49-4f5d-a3c7-6765e1c06466/observations/quadrat_repeat[20]/additional_species_repeat[3]
1,reuse_missing,,,,,,,,,,,,86e48f75-a0d5-4cae-b0c7-f03a025bb150,Evolvulus alsinoides ,,Evolvulus alsinoides ,,,,,,,,,,,,uuid:fdf5f121-0a7f-4769-85bb-4717e0361eb4/observations/quadrat_repeat[1],uuid:fdf5f121-0a7f-4769-85bb-4717e0361eb4/observations/quadrat_repeat[1]/additional_species_repeat[1]
1,reuse_missing,,,,,,,,,,,,6cfa0d1b-d0f6-4a6c-bd0d-5a0c3e586d9b,Tephrosia purpurea,,Tephrosia purpurea,,,,,,,,,,,,uuid:fdf5f121-0a7f-4769-85bb-4717e0361eb4/observations/quadrat_repeat[2],uuid:fdf5f121-0a7f-4769-85bb-4717e0361eb4/observations/quadrat_repeat[2]/additional_species_repeat[1]
1,reuse_unknown,,,,,,eaddd154-6c59-4cdb-b06f-3a84ff2c6e67,herb_045,,,,,,,,herb_045,,,,,,,,,,,,uuid:fdf5f121-0a7f-4769-85bb-4717e0361eb4/observations/quadrat_repeat[6],uuid:fdf5f121-0a7f-4769-85bb-4717e0361eb4/observations/quadrat_repeat[6]/additional_species_repeat[1]
2,new_unknown,0,359ace35-78cc-43fa-9100-dac1af1b0022,52,herb_052,,,,,,,,,,,herb_052,herb_052,pending,unknown_species,active,,1779359245139.jpg,,,,,herb_052,uuid:fdf5f121-0a7f-4769-85bb-4717e0361eb4/observations/quadrat_repeat[6],uuid:fdf5f121-0a7f-4769-85bb-4717e0361eb4/observations/quadrat_repeat[6]/additional_species_repeat[2]
1,reuse_unknown,,,,,,eaddd154-6c59-4cdb-b06f-3a84ff2c6e67,herb_045,,,,,,,,herb_045,,,,,,,,,,,,uuid:fdf5f121-0a7f-4769-85bb-4717e0361eb4/observations/quadrat_repeat[7],uuid:fdf5f121-0a7f-4769-85bb-4717e0361eb4/observations/quadrat_repeat[7]/additional_species_repeat[1]
2,new_missing,1,b37d4db9-cf05-4ffd-9b91-2b3252248ead,53,,,,,,herb_053,Pechuel-loeschea leubnitziae,,,,,herb_053 (Pechuel-loeschea leubnitziae),Pechuel-loeschea leubnitziae,pending,missing_species,active,,1779359412204.jpg,,,,,Pechuel-loeschea leubnitziae,uuid:fdf5f121-0a7f-4769-85bb-4717e0361eb4/observations/quadrat_repeat[7],uuid:fdf5f121-0a7f-4769-85bb-4717e0361eb4/observations/quadrat_repeat[7]/additional_species_repeat[2]
1,reuse_unknown,,,,,,bfb94c69-e91b-46c7-90d6-21439f192472,herb_012,,,,,,,,herb_012,,,,,,,,,,,,uuid:fdf5f121-0a7f-4769-85bb-4717e0361eb4/observations/quadrat_repeat[10],uuid:fdf5f121-0a7f-4769-85bb-4717e0361eb4/observations/quadrat_repeat[10]/additional_species_repeat[1]
2,new_unknown,2,029992eb-bc34-46d0-83ce-adb65fedf6d9,54,herb_054,,,,,,,,,,,herb_054,herb_054,pending,unknown_species,active,,1779359960848.jpg,1779359989739.jpg,,,,herb_054,uuid:fdf5f121-0a7f-4769-85bb-4717e0361eb4/observations/quadrat_repeat[10],uuid:fdf5f121-0a7f-4769-85bb-4717e0361eb4/observations/quadrat_repeat[10]/additional_species_repeat[2]
3,new_unknown,3,2ed2012b-331f-4ec4-972c-92e6254e66bf,55,herb_055,,,,,,,,,,,herb_055,herb_055,pending,unknown_species,active,,1779360088202.jpg,,,,,herb_055,uuid:fdf5f121-0a7f-4769-85bb-4717e0361eb4/observations/quadrat_repeat[10],uuid:fdf5f121-0a7f-4769-85bb-4717e0361eb4/observations/quadrat_repeat[10]/additional_species_repeat[3]
1,reuse_unknown,,,,,,eaddd154-6c59-4cdb-b06f-3a84ff2c6e67,herb_045,,,,,,,,herb_045,,,,,,,,,,,,uuid:fdf5f121-0a7f-4769-85bb-4717e0361eb4/observations/quadrat_repeat[13],uuid:fdf5f121-0a7f-4769-85bb-4717e0361eb4/observations/quadrat_repeat[13]/additional_species_repeat[1]
1,reuse_missing,,,,,,,,,,,,b37d4db9-cf05-4ffd-9b91-2b3252248ead,herb_053,,herb_053,,,,,,,,,,,,uuid:fdf5f121-0a7f-4769-85bb-4717e0361eb4/observations/quadrat_repeat[14],uuid:fdf5f121-0a7f-4769-85bb-4717e0361eb4/observations/quadrat_repeat[14]/additional_species_repeat[1]
1,reuse_unknown,,,,,,bfb94c69-e91b-46c7-90d6-21439f192472,herb_012,,,,,,,,herb_012,,,,,,,,,,,,uuid:fdf5f121-0a7f-4769-85bb-4717e0361eb4/observations/quadrat_repeat[15],uuid:fdf5f121-0a7f-4769-85bb-4717e0361eb4/observations/quadrat_repeat[15]/additional_species_repeat[1]
2,reuse_missing,,,,,,,,,,,,481f48b4-4737-470d-873f-b0aa583d973a,Senna obtusifolia,,Senna obtusifolia,,,,,,,,,,,,uuid:fdf5f121-0a7f-4769-85bb-4717e0361eb4/observations/quadrat_repeat[15],uuid:fdf5f121-0a7f-4769-85bb-4717e0361eb4/observations/quadrat_repeat[15]/additional_species_repeat[2]
1,reuse_unknown,,,,,,eaddd154-6c59-4cdb-b06f-3a84ff2c6e67,herb_045,,,,,,,,herb_045,,,,,,,,,,,,uuid:fdf5f121-0a7f-4769-85bb-4717e0361eb4/observations/quadrat_repeat[16],uuid:fdf5f121-0a7f-4769-85bb-4717e0361eb4/observations/quadrat_repeat[16]/additional_species_repeat[1]
2,reuse_missing,,,,,,,,,,,,481f48b4-4737-470d-873f-b0aa583d973a,Senna obtusifolia,,Senna obtusifolia,,,,,,,,,,,,uuid:fdf5f121-0a7f-4769-85bb-4717e0361eb4/observations/quadrat_repeat[16],uuid:fdf5f121-0a7f-4769-85bb-4717e0361eb4/observations/quadrat_repeat[16]/additional_species_repeat[2]
1,reuse_missing,,,,,,,,,,,,b37d4db9-cf05-4ffd-9b91-2b3252248ead,herb_053,,herb_053,,,,,,,,,,,,uuid:fdf5f121-0a7f-4769-85bb-4717e0361eb4/observations/quadrat_repeat[19],uuid:fdf5f121-0a7f-4769-85bb-4717e0361eb4/observations/quadrat_repeat[19]/additional_species_repeat[1]
1,reuse_unknown,,,,,,1c7e36b1-3abf-447f-bf83-377eddf82870,herb_010,,,,,,,,herb_010,,,,,,,,,,,,uuid:fdf5f121-0a7f-4769-85bb-4717e0361eb4/observations/quadrat_repeat[20],uuid:fdf5f121-0a7f-4769-85bb-4717e0361eb4/observations/quadrat_repeat[20]/additional_species_repeat[1]
1,reuse_missing,,,,,,,,,,,,6cfa0d1b-d0f6-4a6c-bd0d-5a0c3e586d9b,Tephrosia purpurea,,Tephrosia purpurea,,,,,,,,,,,,uuid:3865525f-1d45-40fc-83ca-7e30fafe6b54/observations/quadrat_repeat[1],uuid:3865525f-1d45-40fc-83ca-7e30fafe6b54/observations/quadrat_repeat[1]/additional_species_repeat[1]
1,reuse_unknown,,,,,,eaddd154-6c59-4cdb-b06f-3a84ff2c6e67,herb_045,,,,,,,,herb_045,,,,,,,,,,,,uuid:3865525f-1d45-40fc-83ca-7e30fafe6b54/observations/quadrat_repeat[2],uuid:3865525f-1d45-40fc-83ca-7e30fafe6b54/observations/quadrat_repeat[2]/additional_species_repeat[1]
2,new_missing,0,6c2aee52-be93-4613-9c8a-4b1ab2e799c6,48,,,,,,herb_048,Thunbergia reticulata,,,,,herb_048 (Thunbergia reticulata),Thunbergia reticulata,pending,missing_species,active,,1779353080309.jpg,,,,,Thunbergia reticulata,uuid:3865525f-1d45-40fc-83ca-7e30fafe6b54/observations/quadrat_repeat[2],uuid:3865525f-1d45-40fc-83ca-7e30fafe6b54/observations/quadrat_repeat[2]/additional_species_repeat[2]
1,reuse_unknown,,,,,,eaddd154-6c59-4cdb-b06f-3a84ff2c6e67,herb_045,,,,,,,,herb_045,,,,,,,,,,,,uuid:3865525f-1d45-40fc-83ca-7e30fafe6b54/observations/quadrat_repeat[3],uuid:3865525f-1d45-40fc-83ca-7e30fafe6b54/observations/quadrat_repeat[3]/additional_species_repeat[1]
2,new_unknown,1,830f676f-f705-4965-ad13-b1781cab7373,49,herb_049,,,,,,,,,,,herb_049,herb_049,pending,unknown_species,active,,1779353514862.jpg,,,,,herb_049,uuid:3865525f-1d45-40fc-83ca-7e30fafe6b54/observations/quadrat_repeat[3],uuid:3865525f-1d45-40fc-83ca-7e30fafe6b54/observations/quadrat_repeat[3]/additional_species_repeat[2]
1,reuse_unknown,,,,,,389d329c-62fe-4ded-80f2-3599fb31c5b6,herb_024,,,,,,,,herb_024,,,,,,,,,,,,uuid:3865525f-1d45-40fc-83ca-7e30fafe6b54/observations/quadrat_repeat[4],uuid:3865525f-1d45-40fc-83ca-7e30fafe6b54/observations/quadrat_repeat[4]/additional_species_repeat[1]
1,reuse_missing,,,,,,,,,,,,6cfa0d1b-d0f6-4a6c-bd0d-5a0c3e586d9b,Tephrosia purpurea,,Tephrosia purpurea,,,,,,,,,,,,uuid:3865525f-1d45-40fc-83ca-7e30fafe6b54/observations/quadrat_repeat[5],uuid:3865525f-1d45-40fc-83ca-7e30fafe6b54/observations/quadrat_repeat[5]/additional_species_repeat[1]
2,reuse_unknown,,,,,,eaddd154-6c59-4cdb-b06f-3a84ff2c6e67,herb_045,,,,,,,,herb_045,,,,,,,,,,,,uuid:3865525f-1d45-40fc-83ca-7e30fafe6b54/observations/quadrat_repeat[5],uuid:3865525f-1d45-40fc-83ca-7e30fafe6b54/observations/quadrat_repeat[5]/additional_species_repeat[2]
3,reuse_unknown,,,,,,830f676f-f705-4965-ad13-b1781cab7373,herb_049,,,,,,,,herb_049,,,,,,,,,,,,uuid:3865525f-1d45-40fc-83ca-7e30fafe6b54/observations/quadrat_repeat[5],uuid:3865525f-1d45-40fc-83ca-7e30fafe6b54/observations/quadrat_repeat[5]/additional_species_repeat[3]
4,reuse_missing,,,,,,,,,,,,481f48b4-4737-470d-873f-b0aa583d973a,Senna obtusifolia,,Senna obtusifolia,,,,,,,,,,,,uuid:3865525f-1d45-40fc-83ca-7e30fafe6b54/observations/quadrat_repeat[5],uuid:3865525f-1d45-40fc-83ca-7e30fafe6b54/observations/quadrat_repeat[5]/additional_species_repeat[4]
1,reuse_unknown,,,,,,389d329c-62fe-4ded-80f2-3599fb31c5b6,herb_024,,,,,,,,herb_024,,,,,,,,,,,,uuid:3865525f-1d45-40fc-83ca-7e30fafe6b54/observations/quadrat_repeat[6],uuid:3865525f-1d45-40fc-83ca-7e30fafe6b54/observations/quadrat_repeat[6]/additional_species_repeat[1]
2,reuse_unknown,,,,,,eaddd154-6c59-4cdb-b06f-3a84ff2c6e67,herb_045,,,,,,,,herb_045,,,,,,,,,,,,uuid:3865525f-1d45-40fc-83ca-7e30fafe6b54/observations/quadrat_repeat[6],uuid:3865525f-1d45-40fc-83ca-7e30fafe6b54/observations/quadrat_repeat[6]/additional_species_repeat[2]
1,reuse_unknown,,,,,,eaddd154-6c59-4cdb-b06f-3a84ff2c6e67,herb_045,,,,,,,,herb_045,,,,,,,,,,,,uuid:3865525f-1d45-40fc-83ca-7e30fafe6b54/observations/quadrat_repeat[7],uuid:3865525f-1d45-40fc-83ca-7e30fafe6b54/observations/quadrat_repeat[7]/additional_species_repeat[1]
1,reuse_unknown,,,,,,389d329c-62fe-4ded-80f2-3599fb31c5b6,herb_024,,,,,,,,herb_024,,,,,,,,,,,,uuid:3865525f-1d45-40fc-83ca-7e30fafe6b54/observations/quadrat_repeat[8],uuid:3865525f-1d45-40fc-83ca-7e30fafe6b54/observations/quadrat_repeat[8]/additional_species_repeat[1]
1,reuse_missing,,,,,,,,,,,,8c8d1146-7b63-440d-9262-4d0c6c3ef1fa,Macrotalyma daltonii,,Macrotalyma daltonii,,,,,,,,,,,,uuid:3865525f-1d45-40fc-83ca-7e30fafe6b54/observations/quadrat_repeat[10],uuid:3865525f-1d45-40fc-83ca-7e30fafe6b54/observations/quadrat_repeat[10]/additional_species_repeat[1]
1,reuse_missing,,,,,,,,,,,,8c8d1146-7b63-440d-9262-4d0c6c3ef1fa,Macrotalyma daltonii,,Macrotalyma daltonii,,,,,,,,,,,,uuid:3865525f-1d45-40fc-83ca-7e30fafe6b54/observations/quadrat_repeat[11],uuid:3865525f-1d45-40fc-83ca-7e30fafe6b54/observations/quadrat_repeat[11]/additional_species_repeat[1]
1,reuse_unknown,,,,,,389d329c-62fe-4ded-80f2-3599fb31c5b6,herb_024,,,,,,,,herb_024,,,,,,,,,,,,uuid:3865525f-1d45-40fc-83ca-7e30fafe6b54/observations/quadrat_repeat[12],uuid:3865525f-1d45-40fc-83ca-7e30fafe6b54/observations/quadrat_repeat[12]/additional_species_repeat[1]
2,new_missing,2,e16cbea9-e3bb-40ab-95b4-1b32b2cc6caf,50,,,,,,herb_050,Hibiscus sidiformis,,,,,herb_050 (Hibiscus sidiformis),Hibiscus sidiformis,pending,missing_species,active,,1779355016489.jpg,,,,,Hibiscus sidiformis,uuid:3865525f-1d45-40fc-83ca-7e30fafe6b54/observations/quadrat_repeat[12],uuid:3865525f-1d45-40fc-83ca-7e30fafe6b54/observations/quadrat_repeat[12]/additional_species_repeat[2]
1,reuse_unknown,,,,,,eaddd154-6c59-4cdb-b06f-3a84ff2c6e67,herb_045,,,,,,,,herb_045,,,,,,,,,,,,uuid:3865525f-1d45-40fc-83ca-7e30fafe6b54/observations/quadrat_repeat[13],uuid:3865525f-1d45-40fc-83ca-7e30fafe6b54/observations/quadrat_repeat[13]/additional_species_repeat[1]
2,reuse_missing,,,,,,,,,,,,6cfa0d1b-d0f6-4a6c-bd0d-5a0c3e586d9b,Tephrosia purpurea,,Tephrosia purpurea,,,,,,,,,,,,uuid:3865525f-1d45-40fc-83ca-7e30fafe6b54/observations/quadrat_repeat[13],uuid:3865525f-1d45-40fc-83ca-7e30fafe6b54/observations/quadrat_repeat[13]/additional_species_repeat[2]
3,reuse_missing,,,,,,,,,,,,895bce64-ba76-494b-9f25-aef306fddca0,Xenostegia tridentata,,Xenostegia tridentata,,,,,,,,,,,,uuid:3865525f-1d45-40fc-83ca-7e30fafe6b54/observations/quadrat_repeat[13],uuid:3865525f-1d45-40fc-83ca-7e30fafe6b54/observations/quadrat_repeat[13]/additional_species_repeat[3]
4,reuse_unknown,,,,,,830f676f-f705-4965-ad13-b1781cab7373,herb_049,,,,,,,,herb_049,,,,,,,,,,,,uuid:3865525f-1d45-40fc-83ca-7e30fafe6b54/observations/quadrat_repeat[13],uuid:3865525f-1d45-40fc-83ca-7e30fafe6b54/observations/quadrat_repeat[13]/additional_species_repeat[4]
1,reuse_unknown,,,,,,eaddd154-6c59-4cdb-b06f-3a84ff2c6e67,herb_045,,,,,,,,herb_045,,,,,,,,,,,,uuid:3865525f-1d45-40fc-83ca-7e30fafe6b54/observations/quadrat_repeat[14],uuid:3865525f-1d45-40fc-83ca-7e30fafe6b54/observations/quadrat_repeat[14]/additional_species_repeat[1]
2,reuse_unknown,,,,,,830f676f-f705-4965-ad13-b1781cab7373,herb_049,,,,,,,,herb_049,,,,,,,,,,,,uuid:3865525f-1d45-40fc-83ca-7e30fafe6b54/observations/quadrat_repeat[14],uuid:3865525f-1d45-40fc-83ca-7e30fafe6b54/observations/quadrat_repeat[14]/additional_species_repeat[2]
1,reuse_unknown,,,,,,bfb94c69-e91b-46c7-90d6-21439f192472,herb_012,,,,,,,,herb_012,,,,,,,,,,,,uuid:3865525f-1d45-40fc-83ca-7e30fafe6b54/observations/quadrat_repeat[15],uuid:3865525f-1d45-40fc-83ca-7e30fafe6b54/observations/quadrat_repeat[15]/additional_species_repeat[1]
2,reuse_unknown,,,,,,389d329c-62fe-4ded-80f2-3599fb31c5b6,herb_024,,,,,,,,herb_024,,,,,,,,,,,,uuid:3865525f-1d45-40fc-83ca-7e30fafe6b54/observations/quadrat_repeat[15],uuid:3865525f-1d45-40fc-83ca-7e30fafe6b54/observations/quadrat_repeat[15]/additional_species_repeat[2]
3,reuse_unknown,,,,,,eaddd154-6c59-4cdb-b06f-3a84ff2c6e67,herb_045,,,,,,,,herb_045,,,,,,,,,,,,uuid:3865525f-1d45-40fc-83ca-7e30fafe6b54/observations/quadrat_repeat[15],uuid:3865525f-1d45-40fc-83ca-7e30fafe6b54/observations/quadrat_repeat[15]/additional_species_repeat[3]
4,reuse_missing,,,,,,,,,,,,06f30c6a-71e6-463b-babf-ca0cce2d7836,Panicum hirtum,,Panicum hirtum,,,,,,,,,,,,uuid:3865525f-1d45-40fc-83ca-7e30fafe6b54/observations/quadrat_repeat[15],uuid:3865525f-1d45-40fc-83ca-7e30fafe6b54/observations/quadrat_repeat[15]/additional_species_repeat[4]
1,reuse_unknown,,,,,,389d329c-62fe-4ded-80f2-3599fb31c5b6,herb_024,,,,,,,,herb_024,,,,,,,,,,,,uuid:3865525f-1d45-40fc-83ca-7e30fafe6b54/observations/quadrat_repeat[17],uuid:3865525f-1d45-40fc-83ca-7e30fafe6b54/observations/quadrat_repeat[17]/additional_species_repeat[1]
2,reuse_unknown,,,,,,eaddd154-6c59-4cdb-b06f-3a84ff2c6e67,herb_045,,,,,,,,herb_045,,,,,,,,,,,,uuid:3865525f-1d45-40fc-83ca-7e30fafe6b54/observations/quadrat_repeat[17],uuid:3865525f-1d45-40fc-83ca-7e30fafe6b54/observations/quadrat_repeat[17]/additional_species_repeat[2]
1,reuse_unknown,,,,,,eaddd154-6c59-4cdb-b06f-3a84ff2c6e67,herb_045,,,,,,,,herb_045,,,,,,,,,,,,uuid:3865525f-1d45-40fc-83ca-7e30fafe6b54/observations/quadrat_repeat[18],uuid:3865525f-1d45-40fc-83ca-7e30fafe6b54/observations/quadrat_repeat[18]/additional_species_repeat[1]
1,reuse_missing,,,,,,,,,,,,06f30c6a-71e6-463b-babf-ca0cce2d7836,Panicum hirtum,,Panicum hirtum,,,,,,,,,,,,uuid:3865525f-1d45-40fc-83ca-7e30fafe6b54/observations/quadrat_repeat[19],uuid:3865525f-1d45-40fc-83ca-7e30fafe6b54/observations/quadrat_repeat[19]/additional_species_repeat[1]
1,reuse_missing,,,,,,,,,,,,06f30c6a-71e6-463b-babf-ca0cce2d7836,Panicum hirtum,,Panicum hirtum,,,,,,,,,,,,uuid:3865525f-1d45-40fc-83ca-7e30fafe6b54/observations/quadrat_repeat[20],uuid:3865525f-1d45-40fc-83ca-7e30fafe6b54/observations/quadrat_repeat[20]/additional_species_repeat[1]
2,new_missing,3,77ee4a62-927a-4611-95ca-f09bd62f1975,51,,,,,,herb_051,Boerhavia coccinea,,,,,herb_051 (Boerhavia coccinea),Boerhavia coccinea,pending,missing_species,active,,1779355943723.jpg,1779355951301.jpg,,,,Boerhavia coccinea,uuid:3865525f-1d45-40fc-83ca-7e30fafe6b54/observations/quadrat_repeat[20],uuid:3865525f-1d45-40fc-83ca-7e30fafe6b54/observations/quadrat_repeat[20]/additional_species_repeat[2]
1,reuse_missing,,,,,,,,,,,,6cfa0d1b-d0f6-4a6c-bd0d-5a0c3e586d9b,Tephrosia purpurea,,Tephrosia purpurea,,,,,,,,,,,,uuid:c17516f9-53dd-4fda-b4e6-e257068198b9/observations/quadrat_repeat[1],uuid:c17516f9-53dd-4fda-b4e6-e257068198b9/observations/quadrat_repeat[1]/additional_species_repeat[1]
1,reuse_missing,,,,,,,,,,,,6cfa0d1b-d0f6-4a6c-bd0d-5a0c3e586d9b,Tephrosia purpurea,,Tephrosia purpurea,,,,,,,,,,,,uuid:c17516f9-53dd-4fda-b4e6-e257068198b9/observations/quadrat_repeat[2],uuid:c17516f9-53dd-4fda-b4e6-e257068198b9/observations/quadrat_repeat[2]/additional_species_repeat[1]
2,new_missing,0,b630c2fa-2340-42d3-9141-8f4950e23968,43,,,,,,herb_043,Striga gesnerioides,,,,,herb_043 (Striga gesnerioides),Striga gesnerioides,pending,missing_species,active,,1779344801381.jpg,,,,,Striga gesnerioides,uuid:c17516f9-53dd-4fda-b4e6-e257068198b9/observations/quadrat_repeat[2],uuid:c17516f9-53dd-4fda-b4e6-e257068198b9/observations/quadrat_repeat[2]/additional_species_repeat[2]
1,reuse_missing,,,,,,,,,,,,6cfa0d1b-d0f6-4a6c-bd0d-5a0c3e586d9b,Tephrosia purpurea,,Tephrosia purpurea,,,,,,,,,,,,uuid:c17516f9-53dd-4fda-b4e6-e257068198b9/observations/quadrat_repeat[4],uuid:c17516f9-53dd-4fda-b4e6-e257068198b9/observations/quadrat_repeat[4]/additional_species_repeat[1]
2,reuse_missing,,,,,,,,,,,,86e48f75-a0d5-4cae-b0c7-f03a025bb150,Evolvulus alsinoides ,,Evolvulus alsinoides ,,,,,,,,,,,,uuid:c17516f9-53dd-4fda-b4e6-e257068198b9/observations/quadrat_repeat[4],uuid:c17516f9-53dd-4fda-b4e6-e257068198b9/observations/quadrat_repeat[4]/additional_species_repeat[2]
3,new_unknown,1,858f2898-ab14-43d9-8f31-eee948a4da4a,44,herb_044,,,,,,,,,,,herb_044,herb_044,pending,unknown_species,active,,1779345514560.jpg,,,,,herb_044,uuid:c17516f9-53dd-4fda-b4e6-e257068198b9/observations/quadrat_repeat[4],uuid:c17516f9-53dd-4fda-b4e6-e257068198b9/observations/quadrat_repeat[4]/additional_species_repeat[3]
1,reuse_unknown,,,,,,1c7e36b1-3abf-447f-bf83-377eddf82870,herb_010,,,,,,,,herb_010,,,,,,,,,,,,uuid:c17516f9-53dd-4fda-b4e6-e257068198b9/observations/quadrat_repeat[7],uuid:c17516f9-53dd-4fda-b4e6-e257068198b9/observations/quadrat_repeat[7]/additional_species_repeat[1]
1,reuse_unknown,,,,,,1c7e36b1-3abf-447f-bf83-377eddf82870,herb_010,,,,,,,,herb_010,,,,,,,,,,,,uuid:c17516f9-53dd-4fda-b4e6-e257068198b9/observations/quadrat_repeat[8],uuid:c17516f9-53dd-4fda-b4e6-e257068198b9/observations/quadrat_repeat[8]/additional_species_repeat[1]
2,reuse_unknown,,,,,,bfb94c69-e91b-46c7-90d6-21439f192472,herb_012,,,,,,,,herb_012,,,,,,,,,,,,uuid:c17516f9-53dd-4fda-b4e6-e257068198b9/observations/quadrat_repeat[8],uuid:c17516f9-53dd-4fda-b4e6-e257068198b9/observations/quadrat_repeat[8]/additional_species_repeat[2]
1,reuse_missing,,,,,,,,,,,,8c8d1146-7b63-440d-9262-4d0c6c3ef1fa,Macrotalyma daltonii,,Macrotalyma daltonii,,,,,,,,,,,,uuid:c17516f9-53dd-4fda-b4e6-e257068198b9/observations/quadrat_repeat[9],uuid:c17516f9-53dd-4fda-b4e6-e257068198b9/observations/quadrat_repeat[9]/additional_species_repeat[1]
1,reuse_missing,,,,,,,,,,,,6cfa0d1b-d0f6-4a6c-bd0d-5a0c3e586d9b,Tephrosia purpurea,,Tephrosia purpurea,,,,,,,,,,,,uuid:c17516f9-53dd-4fda-b4e6-e257068198b9/observations/quadrat_repeat[10],uuid:c17516f9-53dd-4fda-b4e6-e257068198b9/observations/quadrat_repeat[10]/additional_species_repeat[1]
1,reuse_missing,,,,,,,,,,,,8c8d1146-7b63-440d-9262-4d0c6c3ef1fa,Macrotalyma daltonii,,Macrotalyma daltonii,,,,,,,,,,,,uuid:c17516f9-53dd-4fda-b4e6-e257068198b9/observations/quadrat_repeat[11],uuid:c17516f9-53dd-4fda-b4e6-e257068198b9/observations/quadrat_repeat[11]/additional_species_repeat[1]
1,new_unknown,2,eaddd154-6c59-4cdb-b06f-3a84ff2c6e67,45,herb_045,,,,,,,,,,,herb_045,herb_045,pending,unknown_species,active,,1779347903091.jpg,,,,,herb_045,uuid:c17516f9-53dd-4fda-b4e6-e257068198b9/observations/quadrat_repeat[13],uuid:c17516f9-53dd-4fda-b4e6-e257068198b9/observations/quadrat_repeat[13]/additional_species_repeat[1]
2,reuse_missing,,,,,,,,,,,,8c8d1146-7b63-440d-9262-4d0c6c3ef1fa,Macrotalyma daltonii,,Macrotalyma daltonii,,,,,,,,,,,,uuid:c17516f9-53dd-4fda-b4e6-e257068198b9/observations/quadrat_repeat[13],uuid:c17516f9-53dd-4fda-b4e6-e257068198b9/observations/quadrat_repeat[13]/additional_species_repeat[2]
1,reuse_unknown,,,,,,1c7e36b1-3abf-447f-bf83-377eddf82870,herb_010,,,,,,,,herb_010,,,,,,,,,,,,uuid:c17516f9-53dd-4fda-b4e6-e257068198b9/observations/quadrat_repeat[15],uuid:c17516f9-53dd-4fda-b4e6-e257068198b9/observations/quadrat_repeat[15]/additional_species_repeat[1]
2,reuse_missing,,,,,,,,,,,,8c8d1146-7b63-440d-9262-4d0c6c3ef1fa,Macrotalyma daltonii,,Macrotalyma daltonii,,,,,,,,,,,,uuid:c17516f9-53dd-4fda-b4e6-e257068198b9/observations/quadrat_repeat[15],uuid:c17516f9-53dd-4fda-b4e6-e257068198b9/observations/quadrat_repeat[15]/additional_species_repeat[2]
3,reuse_unknown,,,,,,eaddd154-6c59-4cdb-b06f-3a84ff2c6e67,herb_045,,,,,,,,herb_045,,,,,,,,,,,,uuid:c17516f9-53dd-4fda-b4e6-e257068198b9/observations/quadrat_repeat[15],uuid:c17516f9-53dd-4fda-b4e6-e257068198b9/observations/quadrat_repeat[15]/additional_species_repeat[3]
1,reuse_unknown,,,,,,6258d687-8ef2-4238-adce-b1773ed87dfc,herb_042,,,,,,,,herb_042,,,,,,,,,,,,uuid:c17516f9-53dd-4fda-b4e6-e257068198b9/observations/quadrat_repeat[16],uuid:c17516f9-53dd-4fda-b4e6-e257068198b9/observations/quadrat_repeat[16]/additional_species_repeat[1]
2,new_missing,3,481f48b4-4737-470d-873f-b0aa583d973a,46,,,,,,herb_046,Senna obtusifolia,,,,,herb_046 (Senna obtusifolia),Senna obtusifolia,pending,missing_species,active,,1779349124768.jpg,,,,,Senna obtusifolia,uuid:c17516f9-53dd-4fda-b4e6-e257068198b9/observations/quadrat_repeat[16],uuid:c17516f9-53dd-4fda-b4e6-e257068198b9/observations/quadrat_repeat[16]/additional_species_repeat[2]
3,new_missing,4,06f30c6a-71e6-463b-babf-ca0cce2d7836,47,,,,,,herb_047,Panicum hirtum,,,,,herb_047 (Panicum hirtum),Panicum hirtum,pending,missing_species,active,,1779349233752.jpg,,,,,Panicum hirtum,uuid:c17516f9-53dd-4fda-b4e6-e257068198b9/observations/quadrat_repeat[16],uuid:c17516f9-53dd-4fda-b4e6-e257068198b9/observations/quadrat_repeat[16]/additional_species_repeat[3]
1,reuse_unknown,,,,,,ca871a91-6bf3-405f-a0f2-548575363579,herb_029,,,,,,,,herb_029,,,,,,,,,,,,uuid:c17516f9-53dd-4fda-b4e6-e257068198b9/observations/quadrat_repeat[18],uuid:c17516f9-53dd-4fda-b4e6-e257068198b9/observations/quadrat_repeat[18]/additional_species_repeat[1]
2,reuse_unknown,,,,,,858f2898-ab14-43d9-8f31-eee948a4da4a,herb_044,,,,,,,,herb_044,,,,,,,,,,,,uuid:c17516f9-53dd-4fda-b4e6-e257068198b9/observations/quadrat_repeat[18],uuid:c17516f9-53dd-4fda-b4e6-e257068198b9/observations/quadrat_repeat[18]/additional_species_repeat[2]
1,reuse_missing,,,,,,,,,,,,6cfa0d1b-d0f6-4a6c-bd0d-5a0c3e586d9b,Tephrosia purpurea,,Tephrosia purpurea,,,,,,,,,,,,uuid:c17516f9-53dd-4fda-b4e6-e257068198b9/observations/quadrat_repeat[19],uuid:c17516f9-53dd-4fda-b4e6-e257068198b9/observations/quadrat_repeat[19]/additional_species_repeat[1]
2,reuse_missing,,,,,,,,,,,,b630c2fa-2340-42d3-9141-8f4950e23968,herb_043,,herb_043,,,,,,,,,,,,uuid:c17516f9-53dd-4fda-b4e6-e257068198b9/observations/quadrat_repeat[19],uuid:c17516f9-53dd-4fda-b4e6-e257068198b9/observations/quadrat_repeat[19]/additional_species_repeat[2]
1,reuse_missing,,,,,,,,,,,,8c8d1146-7b63-440d-9262-4d0c6c3ef1fa,Macrotalyma daltonii,,Macrotalyma daltonii,,,,,,,,,,,,uuid:c17516f9-53dd-4fda-b4e6-e257068198b9/observations/quadrat_repeat[20],uuid:c17516f9-53dd-4fda-b4e6-e257068198b9/observations/quadrat_repeat[20]/additional_species_repeat[1]
1,reuse_missing,,,,,,,,,,,,8c8d1146-7b63-440d-9262-4d0c6c3ef1fa,Macrotalyma daltonii,,Macrotalyma daltonii,,,,,,,,,,,,uuid:967cb42c-f21a-4ba6-92be-81cd6d2b0e8d/observations/quadrat_repeat[1],uuid:967cb42c-f21a-4ba6-92be-81cd6d2b0e8d/observations/quadrat_repeat[1]/additional_species_repeat[1]
2,reuse_unknown,,,,,,1c7e36b1-3abf-447f-bf83-377eddf82870,herb_010,,,,,,,,herb_010,,,,,,,,,,,,uuid:967cb42c-f21a-4ba6-92be-81cd6d2b0e8d/observations/quadrat_repeat[1],uuid:967cb42c-f21a-4ba6-92be-81cd6d2b0e8d/observations/quadrat_repeat[1]/additional_species_repeat[2]
3,reuse_unknown,,,,,,29a0a19b-dcaf-449f-82ef-97156b5cbe32,herb_026,,,,,,,,herb_026,,,,,,,,,,,,uuid:967cb42c-f21a-4ba6-92be-81cd6d2b0e8d/observations/quadrat_repeat[1],uuid:967cb42c-f21a-4ba6-92be-81cd6d2b0e8d/observations/quadrat_repeat[1]/additional_species_repeat[3]
1,reuse_missing,,,,,,,,,,,,8c8d1146-7b63-440d-9262-4d0c6c3ef1fa,Macrotalyma daltonii,,Macrotalyma daltonii,,,,,,,,,,,,uuid:967cb42c-f21a-4ba6-92be-81cd6d2b0e8d/observations/quadrat_repeat[2],uuid:967cb42c-f21a-4ba6-92be-81cd6d2b0e8d/observations/quadrat_repeat[2]/additional_species_repeat[1]
2,new_unknown,0,3be1d81b-c64d-46f1-bb55-a44b8b3b492d,36,herb_036,,,,,,,,,,,herb_036,herb_036,pending,unknown_species,active,,1779283656566.jpg,,,,,herb_036,uuid:967cb42c-f21a-4ba6-92be-81cd6d2b0e8d/observations/quadrat_repeat[2],uuid:967cb42c-f21a-4ba6-92be-81cd6d2b0e8d/observations/quadrat_repeat[2]/additional_species_repeat[2]
1,new_unknown,1,8beda65a-d741-444e-aca7-6993c25c3c12,37,herb_037,,,,,,,,,,,herb_037,herb_037,pending,unknown_species,active,,1779283732544.jpg,,,,,herb_037,uuid:967cb42c-f21a-4ba6-92be-81cd6d2b0e8d/observations/quadrat_repeat[3],uuid:967cb42c-f21a-4ba6-92be-81cd6d2b0e8d/observations/quadrat_repeat[3]/additional_species_repeat[1]
1,reuse_missing,,,,,,,,,,,,8c8d1146-7b63-440d-9262-4d0c6c3ef1fa,Macrotalyma daltonii,,Macrotalyma daltonii,,,,,,,,,,,,uuid:967cb42c-f21a-4ba6-92be-81cd6d2b0e8d/observations/quadrat_repeat[4],uuid:967cb42c-f21a-4ba6-92be-81cd6d2b0e8d/observations/quadrat_repeat[4]/additional_species_repeat[1]
2,reuse_unknown,,,,,,1c7e36b1-3abf-447f-bf83-377eddf82870,herb_010,,,,,,,,herb_010,,,,,,,,,,,,uuid:967cb42c-f21a-4ba6-92be-81cd6d2b0e8d/observations/quadrat_repeat[4],uuid:967cb42c-f21a-4ba6-92be-81cd6d2b0e8d/observations/quadrat_repeat[4]/additional_species_repeat[2]
3,new_unknown,2,b8f1628d-3e21-4bc0-9505-2462b1f2cb32,38,herb_038,,,,,,,,,,,herb_038,herb_038,pending,unknown_species,active,,1779283831724.jpg,,,,,herb_038,uuid:967cb42c-f21a-4ba6-92be-81cd6d2b0e8d/observations/quadrat_repeat[4],uuid:967cb42c-f21a-4ba6-92be-81cd6d2b0e8d/observations/quadrat_repeat[4]/additional_species_repeat[3]
4,new_unknown,3,719b271a-2d5d-4dd5-bc50-7acbfb42c524,39,herb_039,,,,,,,,,,,herb_039,herb_039,pending,unknown_species,active,,1779283860171.jpg,,,,,herb_039,uuid:967cb42c-f21a-4ba6-92be-81cd6d2b0e8d/observations/quadrat_repeat[4],uuid:967cb42c-f21a-4ba6-92be-81cd6d2b0e8d/observations/quadrat_repeat[4]/additional_species_repeat[4]
1,reuse_missing,,,,,,,,,,,,c9c6df41-df82-4bc5-87b7-63b84898087d,Rhynchosia totta,,Rhynchosia totta,,,,,,,,,,,,uuid:967cb42c-f21a-4ba6-92be-81cd6d2b0e8d/observations/quadrat_repeat[5],uuid:967cb42c-f21a-4ba6-92be-81cd6d2b0e8d/observations/quadrat_repeat[5]/additional_species_repeat[1]
2,reuse_unknown,,,,,,b8f1628d-3e21-4bc0-9505-2462b1f2cb32,herb_038,,,,,,,,herb_038,,,,,,,,,,,,uuid:967cb42c-f21a-4ba6-92be-81cd6d2b0e8d/observations/quadrat_repeat[5],uuid:967cb42c-f21a-4ba6-92be-81cd6d2b0e8d/observations/quadrat_repeat[5]/additional_species_repeat[2]
3,reuse_unknown,,,,,,719b271a-2d5d-4dd5-bc50-7acbfb42c524,herb_039,,,,,,,,herb_039,,,,,,,,,,,,uuid:967cb42c-f21a-4ba6-92be-81cd6d2b0e8d/observations/quadrat_repeat[5],uuid:967cb42c-f21a-4ba6-92be-81cd6d2b0e8d/observations/quadrat_repeat[5]/additional_species_repeat[3]
1,reuse_missing,,,,,,,,,,,,c9c6df41-df82-4bc5-87b7-63b84898087d,Rhynchosia totta,,Rhynchosia totta,,,,,,,,,,,,uuid:967cb42c-f21a-4ba6-92be-81cd6d2b0e8d/observations/quadrat_repeat[6],uuid:967cb42c-f21a-4ba6-92be-81cd6d2b0e8d/observations/quadrat_repeat[6]/additional_species_repeat[1]
2,reuse_unknown,,,,,,b8f1628d-3e21-4bc0-9505-2462b1f2cb32,herb_038,,,,,,,,herb_038,,,,,,,,,,,,uuid:967cb42c-f21a-4ba6-92be-81cd6d2b0e8d/observations/quadrat_repeat[6],uuid:967cb42c-f21a-4ba6-92be-81cd6d2b0e8d/observations/quadrat_repeat[6]/additional_species_repeat[2]
3,new_missing,4,c20ca3f8-38b6-47cf-9050-f3fd9cb7a13b,40,,,,,,herb_040,Aristida scabrivalvis,,,,,herb_040 (Aristida scabrivalvis),Aristida scabrivalvis,pending,missing_species,active,,1779284391158.jpg,1779284421634.jpg,,,,Aristida scabrivalvis,uuid:967cb42c-f21a-4ba6-92be-81cd6d2b0e8d/observations/quadrat_repeat[6],uuid:967cb42c-f21a-4ba6-92be-81cd6d2b0e8d/observations/quadrat_repeat[6]/additional_species_repeat[3]
1,reuse_missing,,,,,,,,,,,,8c8d1146-7b63-440d-9262-4d0c6c3ef1fa,Macrotalyma daltonii,,Macrotalyma daltonii,,,,,,,,,,,,uuid:967cb42c-f21a-4ba6-92be-81cd6d2b0e8d/observations/quadrat_repeat[7],uuid:967cb42c-f21a-4ba6-92be-81cd6d2b0e8d/observations/quadrat_repeat[7]/additional_species_repeat[1]
1,reuse_unknown,,,,,,b8f1628d-3e21-4bc0-9505-2462b1f2cb32,herb_038,,,,,,,,herb_038,,,,,,,,,,,,uuid:967cb42c-f21a-4ba6-92be-81cd6d2b0e8d/observations/quadrat_repeat[8],uuid:967cb42c-f21a-4ba6-92be-81cd6d2b0e8d/observations/quadrat_repeat[8]/additional_species_repeat[1]
1,reuse_unknown,,,,,,1c7e36b1-3abf-447f-bf83-377eddf82870,herb_010,,,,,,,,herb_010,,,,,,,,,,,,uuid:967cb42c-f21a-4ba6-92be-81cd6d2b0e8d/observations/quadrat_repeat[9],uuid:967cb42c-f21a-4ba6-92be-81cd6d2b0e8d/observations/quadrat_repeat[9]/additional_species_repeat[1]
2,reuse_unknown,,,,,,b8f1628d-3e21-4bc0-9505-2462b1f2cb32,herb_038,,,,,,,,herb_038,,,,,,,,,,,,uuid:967cb42c-f21a-4ba6-92be-81cd6d2b0e8d/observations/quadrat_repeat[9],uuid:967cb42c-f21a-4ba6-92be-81cd6d2b0e8d/observations/quadrat_repeat[9]/additional_species_repeat[2]
1,reuse_unknown,,,,,,861c0749-4626-47d9-aa35-25d7cbdec26a,herb_009,,,,,,,,herb_009,,,,,,,,,,,,uuid:967cb42c-f21a-4ba6-92be-81cd6d2b0e8d/observations/quadrat_repeat[10],uuid:967cb42c-f21a-4ba6-92be-81cd6d2b0e8d/observations/quadrat_repeat[10]/additional_species_repeat[1]
2,reuse_unknown,,,,,,1c7e36b1-3abf-447f-bf83-377eddf82870,herb_010,,,,,,,,herb_010,,,,,,,,,,,,uuid:967cb42c-f21a-4ba6-92be-81cd6d2b0e8d/observations/quadrat_repeat[10],uuid:967cb42c-f21a-4ba6-92be-81cd6d2b0e8d/observations/quadrat_repeat[10]/additional_species_repeat[2]
1,new_missing,5,eacca28e-4664-4710-96b9-29a1ef6294ab,41,,,,,,herb_041,Pogonarthria fleckii,,,,,herb_041 (Pogonarthria fleckii),Pogonarthria fleckii,pending,missing_species,active,,1779285463161.jpg,,,,,Pogonarthria fleckii,uuid:967cb42c-f21a-4ba6-92be-81cd6d2b0e8d/observations/quadrat_repeat[11],uuid:967cb42c-f21a-4ba6-92be-81cd6d2b0e8d/observations/quadrat_repeat[11]/additional_species_repeat[1]
1,reuse_unknown,,,,,,1c7e36b1-3abf-447f-bf83-377eddf82870,herb_010,,,,,,,,herb_010,,,,,,,,,,,,uuid:967cb42c-f21a-4ba6-92be-81cd6d2b0e8d/observations/quadrat_repeat[12],uuid:967cb42c-f21a-4ba6-92be-81cd6d2b0e8d/observations/quadrat_repeat[12]/additional_species_repeat[1]
2,new_unknown,6,6258d687-8ef2-4238-adce-b1773ed87dfc,42,herb_042,,,,,,,,,,,herb_042,herb_042,pending,unknown_species,active,,1779286578916.jpg,,,,,herb_042,uuid:967cb42c-f21a-4ba6-92be-81cd6d2b0e8d/observations/quadrat_repeat[12],uuid:967cb42c-f21a-4ba6-92be-81cd6d2b0e8d/observations/quadrat_repeat[12]/additional_species_repeat[2]
1,reuse_missing,,,,,,,,,,,,8c8d1146-7b63-440d-9262-4d0c6c3ef1fa,Macrotalyma daltonii,,Macrotalyma daltonii,,,,,,,,,,,,uuid:967cb42c-f21a-4ba6-92be-81cd6d2b0e8d/observations/quadrat_repeat[14],uuid:967cb42c-f21a-4ba6-92be-81cd6d2b0e8d/observations/quadrat_repeat[14]/additional_species_repeat[1]
2,reuse_unknown,,,,,,b8f1628d-3e21-4bc0-9505-2462b1f2cb32,herb_038,,,,,,,,herb_038,,,,,,,,,,,,uuid:967cb42c-f21a-4ba6-92be-81cd6d2b0e8d/observations/quadrat_repeat[14],uuid:967cb42c-f21a-4ba6-92be-81cd6d2b0e8d/observations/quadrat_repeat[14]/additional_species_repeat[2]
1,reuse_unknown,,,,,,719b271a-2d5d-4dd5-bc50-7acbfb42c524,herb_039,,,,,,,,herb_039,,,,,,,,,,,,uuid:967cb42c-f21a-4ba6-92be-81cd6d2b0e8d/observations/quadrat_repeat[15],uuid:967cb42c-f21a-4ba6-92be-81cd6d2b0e8d/observations/quadrat_repeat[15]/additional_species_repeat[1]
1,reuse_missing,,,,,,,,,,,,8c8d1146-7b63-440d-9262-4d0c6c3ef1fa,Macrotalyma daltonii,,Macrotalyma daltonii,,,,,,,,,,,,uuid:967cb42c-f21a-4ba6-92be-81cd6d2b0e8d/observations/quadrat_repeat[16],uuid:967cb42c-f21a-4ba6-92be-81cd6d2b0e8d/observations/quadrat_repeat[16]/additional_species_repeat[1]
2,reuse_unknown,,,,,,719b271a-2d5d-4dd5-bc50-7acbfb42c524,herb_039,,,,,,,,herb_039,,,,,,,,,,,,uuid:967cb42c-f21a-4ba6-92be-81cd6d2b0e8d/observations/quadrat_repeat[16],uuid:967cb42c-f21a-4ba6-92be-81cd6d2b0e8d/observations/quadrat_repeat[16]/additional_species_repeat[2]
1,reuse_unknown,,,,,,1c7e36b1-3abf-447f-bf83-377eddf82870,herb_010,,,,,,,,herb_010,,,,,,,,,,,,uuid:967cb42c-f21a-4ba6-92be-81cd6d2b0e8d/observations/quadrat_repeat[17],uuid:967cb42c-f21a-4ba6-92be-81cd6d2b0e8d/observations/quadrat_repeat[17]/additional_species_repeat[1]
2,reuse_missing,,,,,,,,,,,,8c8d1146-7b63-440d-9262-4d0c6c3ef1fa,Macrotalyma daltonii,,Macrotalyma daltonii,,,,,,,,,,,,uuid:967cb42c-f21a-4ba6-92be-81cd6d2b0e8d/observations/quadrat_repeat[17],uuid:967cb42c-f21a-4ba6-92be-81cd6d2b0e8d/observations/quadrat_repeat[17]/additional_species_repeat[2]
3,reuse_unknown,,,,,,29a0a19b-dcaf-449f-82ef-97156b5cbe32,herb_026,,,,,,,,herb_026,,,,,,,,,,,,uuid:967cb42c-f21a-4ba6-92be-81cd6d2b0e8d/observations/quadrat_repeat[17],uuid:967cb42c-f21a-4ba6-92be-81cd6d2b0e8d/observations/quadrat_repeat[17]/additional_species_repeat[3]
1,reuse_missing,,,,,,,,,,,,8c8d1146-7b63-440d-9262-4d0c6c3ef1fa,Macrotalyma daltonii,,Macrotalyma daltonii,,,,,,,,,,,,uuid:967cb42c-f21a-4ba6-92be-81cd6d2b0e8d/observations/quadrat_repeat[18],uuid:967cb42c-f21a-4ba6-92be-81cd6d2b0e8d/observations/quadrat_repeat[18]/additional_species_repeat[1]
2,reuse_unknown,,,,,,6258d687-8ef2-4238-adce-b1773ed87dfc,herb_042,,,,,,,,herb_042,,,,,,,,,,,,uuid:967cb42c-f21a-4ba6-92be-81cd6d2b0e8d/observations/quadrat_repeat[18],uuid:967cb42c-f21a-4ba6-92be-81cd6d2b0e8d/observations/quadrat_repeat[18]/additional_species_repeat[2]
3,reuse_unknown,,,,,,b8f1628d-3e21-4bc0-9505-2462b1f2cb32,herb_038,,,,,,,,herb_038,,,,,,,,,,,,uuid:967cb42c-f21a-4ba6-92be-81cd6d2b0e8d/observations/quadrat_repeat[18],uuid:967cb42c-f21a-4ba6-92be-81cd6d2b0e8d/observations/quadrat_repeat[18]/additional_species_repeat[3]
1,reuse_unknown,,,,,,1c7e36b1-3abf-447f-bf83-377eddf82870,herb_010,,,,,,,,herb_010,,,,,,,,,,,,uuid:967cb42c-f21a-4ba6-92be-81cd6d2b0e8d/observations/quadrat_repeat[19],uuid:967cb42c-f21a-4ba6-92be-81cd6d2b0e8d/observations/quadrat_repeat[19]/additional_species_repeat[1]
2,reuse_unknown,,,,,,b8f1628d-3e21-4bc0-9505-2462b1f2cb32,herb_038,,,,,,,,herb_038,,,,,,,,,,,,uuid:967cb42c-f21a-4ba6-92be-81cd6d2b0e8d/observations/quadrat_repeat[19],uuid:967cb42c-f21a-4ba6-92be-81cd6d2b0e8d/observations/quadrat_repeat[19]/additional_species_repeat[2]
1,reuse_missing,,,,,,,,,,,,6cfa0d1b-d0f6-4a6c-bd0d-5a0c3e586d9b,Tephrosia purpurea,,Tephrosia purpurea,,,,,,,,,,,,uuid:ce4f999d-8849-42a9-a870-1205d47b1903/observations/quadrat_repeat[1],uuid:ce4f999d-8849-42a9-a870-1205d47b1903/observations/quadrat_repeat[1]/additional_species_repeat[1]
2,new_unknown,0,54d71dc0-2243-4443-9806-24e5314d1557,31,herb_031,,,,,,,,,,,herb_031,herb_031,pending,unknown_species,active,,1779274475333.jpg,,,,,herb_031,uuid:ce4f999d-8849-42a9-a870-1205d47b1903/observations/quadrat_repeat[1],uuid:ce4f999d-8849-42a9-a870-1205d47b1903/observations/quadrat_repeat[1]/additional_species_repeat[2]
3,new_missing,1,8672383a-29fa-4e54-a614-d6ddbf04d8ea,32,,,,,,herb_032,Rhynchosia minima,,,,,herb_032 (Rhynchosia minima),Rhynchosia minima,pending,missing_species,active,,1779274511194.jpg,,,,,Rhynchosia minima,uuid:ce4f999d-8849-42a9-a870-1205d47b1903/observations/quadrat_repeat[1],uuid:ce4f999d-8849-42a9-a870-1205d47b1903/observations/quadrat_repeat[1]/additional_species_repeat[3]
1,new_unknown,2,fb3df274-e835-4531-bacd-16568d5591ed,33,herb_033,,,,,,,,,,,herb_033,herb_033,pending,unknown_species,active,,1779274648857.jpg,,,,,herb_033,uuid:ce4f999d-8849-42a9-a870-1205d47b1903/observations/quadrat_repeat[2],uuid:ce4f999d-8849-42a9-a870-1205d47b1903/observations/quadrat_repeat[2]/additional_species_repeat[1]
2,reuse_missing,,,,,,,,,,,,6cfa0d1b-d0f6-4a6c-bd0d-5a0c3e586d9b,Tephrosia purpurea,,Tephrosia purpurea,,,,,,,,,,,,uuid:ce4f999d-8849-42a9-a870-1205d47b1903/observations/quadrat_repeat[2],uuid:ce4f999d-8849-42a9-a870-1205d47b1903/observations/quadrat_repeat[2]/additional_species_repeat[2]
1,reuse_missing,,,,,,,,,,,,8c8d1146-7b63-440d-9262-4d0c6c3ef1fa,Macrotalyma daltonii,,Macrotalyma daltonii,,,,,,,,,,,,uuid:ce4f999d-8849-42a9-a870-1205d47b1903/observations/quadrat_repeat[3],uuid:ce4f999d-8849-42a9-a870-1205d47b1903/observations/quadrat_repeat[3]/additional_species_repeat[1]
2,reuse_unknown,,,,,,29a0a19b-dcaf-449f-82ef-97156b5cbe32,herb_026,,,,,,,,herb_026,,,,,,,,,,,,uuid:ce4f999d-8849-42a9-a870-1205d47b1903/observations/quadrat_repeat[3],uuid:ce4f999d-8849-42a9-a870-1205d47b1903/observations/quadrat_repeat[3]/additional_species_repeat[2]
1,reuse_missing,,,,,,,,,,,,8c8d1146-7b63-440d-9262-4d0c6c3ef1fa,Macrotalyma daltonii,,Macrotalyma daltonii,,,,,,,,,,,,uuid:ce4f999d-8849-42a9-a870-1205d47b1903/observations/quadrat_repeat[4],uuid:ce4f999d-8849-42a9-a870-1205d47b1903/observations/quadrat_repeat[4]/additional_species_repeat[1]
2,reuse_missing,,,,,,,,,,,,4821f54d-4b1b-4005-a7ce-0e57846592ea,Phyllanthus pantandrus,,Phyllanthus pantandrus,,,,,,,,,,,,uuid:ce4f999d-8849-42a9-a870-1205d47b1903/observations/quadrat_repeat[4],uuid:ce4f999d-8849-42a9-a870-1205d47b1903/observations/quadrat_repeat[4]/additional_species_repeat[2]
3,reuse_missing,,,,,,,,,,,,8672383a-29fa-4e54-a614-d6ddbf04d8ea,herb_032,,herb_032,,,,,,,,,,,,uuid:ce4f999d-8849-42a9-a870-1205d47b1903/observations/quadrat_repeat[4],uuid:ce4f999d-8849-42a9-a870-1205d47b1903/observations/quadrat_repeat[4]/additional_species_repeat[3]
1,reuse_unknown,,,,,,1c7e36b1-3abf-447f-bf83-377eddf82870,herb_010,,,,,,,,herb_010,,,,,,,,,,,,uuid:ce4f999d-8849-42a9-a870-1205d47b1903/observations/quadrat_repeat[5],uuid:ce4f999d-8849-42a9-a870-1205d47b1903/observations/quadrat_repeat[5]/additional_species_repeat[1]
2,new_unknown,3,d2c0b254-6013-48aa-a8dd-373f57ecd283,34,herb_034,,,,,,,,,,,herb_034,herb_034,pending,unknown_species,active,,1779275322659.jpg,,,,,herb_034,uuid:ce4f999d-8849-42a9-a870-1205d47b1903/observations/quadrat_repeat[5],uuid:ce4f999d-8849-42a9-a870-1205d47b1903/observations/quadrat_repeat[5]/additional_species_repeat[2]
1,reuse_missing,,,,,,,,,,,,8c8d1146-7b63-440d-9262-4d0c6c3ef1fa,Macrotalyma daltonii,,Macrotalyma daltonii,,,,,,,,,,,,uuid:ce4f999d-8849-42a9-a870-1205d47b1903/observations/quadrat_repeat[6],uuid:ce4f999d-8849-42a9-a870-1205d47b1903/observations/quadrat_repeat[6]/additional_species_repeat[1]
2,reuse_unknown,,,,,,d2c0b254-6013-48aa-a8dd-373f57ecd283,herb_034,,,,,,,,herb_034,,,,,,,,,,,,uuid:ce4f999d-8849-42a9-a870-1205d47b1903/observations/quadrat_repeat[6],uuid:ce4f999d-8849-42a9-a870-1205d47b1903/observations/quadrat_repeat[6]/additional_species_repeat[2]
3,new_unknown,4,d33b1cea-79b5-4af5-9c9b-191c74ef00db,35,herb_035,,,,,,,,,,,herb_035,herb_035,pending,unknown_species,active,,1779276001812.jpg,,,,,herb_035,uuid:ce4f999d-8849-42a9-a870-1205d47b1903/observations/quadrat_repeat[6],uuid:ce4f999d-8849-42a9-a870-1205d47b1903/observations/quadrat_repeat[6]/additional_species_repeat[3]
1,reuse_unknown,,,,,,795b0715-6af6-4249-914c-0d4ec9f55692,herb_016,,,,,,,,herb_016,,,,,,,,,,,,uuid:ce4f999d-8849-42a9-a870-1205d47b1903/observations/quadrat_repeat[8],uuid:ce4f999d-8849-42a9-a870-1205d47b1903/observations/quadrat_repeat[8]/additional_species_repeat[1]
2,reuse_missing,,,,,,,,,,,,4821f54d-4b1b-4005-a7ce-0e57846592ea,Phyllanthus pantandrus,,Phyllanthus pantandrus,,,,,,,,,,,,uuid:ce4f999d-8849-42a9-a870-1205d47b1903/observations/quadrat_repeat[8],uuid:ce4f999d-8849-42a9-a870-1205d47b1903/observations/quadrat_repeat[8]/additional_species_repeat[2]
1,reuse_unknown,,,,,,d33b1cea-79b5-4af5-9c9b-191c74ef00db,herb_035,,,,,,,,herb_035,,,,,,,,,,,,uuid:ce4f999d-8849-42a9-a870-1205d47b1903/observations/quadrat_repeat[10],uuid:ce4f999d-8849-42a9-a870-1205d47b1903/observations/quadrat_repeat[10]/additional_species_repeat[1]
1,reuse_missing,,,,,,,,,,,,6cfa0d1b-d0f6-4a6c-bd0d-5a0c3e586d9b,Tephrosia purpurea,,Tephrosia purpurea,,,,,,,,,,,,uuid:ce4f999d-8849-42a9-a870-1205d47b1903/observations/quadrat_repeat[12],uuid:ce4f999d-8849-42a9-a870-1205d47b1903/observations/quadrat_repeat[12]/additional_species_repeat[1]
2,reuse_unknown,,,,,,d33b1cea-79b5-4af5-9c9b-191c74ef00db,herb_035,,,,,,,,herb_035,,,,,,,,,,,,uuid:ce4f999d-8849-42a9-a870-1205d47b1903/observations/quadrat_repeat[12],uuid:ce4f999d-8849-42a9-a870-1205d47b1903/observations/quadrat_repeat[12]/additional_species_repeat[2]
1,reuse_missing,,,,,,,,,,,,8c8d1146-7b63-440d-9262-4d0c6c3ef1fa,Macrotalyma daltonii,,Macrotalyma daltonii,,,,,,,,,,,,uuid:ce4f999d-8849-42a9-a870-1205d47b1903/observations/quadrat_repeat[13],uuid:ce4f999d-8849-42a9-a870-1205d47b1903/observations/quadrat_repeat[13]/additional_species_repeat[1]
1,reuse_missing,,,,,,,,,,,,8c8d1146-7b63-440d-9262-4d0c6c3ef1fa,Macrotalyma daltonii,,Macrotalyma daltonii,,,,,,,,,,,,uuid:ce4f999d-8849-42a9-a870-1205d47b1903/observations/quadrat_repeat[14],uuid:ce4f999d-8849-42a9-a870-1205d47b1903/observations/quadrat_repeat[14]/additional_species_repeat[1]
2,reuse_missing,,,,,,,,,,,,8c8d1146-7b63-440d-9262-4d0c6c3ef1fa,Macrotalyma daltonii,,Macrotalyma daltonii,,,,,,,,,,,,uuid:ce4f999d-8849-42a9-a870-1205d47b1903/observations/quadrat_repeat[14],uuid:ce4f999d-8849-42a9-a870-1205d47b1903/observations/quadrat_repeat[14]/additional_species_repeat[2]
1,reuse_unknown,,,,,,ca871a91-6bf3-405f-a0f2-548575363579,herb_029,,,,,,,,herb_029,,,,,,,,,,,,uuid:ce4f999d-8849-42a9-a870-1205d47b1903/observations/quadrat_repeat[15],uuid:ce4f999d-8849-42a9-a870-1205d47b1903/observations/quadrat_repeat[15]/additional_species_repeat[1]
1,reuse_unknown,,,,,,d2c0b254-6013-48aa-a8dd-373f57ecd283,herb_034,,,,,,,,herb_034,,,,,,,,,,,,uuid:ce4f999d-8849-42a9-a870-1205d47b1903/observations/quadrat_repeat[16],uuid:ce4f999d-8849-42a9-a870-1205d47b1903/observations/quadrat_repeat[16]/additional_species_repeat[1]
1,reuse_unknown,,,,,,54d71dc0-2243-4443-9806-24e5314d1557,herb_031,,,,,,,,herb_031,,,,,,,,,,,,uuid:ce4f999d-8849-42a9-a870-1205d47b1903/observations/quadrat_repeat[17],uuid:ce4f999d-8849-42a9-a870-1205d47b1903/observations/quadrat_repeat[17]/additional_species_repeat[1]
2,reuse_unknown,,,,,,fb3df274-e835-4531-bacd-16568d5591ed,herb_033,,,,,,,,herb_033,,,,,,,,,,,,uuid:ce4f999d-8849-42a9-a870-1205d47b1903/observations/quadrat_repeat[17],uuid:ce4f999d-8849-42a9-a870-1205d47b1903/observations/quadrat_repeat[17]/additional_species_repeat[2]
3,reuse_missing,,,,,,,,,,,,86e48f75-a0d5-4cae-b0c7-f03a025bb150,Evolvulus alsinoides ,,Evolvulus alsinoides ,,,,,,,,,,,,uuid:ce4f999d-8849-42a9-a870-1205d47b1903/observations/quadrat_repeat[17],uuid:ce4f999d-8849-42a9-a870-1205d47b1903/observations/quadrat_repeat[17]/additional_species_repeat[3]
1,reuse_missing,,,,,,,,,,,,8c8d1146-7b63-440d-9262-4d0c6c3ef1fa,Macrotalyma daltonii,,Macrotalyma daltonii,,,,,,,,,,,,uuid:ce4f999d-8849-42a9-a870-1205d47b1903/observations/quadrat_repeat[18],uuid:ce4f999d-8849-42a9-a870-1205d47b1903/observations/quadrat_repeat[18]/additional_species_repeat[1]
1,reuse_missing,,,,,,,,,,,,86e48f75-a0d5-4cae-b0c7-f03a025bb150,Evolvulus alsinoides ,,Evolvulus alsinoides ,,,,,,,,,,,,uuid:ce4f999d-8849-42a9-a870-1205d47b1903/observations/quadrat_repeat[20],uuid:ce4f999d-8849-42a9-a870-1205d47b1903/observations/quadrat_repeat[20]/additional_species_repeat[1]
2,reuse_missing,,,,,,,,,,,,6cfa0d1b-d0f6-4a6c-bd0d-5a0c3e586d9b,Tephrosia purpurea,,Tephrosia purpurea,,,,,,,,,,,,uuid:ce4f999d-8849-42a9-a870-1205d47b1903/observations/quadrat_repeat[20],uuid:ce4f999d-8849-42a9-a870-1205d47b1903/observations/quadrat_repeat[20]/additional_species_repeat[2]
1,reuse_unknown,,,,,,1c7e36b1-3abf-447f-bf83-377eddf82870,herb_010,,,,,,,,herb_010,,,,,,,,,,,,uuid:e7de35f0-a715-47f1-885f-fd5a0d9a2907/observations/quadrat_repeat[1],uuid:e7de35f0-a715-47f1-885f-fd5a0d9a2907/observations/quadrat_repeat[1]/additional_species_repeat[1]
2,new_unknown,0,c04014bb-ee9b-4db9-a053-9031f44f91a8,17,herb_017,,,,,,,,,,,herb_017,herb_017,pending,unknown_species,active,,1779259306231.jpg,,,,,herb_017,uuid:e7de35f0-a715-47f1-885f-fd5a0d9a2907/observations/quadrat_repeat[1],uuid:e7de35f0-a715-47f1-885f-fd5a0d9a2907/observations/quadrat_repeat[1]/additional_species_repeat[2]
3,reuse_missing,,,,,,,,,,,,6cfa0d1b-d0f6-4a6c-bd0d-5a0c3e586d9b,Tephrosia purpurea,,Tephrosia purpurea,,,,,,,,,,,,uuid:e7de35f0-a715-47f1-885f-fd5a0d9a2907/observations/quadrat_repeat[1],uuid:e7de35f0-a715-47f1-885f-fd5a0d9a2907/observations/quadrat_repeat[1]/additional_species_repeat[3]
1,reuse_unknown,,,,,,795b0715-6af6-4249-914c-0d4ec9f55692,herb_016,,,,,,,,herb_016,,,,,,,,,,,,uuid:e7de35f0-a715-47f1-885f-fd5a0d9a2907/observations/quadrat_repeat[2],uuid:e7de35f0-a715-47f1-885f-fd5a0d9a2907/observations/quadrat_repeat[2]/additional_species_repeat[1]
2,reuse_unknown,,,,,,1c7e36b1-3abf-447f-bf83-377eddf82870,herb_010,,,,,,,,herb_010,,,,,,,,,,,,uuid:e7de35f0-a715-47f1-885f-fd5a0d9a2907/observations/quadrat_repeat[2],uuid:e7de35f0-a715-47f1-885f-fd5a0d9a2907/observations/quadrat_repeat[2]/additional_species_repeat[2]
3,reuse_unknown,,,,,,1c7e36b1-3abf-447f-bf83-377eddf82870,herb_010,,,,,,,,herb_010,,,,,,,,,,,,uuid:e7de35f0-a715-47f1-885f-fd5a0d9a2907/observations/quadrat_repeat[2],uuid:e7de35f0-a715-47f1-885f-fd5a0d9a2907/observations/quadrat_repeat[2]/additional_species_repeat[3]
4,new_missing,1,6bbc4cd9-1852-478e-b951-19cd65a144e5,18,,,,,,herb_018,Crotolaria heidmannii,,,,,herb_018 (Crotolaria heidmannii),Crotolaria heidmannii,pending,missing_species,active,,1779260199798.jpg,1779260223262.jpg,,,,Crotolaria heidmannii,uuid:e7de35f0-a715-47f1-885f-fd5a0d9a2907/observations/quadrat_repeat[2],uuid:e7de35f0-a715-47f1-885f-fd5a0d9a2907/observations/quadrat_repeat[2]/additional_species_repeat[4]
1,reuse_unknown,,,,,,1c7e36b1-3abf-447f-bf83-377eddf82870,herb_010,,,,,,,,herb_010,,,,,,,,,,,,uuid:e7de35f0-a715-47f1-885f-fd5a0d9a2907/observations/quadrat_repeat[3],uuid:e7de35f0-a715-47f1-885f-fd5a0d9a2907/observations/quadrat_repeat[3]/additional_species_repeat[1]
2,reuse_missing,,,,,,,,,,,,87bf5d7b-ed1b-489a-8b71-31862f876fcf,Alectra orobanchoides,,Alectra orobanchoides,,,,,,,,,,,,uuid:e7de35f0-a715-47f1-885f-fd5a0d9a2907/observations/quadrat_repeat[3],uuid:e7de35f0-a715-47f1-885f-fd5a0d9a2907/observations/quadrat_repeat[3]/additional_species_repeat[2]
3,new_unknown,2,e6ef7577-5a66-4cfd-834a-d76515170a91,19,herb_019,,,,,,,,,,,herb_019,herb_019,pending,unknown_species,active,,1779261365363.jpg,,,,,herb_019,uuid:e7de35f0-a715-47f1-885f-fd5a0d9a2907/observations/quadrat_repeat[3],uuid:e7de35f0-a715-47f1-885f-fd5a0d9a2907/observations/quadrat_repeat[3]/additional_species_repeat[3]
4,new_missing,3,43214fc0-8a13-4af6-bc50-5b2ff891d955,20,,,,,,herb_020,Oldenladia corymbosa,,,,,herb_020 (Oldenladia corymbosa),Oldenladia corymbosa,pending,missing_species,active,,1779261491427.jpg,1779261535469.jpg,,,,Oldenladia corymbosa,uuid:e7de35f0-a715-47f1-885f-fd5a0d9a2907/observations/quadrat_repeat[3],uuid:e7de35f0-a715-47f1-885f-fd5a0d9a2907/observations/quadrat_repeat[3]/additional_species_repeat[4]
1,reuse_unknown,,,,,,c04014bb-ee9b-4db9-a053-9031f44f91a8,herb_017,,,,,,,,herb_017,,,,,,,,,,,,uuid:e7de35f0-a715-47f1-885f-fd5a0d9a2907/observations/quadrat_repeat[4],uuid:e7de35f0-a715-47f1-885f-fd5a0d9a2907/observations/quadrat_repeat[4]/additional_species_repeat[1]
2,reuse_missing,,,,,,,,,,,,43214fc0-8a13-4af6-bc50-5b2ff891d955,herb_020,,herb_020,,,,,,,,,,,,uuid:e7de35f0-a715-47f1-885f-fd5a0d9a2907/observations/quadrat_repeat[4],uuid:e7de35f0-a715-47f1-885f-fd5a0d9a2907/observations/quadrat_repeat[4]/additional_species_repeat[2]
3,reuse_unknown,,,,,,c04014bb-ee9b-4db9-a053-9031f44f91a8,herb_017,,,,,,,,herb_017,,,,,,,,,,,,uuid:e7de35f0-a715-47f1-885f-fd5a0d9a2907/observations/quadrat_repeat[4],uuid:e7de35f0-a715-47f1-885f-fd5a0d9a2907/observations/quadrat_repeat[4]/additional_species_repeat[3]
4,reuse_missing,,,,,,,,,,,,86e48f75-a0d5-4cae-b0c7-f03a025bb150,Evolvulus alsinoides ,,Evolvulus alsinoides ,,,,,,,,,,,,uuid:e7de35f0-a715-47f1-885f-fd5a0d9a2907/observations/quadrat_repeat[4],uuid:e7de35f0-a715-47f1-885f-fd5a0d9a2907/observations/quadrat_repeat[4]/additional_species_repeat[4]
5,reuse_unknown,,,,,,795b0715-6af6-4249-914c-0d4ec9f55692,herb_016,,,,,,,,herb_016,,,,,,,,,,,,uuid:e7de35f0-a715-47f1-885f-fd5a0d9a2907/observations/quadrat_repeat[4],uuid:e7de35f0-a715-47f1-885f-fd5a0d9a2907/observations/quadrat_repeat[4]/additional_species_repeat[5]
6,new_unknown,4,54628120-2d8f-457f-9316-3e64cca535eb,21,herb_021,,,,,,,,,,,herb_021,herb_021,pending,unknown_species,active,,1779262679795.jpg,,,,,herb_021,uuid:e7de35f0-a715-47f1-885f-fd5a0d9a2907/observations/quadrat_repeat[4],uuid:e7de35f0-a715-47f1-885f-fd5a0d9a2907/observations/quadrat_repeat[4]/additional_species_repeat[6]
1,reuse_missing,,,,,,,,,,,,c9c6df41-df82-4bc5-87b7-63b84898087d,Rhynchosia totta,,Rhynchosia totta,,,,,,,,,,,,uuid:e7de35f0-a715-47f1-885f-fd5a0d9a2907/observations/quadrat_repeat[5],uuid:e7de35f0-a715-47f1-885f-fd5a0d9a2907/observations/quadrat_repeat[5]/additional_species_repeat[1]
2,reuse_unknown,,,,,,54628120-2d8f-457f-9316-3e64cca535eb,herb_021,,,,,,,,herb_021,,,,,,,,,,,,uuid:e7de35f0-a715-47f1-885f-fd5a0d9a2907/observations/quadrat_repeat[5],uuid:e7de35f0-a715-47f1-885f-fd5a0d9a2907/observations/quadrat_repeat[5]/additional_species_repeat[2]
3,reuse_unknown,,,,,,c04014bb-ee9b-4db9-a053-9031f44f91a8,herb_017,,,,,,,,herb_017,,,,,,,,,,,,uuid:e7de35f0-a715-47f1-885f-fd5a0d9a2907/observations/quadrat_repeat[5],uuid:e7de35f0-a715-47f1-885f-fd5a0d9a2907/observations/quadrat_repeat[5]/additional_species_repeat[3]
1,new_missing,5,4821f54d-4b1b-4005-a7ce-0e57846592ea,22,,,,,,herb_022,Phyllanthus pantandrus,,,,,herb_022 (Phyllanthus pantandrus),Phyllanthus pantandrus,pending,missing_species,active,,1779263522537.jpg,,,,,Phyllanthus pantandrus,uuid:e7de35f0-a715-47f1-885f-fd5a0d9a2907/observations/quadrat_repeat[6],uuid:e7de35f0-a715-47f1-885f-fd5a0d9a2907/observations/quadrat_repeat[6]/additional_species_repeat[1]
2,reuse_missing,,,,,,,,,,,,6cfa0d1b-d0f6-4a6c-bd0d-5a0c3e586d9b,Tephrosia purpurea,,Tephrosia purpurea,,,,,,,,,,,,uuid:e7de35f0-a715-47f1-885f-fd5a0d9a2907/observations/quadrat_repeat[6],uuid:e7de35f0-a715-47f1-885f-fd5a0d9a2907/observations/quadrat_repeat[6]/additional_species_repeat[2]
3,new_unknown,6,54273106-68de-458e-901a-1baf9be88094,23,herb_023,,,,,,,,,,,herb_023,herb_023,pending,unknown_species,active,,1779263849867.jpg,,,,,herb_023,uuid:e7de35f0-a715-47f1-885f-fd5a0d9a2907/observations/quadrat_repeat[6],uuid:e7de35f0-a715-47f1-885f-fd5a0d9a2907/observations/quadrat_repeat[6]/additional_species_repeat[3]
1,reuse_missing,,,,,,,,,,,,6bbc4cd9-1852-478e-b951-19cd65a144e5,herb_018,,herb_018,,,,,,,,,,,,uuid:e7de35f0-a715-47f1-885f-fd5a0d9a2907/observations/quadrat_repeat[7],uuid:e7de35f0-a715-47f1-885f-fd5a0d9a2907/observations/quadrat_repeat[7]/additional_species_repeat[1]
1,reuse_missing,,,,,,,,,,,,86e48f75-a0d5-4cae-b0c7-f03a025bb150,Evolvulus alsinoides ,,Evolvulus alsinoides ,,,,,,,,,,,,uuid:e7de35f0-a715-47f1-885f-fd5a0d9a2907/observations/quadrat_repeat[8],uuid:e7de35f0-a715-47f1-885f-fd5a0d9a2907/observations/quadrat_repeat[8]/additional_species_repeat[1]
2,reuse_unknown,,,,,,795b0715-6af6-4249-914c-0d4ec9f55692,herb_016,,,,,,,,herb_016,,,,,,,,,,,,uuid:e7de35f0-a715-47f1-885f-fd5a0d9a2907/observations/quadrat_repeat[8],uuid:e7de35f0-a715-47f1-885f-fd5a0d9a2907/observations/quadrat_repeat[8]/additional_species_repeat[2]
3,new_unknown,7,389d329c-62fe-4ded-80f2-3599fb31c5b6,24,herb_024,,,,,,,,,,,herb_024,herb_024,pending,unknown_species,active,,1779264720108.jpg,,,,,herb_024,uuid:e7de35f0-a715-47f1-885f-fd5a0d9a2907/observations/quadrat_repeat[8],uuid:e7de35f0-a715-47f1-885f-fd5a0d9a2907/observations/quadrat_repeat[8]/additional_species_repeat[3]
1,reuse_unknown,,,,,,bfb94c69-e91b-46c7-90d6-21439f192472,herb_012,,,,,,,,herb_012,,,,,,,,,,,,uuid:e7de35f0-a715-47f1-885f-fd5a0d9a2907/observations/quadrat_repeat[9],uuid:e7de35f0-a715-47f1-885f-fd5a0d9a2907/observations/quadrat_repeat[9]/additional_species_repeat[1]
2,reuse_unknown,,,,,,795b0715-6af6-4249-914c-0d4ec9f55692,herb_016,,,,,,,,herb_016,,,,,,,,,,,,uuid:e7de35f0-a715-47f1-885f-fd5a0d9a2907/observations/quadrat_repeat[9],uuid:e7de35f0-a715-47f1-885f-fd5a0d9a2907/observations/quadrat_repeat[9]/additional_species_repeat[2]
3,new_unknown,8,f2f5561e-fba9-4cd5-af96-ed916d603778,25,herb_025,,,,,,,,,,,herb_025,herb_025,pending,unknown_species,active,,1779265319082.jpg,,,,,herb_025,uuid:e7de35f0-a715-47f1-885f-fd5a0d9a2907/observations/quadrat_repeat[9],uuid:e7de35f0-a715-47f1-885f-fd5a0d9a2907/observations/quadrat_repeat[9]/additional_species_repeat[3]
4,new_unknown,9,29a0a19b-dcaf-449f-82ef-97156b5cbe32,26,herb_026,,,,,,,,,,,herb_026,herb_026,pending,unknown_species,active,,1779265345538.jpg,,,,,herb_026,uuid:e7de35f0-a715-47f1-885f-fd5a0d9a2907/observations/quadrat_repeat[9],uuid:e7de35f0-a715-47f1-885f-fd5a0d9a2907/observations/quadrat_repeat[9]/additional_species_repeat[4]
1,reuse_unknown,,,,,,795b0715-6af6-4249-914c-0d4ec9f55692,herb_016,,,,,,,,herb_016,,,,,,,,,,,,uuid:e7de35f0-a715-47f1-885f-fd5a0d9a2907/observations/quadrat_repeat[10],uuid:e7de35f0-a715-47f1-885f-fd5a0d9a2907/observations/quadrat_repeat[10]/additional_species_repeat[1]
2,reuse_missing,,,,,,,,,,,,6cfa0d1b-d0f6-4a6c-bd0d-5a0c3e586d9b,Tephrosia purpurea,,Tephrosia purpurea,,,,,,,,,,,,uuid:e7de35f0-a715-47f1-885f-fd5a0d9a2907/observations/quadrat_repeat[10],uuid:e7de35f0-a715-47f1-885f-fd5a0d9a2907/observations/quadrat_repeat[10]/additional_species_repeat[2]
3,new_missing,10,8c8d1146-7b63-440d-9262-4d0c6c3ef1fa,27,,,,,,herb_027,Macrotalyma daltonii,,,,,herb_027 (Macrotalyma daltonii),Macrotalyma daltonii,pending,missing_species,active,,1779265809948.jpg,,,,,Macrotalyma daltonii,uuid:e7de35f0-a715-47f1-885f-fd5a0d9a2907/observations/quadrat_repeat[10],uuid:e7de35f0-a715-47f1-885f-fd5a0d9a2907/observations/quadrat_repeat[10]/additional_species_repeat[3]
1,reuse_missing,,,,,,,,,,,,6bbc4cd9-1852-478e-b951-19cd65a144e5,herb_018,,herb_018,,,,,,,,,,,,uuid:e7de35f0-a715-47f1-885f-fd5a0d9a2907/observations/quadrat_repeat[11],uuid:e7de35f0-a715-47f1-885f-fd5a0d9a2907/observations/quadrat_repeat[11]/additional_species_repeat[1]
2,reuse_unknown,,,,,,c04014bb-ee9b-4db9-a053-9031f44f91a8,herb_017,,,,,,,,herb_017,,,,,,,,,,,,uuid:e7de35f0-a715-47f1-885f-fd5a0d9a2907/observations/quadrat_repeat[11],uuid:e7de35f0-a715-47f1-885f-fd5a0d9a2907/observations/quadrat_repeat[11]/additional_species_repeat[2]
1,reuse_unknown,,,,,,795b0715-6af6-4249-914c-0d4ec9f55692,herb_016,,,,,,,,herb_016,,,,,,,,,,,,uuid:e7de35f0-a715-47f1-885f-fd5a0d9a2907/observations/quadrat_repeat[12],uuid:e7de35f0-a715-47f1-885f-fd5a0d9a2907/observations/quadrat_repeat[12]/additional_species_repeat[1]
2,reuse_unknown,,,,,,c04014bb-ee9b-4db9-a053-9031f44f91a8,herb_017,,,,,,,,herb_017,,,,,,,,,,,,uuid:e7de35f0-a715-47f1-885f-fd5a0d9a2907/observations/quadrat_repeat[12],uuid:e7de35f0-a715-47f1-885f-fd5a0d9a2907/observations/quadrat_repeat[12]/additional_species_repeat[2]
3,reuse_unknown,,,,,,1c7e36b1-3abf-447f-bf83-377eddf82870,herb_010,,,,,,,,herb_010,,,,,,,,,,,,uuid:e7de35f0-a715-47f1-885f-fd5a0d9a2907/observations/quadrat_repeat[12],uuid:e7de35f0-a715-47f1-885f-fd5a0d9a2907/observations/quadrat_repeat[12]/additional_species_repeat[3]
4,reuse_unknown,,,,,,bfb94c69-e91b-46c7-90d6-21439f192472,herb_012,,,,,,,,herb_012,,,,,,,,,,,,uuid:e7de35f0-a715-47f1-885f-fd5a0d9a2907/observations/quadrat_repeat[12],uuid:e7de35f0-a715-47f1-885f-fd5a0d9a2907/observations/quadrat_repeat[12]/additional_species_repeat[4]
5,new_missing,11,c314b961-ed35-4db8-9744-976abac154c8,28,,,,,,herb_028,Jacquemontia tannifolia,,,,,herb_028 (Jacquemontia tannifolia),Jacquemontia tannifolia,pending,missing_species,active,,1779266415480.jpg,,,,,Jacquemontia tannifolia,uuid:e7de35f0-a715-47f1-885f-fd5a0d9a2907/observations/quadrat_repeat[12],uuid:e7de35f0-a715-47f1-885f-fd5a0d9a2907/observations/quadrat_repeat[12]/additional_species_repeat[5]
1,reuse_unknown,,,,,,795b0715-6af6-4249-914c-0d4ec9f55692,herb_016,,,,,,,,herb_016,,,,,,,,,,,,uuid:e7de35f0-a715-47f1-885f-fd5a0d9a2907/observations/quadrat_repeat[13],uuid:e7de35f0-a715-47f1-885f-fd5a0d9a2907/observations/quadrat_repeat[13]/additional_species_repeat[1]
2,reuse_unknown,,,,,,c04014bb-ee9b-4db9-a053-9031f44f91a8,herb_017,,,,,,,,herb_017,,,,,,,,,,,,uuid:e7de35f0-a715-47f1-885f-fd5a0d9a2907/observations/quadrat_repeat[13],uuid:e7de35f0-a715-47f1-885f-fd5a0d9a2907/observations/quadrat_repeat[13]/additional_species_repeat[2]
3,reuse_unknown,,,,,,54273106-68de-458e-901a-1baf9be88094,herb_023,,,,,,,,herb_023,,,,,,,,,,,,uuid:e7de35f0-a715-47f1-885f-fd5a0d9a2907/observations/quadrat_repeat[13],uuid:e7de35f0-a715-47f1-885f-fd5a0d9a2907/observations/quadrat_repeat[13]/additional_species_repeat[3]
4,new_unknown,12,ca871a91-6bf3-405f-a0f2-548575363579,29,herb_029,,,,,,,,,,,herb_029,herb_029,pending,unknown_species,active,,1779266669385.jpg,,,,,herb_029,uuid:e7de35f0-a715-47f1-885f-fd5a0d9a2907/observations/quadrat_repeat[13],uuid:e7de35f0-a715-47f1-885f-fd5a0d9a2907/observations/quadrat_repeat[13]/additional_species_repeat[4]
1,reuse_unknown,,,,,,795b0715-6af6-4249-914c-0d4ec9f55692,herb_016,,,,,,,,herb_016,,,,,,,,,,,,uuid:e7de35f0-a715-47f1-885f-fd5a0d9a2907/observations/quadrat_repeat[14],uuid:e7de35f0-a715-47f1-885f-fd5a0d9a2907/observations/quadrat_repeat[14]/additional_species_repeat[1]
2,reuse_missing,,,,,,,,,,,,6cfa0d1b-d0f6-4a6c-bd0d-5a0c3e586d9b,Tephrosia purpurea,,Tephrosia purpurea,,,,,,,,,,,,uuid:e7de35f0-a715-47f1-885f-fd5a0d9a2907/observations/quadrat_repeat[14],uuid:e7de35f0-a715-47f1-885f-fd5a0d9a2907/observations/quadrat_repeat[14]/additional_species_repeat[2]
3,reuse_unknown,,,,,,c04014bb-ee9b-4db9-a053-9031f44f91a8,herb_017,,,,,,,,herb_017,,,,,,,,,,,,uuid:e7de35f0-a715-47f1-885f-fd5a0d9a2907/observations/quadrat_repeat[14],uuid:e7de35f0-a715-47f1-885f-fd5a0d9a2907/observations/quadrat_repeat[14]/additional_species_repeat[3]
1,reuse_unknown,,,,,,c04014bb-ee9b-4db9-a053-9031f44f91a8,herb_017,,,,,,,,herb_017,,,,,,,,,,,,uuid:e7de35f0-a715-47f1-885f-fd5a0d9a2907/observations/quadrat_repeat[15],uuid:e7de35f0-a715-47f1-885f-fd5a0d9a2907/observations/quadrat_repeat[15]/additional_species_repeat[1]
1,reuse_unknown,,,,,,795b0715-6af6-4249-914c-0d4ec9f55692,herb_016,,,,,,,,herb_016,,,,,,,,,,,,uuid:e7de35f0-a715-47f1-885f-fd5a0d9a2907/observations/quadrat_repeat[16],uuid:e7de35f0-a715-47f1-885f-fd5a0d9a2907/observations/quadrat_repeat[16]/additional_species_repeat[1]
2,reuse_missing,,,,,,,,,,,,895bce64-ba76-494b-9f25-aef306fddca0,Xenostegia tridentata,,Xenostegia tridentata,,,,,,,,,,,,uuid:e7de35f0-a715-47f1-885f-fd5a0d9a2907/observations/quadrat_repeat[16],uuid:e7de35f0-a715-47f1-885f-fd5a0d9a2907/observations/quadrat_repeat[16]/additional_species_repeat[2]
3,new_unknown,13,01d0ab14-312d-4084-9c9c-c18850e7caa6,30,herb_030,,,,,,,,,,,herb_030,herb_030,pending,unknown_species,active,,1779267625000.jpg,,,,,herb_030,uuid:e7de35f0-a715-47f1-885f-fd5a0d9a2907/observations/quadrat_repeat[16],uuid:e7de35f0-a715-47f1-885f-fd5a0d9a2907/observations/quadrat_repeat[16]/additional_species_repeat[3]
1,reuse_unknown,,,,,,795b0715-6af6-4249-914c-0d4ec9f55692,herb_016,,,,,,,,herb_016,,,,,,,,,,,,uuid:e7de35f0-a715-47f1-885f-fd5a0d9a2907/observations/quadrat_repeat[17],uuid:e7de35f0-a715-47f1-885f-fd5a0d9a2907/observations/quadrat_repeat[17]/additional_species_repeat[1]
1,reuse_unknown,,,,,,1c7e36b1-3abf-447f-bf83-377eddf82870,herb_010,,,,,,,,herb_010,,,,,,,,,,,,uuid:e7de35f0-a715-47f1-885f-fd5a0d9a2907/observations/quadrat_repeat[18],uuid:e7de35f0-a715-47f1-885f-fd5a0d9a2907/observations/quadrat_repeat[18]/additional_species_repeat[1]
2,reuse_unknown,,,,,,bfb94c69-e91b-46c7-90d6-21439f192472,herb_012,,,,,,,,herb_012,,,,,,,,,,,,uuid:e7de35f0-a715-47f1-885f-fd5a0d9a2907/observations/quadrat_repeat[18],uuid:e7de35f0-a715-47f1-885f-fd5a0d9a2907/observations/quadrat_repeat[18]/additional_species_repeat[2]
1,reuse_missing,,,,,,,,,,,,4821f54d-4b1b-4005-a7ce-0e57846592ea,herb_022,,herb_022,,,,,,,,,,,,uuid:e7de35f0-a715-47f1-885f-fd5a0d9a2907/observations/quadrat_repeat[19],uuid:e7de35f0-a715-47f1-885f-fd5a0d9a2907/observations/quadrat_repeat[19]/additional_species_repeat[1]
2,reuse_unknown,,,,,,1c7e36b1-3abf-447f-bf83-377eddf82870,herb_010,,,,,,,,herb_010,,,,,,,,,,,,uuid:e7de35f0-a715-47f1-885f-fd5a0d9a2907/observations/quadrat_repeat[19],uuid:e7de35f0-a715-47f1-885f-fd5a0d9a2907/observations/quadrat_repeat[19]/additional_species_repeat[2]
3,reuse_missing,,,,,,,,,,,,6bbc4cd9-1852-478e-b951-19cd65a144e5,herb_018,,herb_018,,,,,,,,,,,,uuid:e7de35f0-a715-47f1-885f-fd5a0d9a2907/observations/quadrat_repeat[19],uuid:e7de35f0-a715-47f1-885f-fd5a0d9a2907/observations/quadrat_repeat[19]/additional_species_repeat[3]
1,reuse_unknown,,,,,,1c7e36b1-3abf-447f-bf83-377eddf82870,herb_010,,,,,,,,herb_010,,,,,,,,,,,,uuid:e7de35f0-a715-47f1-885f-fd5a0d9a2907/observations/quadrat_repeat[20],uuid:e7de35f0-a715-47f1-885f-fd5a0d9a2907/observations/quadrat_repeat[20]/additional_species_repeat[1]
2,reuse_unknown,,,,,,795b0715-6af6-4249-914c-0d4ec9f55692,herb_016,,,,,,,,herb_016,,,,,,,,,,,,uuid:e7de35f0-a715-47f1-885f-fd5a0d9a2907/observations/quadrat_repeat[20],uuid:e7de35f0-a715-47f1-885f-fd5a0d9a2907/observations/quadrat_repeat[20]/additional_species_repeat[2]
3,reuse_unknown,,,,,,c04014bb-ee9b-4db9-a053-9031f44f91a8,herb_017,,,,,,,,herb_017,,,,,,,,,,,,uuid:e7de35f0-a715-47f1-885f-fd5a0d9a2907/observations/quadrat_repeat[20],uuid:e7de35f0-a715-47f1-885f-fd5a0d9a2907/observations/quadrat_repeat[20]/additional_species_repeat[3]
4,reuse_unknown,,,,,,795b0715-6af6-4249-914c-0d4ec9f55692,herb_016,,,,,,,,herb_016,,,,,,,,,,,,uuid:e7de35f0-a715-47f1-885f-fd5a0d9a2907/observations/quadrat_repeat[20],uuid:e7de35f0-a715-47f1-885f-fd5a0d9a2907/observations/quadrat_repeat[20]/additional_species_repeat[4]
5,reuse_missing,,,,,,,,,,,,8c8d1146-7b63-440d-9262-4d0c6c3ef1fa,herb_027,,herb_027,,,,,,,,,,,,uuid:e7de35f0-a715-47f1-885f-fd5a0d9a2907/observations/quadrat_repeat[20],uuid:e7de35f0-a715-47f1-885f-fd5a0d9a2907/observations/quadrat_repeat[20]/additional_species_repeat[5]
6,reuse_missing,,,,,,,,,,,,c314b961-ed35-4db8-9744-976abac154c8,herb_028,,herb_028,,,,,,,,,,,,uuid:e7de35f0-a715-47f1-885f-fd5a0d9a2907/observations/quadrat_repeat[20],uuid:e7de35f0-a715-47f1-885f-fd5a0d9a2907/observations/quadrat_repeat[20]/additional_species_repeat[6]
1,new_missing,0,86e48f75-a0d5-4cae-b0c7-f03a025bb150,1,,,,,,herb_001,Evolvulus alsinoides ,,,,,herb_001 (Evolvulus alsinoides ),Evolvulus alsinoides ,pending,missing_species,active,,1779182596240.jpg,1779182609035.jpg,,,,Evolvulus alsinoides ,uuid:359a5da6-d237-4203-b838-8596bdbd4935/observations/quadrat_repeat[1],uuid:359a5da6-d237-4203-b838-8596bdbd4935/observations/quadrat_repeat[1]/additional_species_repeat[1]
2,new_unknown,1,fee329ca-e301-4c77-9fe8-dda15a1ef3cc,2,herb_002,,,,,,,,,,,herb_002,herb_002,pending,unknown_species,active,,1779183062186.jpg,1779183078636.jpg,,,,herb_002,uuid:359a5da6-d237-4203-b838-8596bdbd4935/observations/quadrat_repeat[1],uuid:359a5da6-d237-4203-b838-8596bdbd4935/observations/quadrat_repeat[1]/additional_species_repeat[2]
1,new_missing,2,87bf5d7b-ed1b-489a-8b71-31862f876fcf,3,,,,,,herb_003,Alectra orobanchoides,,,,,herb_003 (Alectra orobanchoides),Alectra orobanchoides,pending,missing_species,active,,1779183861205.jpg,,,,,Alectra orobanchoides,uuid:359a5da6-d237-4203-b838-8596bdbd4935/observations/quadrat_repeat[2],uuid:359a5da6-d237-4203-b838-8596bdbd4935/observations/quadrat_repeat[2]/additional_species_repeat[1]
2,new_missing,3,6cfa0d1b-d0f6-4a6c-bd0d-5a0c3e586d9b,4,,,,,,herb_004,Tephrosia purpurea,,,,,herb_004 (Tephrosia purpurea),Tephrosia purpurea,pending,missing_species,active,,1779183910207.jpg,1779183929985.jpg,,,,Tephrosia purpurea,uuid:359a5da6-d237-4203-b838-8596bdbd4935/observations/quadrat_repeat[2],uuid:359a5da6-d237-4203-b838-8596bdbd4935/observations/quadrat_repeat[2]/additional_species_repeat[2]
1,new_missing,4,cb7ec77f-8e1d-4354-bfce-de3d13afdc8b,5,,,,,,herb_005,Crotolaria sphaerocarpa,,,,,herb_005 (Crotolaria sphaerocarpa),Crotolaria sphaerocarpa,pending,missing_species,active,,1779184428402.jpg,,,,,Crotolaria sphaerocarpa,uuid:359a5da6-d237-4203-b838-8596bdbd4935/observations/quadrat_repeat[3],uuid:359a5da6-d237-4203-b838-8596bdbd4935/observations/quadrat_repeat[3]/additional_species_repeat[1]
2,reuse_unknown,,,,,,fee329ca-e301-4c77-9fe8-dda15a1ef3cc,herb_002,,,,,,,,herb_002,,,,,,,,,,,,uuid:359a5da6-d237-4203-b838-8596bdbd4935/observations/quadrat_repeat[3],uuid:359a5da6-d237-4203-b838-8596bdbd4935/observations/quadrat_repeat[3]/additional_species_repeat[2]
3,new_unknown,5,f19cf027-1cfd-48bc-a9b7-1f20748f6a9a,6,herb_006,,,,,,,,,,,herb_006,herb_006,pending,unknown_species,active,,1779184970906.jpg,1779184983913.jpg,,,,herb_006,uuid:359a5da6-d237-4203-b838-8596bdbd4935/observations/quadrat_repeat[3],uuid:359a5da6-d237-4203-b838-8596bdbd4935/observations/quadrat_repeat[3]/additional_species_repeat[3]
1,reuse_unknown,,,,,,fee329ca-e301-4c77-9fe8-dda15a1ef3cc,herb_002,,,,,,,,herb_002,,,,,,,,,,,,uuid:359a5da6-d237-4203-b838-8596bdbd4935/observations/quadrat_repeat[4],uuid:359a5da6-d237-4203-b838-8596bdbd4935/observations/quadrat_repeat[4]/additional_species_repeat[1]
2,new_unknown,6,36a62f28-926b-4cd3-b221-6c7e32a73ef6,7,herb_007,,,,,,,,,,,herb_007,herb_007,pending,unknown_species,active,,1779186390988.jpg,,,,,herb_007,uuid:359a5da6-d237-4203-b838-8596bdbd4935/observations/quadrat_repeat[4],uuid:359a5da6-d237-4203-b838-8596bdbd4935/observations/quadrat_repeat[4]/additional_species_repeat[2]
1,reuse_unknown,,,,,,fee329ca-e301-4c77-9fe8-dda15a1ef3cc,herb_002,,,,,,,,herb_002,,,,,,,,,,,,uuid:359a5da6-d237-4203-b838-8596bdbd4935/observations/quadrat_repeat[5],uuid:359a5da6-d237-4203-b838-8596bdbd4935/observations/quadrat_repeat[5]/additional_species_repeat[1]
2,new_unknown,7,d1253ccd-3e9e-41b4-a30e-c61f8e021075,8,herb_008,,,,,,,,,,,herb_008,herb_008,pending,unknown_species,active,,1779187015468.jpg,1779187100515.jpg,,,,herb_008,uuid:359a5da6-d237-4203-b838-8596bdbd4935/observations/quadrat_repeat[5],uuid:359a5da6-d237-4203-b838-8596bdbd4935/observations/quadrat_repeat[5]/additional_species_repeat[2]
3,reuse_missing,,,,,,,,,,,,86e48f75-a0d5-4cae-b0c7-f03a025bb150,herb_001,,herb_001,,,,,,,,,,,,uuid:359a5da6-d237-4203-b838-8596bdbd4935/observations/quadrat_repeat[5],uuid:359a5da6-d237-4203-b838-8596bdbd4935/observations/quadrat_repeat[5]/additional_species_repeat[3]
1,reuse_unknown,,,,,,fee329ca-e301-4c77-9fe8-dda15a1ef3cc,herb_002,,,,,,,,herb_002,,,,,,,,,,,,uuid:359a5da6-d237-4203-b838-8596bdbd4935/observations/quadrat_repeat[6],uuid:359a5da6-d237-4203-b838-8596bdbd4935/observations/quadrat_repeat[6]/additional_species_repeat[1]
2,reuse_unknown,,,,,,d1253ccd-3e9e-41b4-a30e-c61f8e021075,herb_008,,,,,,,,herb_008,,,,,,,,,,,,uuid:359a5da6-d237-4203-b838-8596bdbd4935/observations/quadrat_repeat[6],uuid:359a5da6-d237-4203-b838-8596bdbd4935/observations/quadrat_repeat[6]/additional_species_repeat[2]
1,reuse_unknown,,,,,,d1253ccd-3e9e-41b4-a30e-c61f8e021075,herb_008,,,,,,,,herb_008,,,,,,,,,,,,uuid:359a5da6-d237-4203-b838-8596bdbd4935/observations/quadrat_repeat[7],uuid:359a5da6-d237-4203-b838-8596bdbd4935/observations/quadrat_repeat[7]/additional_species_repeat[1]
1,new_unknown,8,861c0749-4626-47d9-aa35-25d7cbdec26a,9,herb_009,,,,,,,,,,,herb_009,herb_009,pending,unknown_species,active,,1779188187107.jpg,,,,,herb_009,uuid:359a5da6-d237-4203-b838-8596bdbd4935/observations/quadrat_repeat[8],uuid:359a5da6-d237-4203-b838-8596bdbd4935/observations/quadrat_repeat[8]/additional_species_repeat[1]
1,new_unknown,9,1c7e36b1-3abf-447f-bf83-377eddf82870,10,herb_010,,,,,,,,,,,herb_010,herb_010,pending,unknown_species,active,,1779188833199.jpg,,,,,herb_010,uuid:359a5da6-d237-4203-b838-8596bdbd4935/observations/quadrat_repeat[9],uuid:359a5da6-d237-4203-b838-8596bdbd4935/observations/quadrat_repeat[9]/additional_species_repeat[1]
2,reuse_unknown,,,,,,fee329ca-e301-4c77-9fe8-dda15a1ef3cc,herb_002,,,,,,,,herb_002,,,,,,,,,,,,uuid:359a5da6-d237-4203-b838-8596bdbd4935/observations/quadrat_repeat[9],uuid:359a5da6-d237-4203-b838-8596bdbd4935/observations/quadrat_repeat[9]/additional_species_repeat[2]
3,reuse_missing,,,,,,,,,,,,6cfa0d1b-d0f6-4a6c-bd0d-5a0c3e586d9b,herb_004,,herb_004,,,,,,,,,,,,uuid:359a5da6-d237-4203-b838-8596bdbd4935/observations/quadrat_repeat[9],uuid:359a5da6-d237-4203-b838-8596bdbd4935/observations/quadrat_repeat[9]/additional_species_repeat[3]
1,reuse_unknown,,,,,,1c7e36b1-3abf-447f-bf83-377eddf82870,herb_010,,,,,,,,herb_010,,,,,,,,,,,,uuid:359a5da6-d237-4203-b838-8596bdbd4935/observations/quadrat_repeat[10],uuid:359a5da6-d237-4203-b838-8596bdbd4935/observations/quadrat_repeat[10]/additional_species_repeat[1]
2,reuse_missing,,,,,,,,,,,,87bf5d7b-ed1b-489a-8b71-31862f876fcf,herb_003,,herb_003,,,,,,,,,,,,uuid:359a5da6-d237-4203-b838-8596bdbd4935/observations/quadrat_repeat[10],uuid:359a5da6-d237-4203-b838-8596bdbd4935/observations/quadrat_repeat[10]/additional_species_repeat[2]
1,reuse_unknown,,,,,,fee329ca-e301-4c77-9fe8-dda15a1ef3cc,herb_002,,,,,,,,herb_002,,,,,,,,,,,,uuid:359a5da6-d237-4203-b838-8596bdbd4935/observations/quadrat_repeat[11],uuid:359a5da6-d237-4203-b838-8596bdbd4935/observations/quadrat_repeat[11]/additional_species_repeat[1]
2,new_unknown,10,6b4d87ce-546c-471a-b9a1-04721386337f,11,herb_011,,,,,,,,,,,herb_011,herb_011,pending,unknown_species,active,,1779189348498.jpg,,,,,herb_011,uuid:359a5da6-d237-4203-b838-8596bdbd4935/observations/quadrat_repeat[11],uuid:359a5da6-d237-4203-b838-8596bdbd4935/observations/quadrat_repeat[11]/additional_species_repeat[2]
1,reuse_missing,,,,,,,,,,,,6cfa0d1b-d0f6-4a6c-bd0d-5a0c3e586d9b,herb_004,,herb_004,,,,,,,,,,,,uuid:359a5da6-d237-4203-b838-8596bdbd4935/observations/quadrat_repeat[12],uuid:359a5da6-d237-4203-b838-8596bdbd4935/observations/quadrat_repeat[12]/additional_species_repeat[1]
2,reuse_unknown,,,,,,fee329ca-e301-4c77-9fe8-dda15a1ef3cc,herb_002,,,,,,,,herb_002,,,,,,,,,,,,uuid:359a5da6-d237-4203-b838-8596bdbd4935/observations/quadrat_repeat[12],uuid:359a5da6-d237-4203-b838-8596bdbd4935/observations/quadrat_repeat[12]/additional_species_repeat[2]
3,reuse_unknown,,,,,,861c0749-4626-47d9-aa35-25d7cbdec26a,herb_009,,,,,,,,herb_009,,,,,,,,,,,,uuid:359a5da6-d237-4203-b838-8596bdbd4935/observations/quadrat_repeat[12],uuid:359a5da6-d237-4203-b838-8596bdbd4935/observations/quadrat_repeat[12]/additional_species_repeat[3]
4,new_unknown,11,bfb94c69-e91b-46c7-90d6-21439f192472,12,herb_012,,,,,,,,,,,herb_012,herb_012,pending,unknown_species,active,,1779191254936.jpg,,,,,herb_012,uuid:359a5da6-d237-4203-b838-8596bdbd4935/observations/quadrat_repeat[12],uuid:359a5da6-d237-4203-b838-8596bdbd4935/observations/quadrat_repeat[12]/additional_species_repeat[4]
1,reuse_unknown,,,,,,fee329ca-e301-4c77-9fe8-dda15a1ef3cc,herb_002,,,,,,,,herb_002,,,,,,,,,,,,uuid:359a5da6-d237-4203-b838-8596bdbd4935/observations/quadrat_repeat[13],uuid:359a5da6-d237-4203-b838-8596bdbd4935/observations/quadrat_repeat[13]/additional_species_repeat[1]
2,reuse_unknown,,,,,,d1253ccd-3e9e-41b4-a30e-c61f8e021075,herb_008,,,,,,,,herb_008,,,,,,,,,,,,uuid:359a5da6-d237-4203-b838-8596bdbd4935/observations/quadrat_repeat[13],uuid:359a5da6-d237-4203-b838-8596bdbd4935/observations/quadrat_repeat[13]/additional_species_repeat[2]
3,reuse_unknown,,,,,,1c7e36b1-3abf-447f-bf83-377eddf82870,herb_010,,,,,,,,herb_010,,,,,,,,,,,,uuid:359a5da6-d237-4203-b838-8596bdbd4935/observations/quadrat_repeat[13],uuid:359a5da6-d237-4203-b838-8596bdbd4935/observations/quadrat_repeat[13]/additional_species_repeat[3]
1,reuse_missing,,,,,,,,,,,,cb7ec77f-8e1d-4354-bfce-de3d13afdc8b,herb_005,,herb_005,,,,,,,,,,,,uuid:359a5da6-d237-4203-b838-8596bdbd4935/observations/quadrat_repeat[14],uuid:359a5da6-d237-4203-b838-8596bdbd4935/observations/quadrat_repeat[14]/additional_species_repeat[1]
1,reuse_unknown,,,,,,d1253ccd-3e9e-41b4-a30e-c61f8e021075,herb_008,,,,,,,,herb_008,,,,,,,,,,,,uuid:359a5da6-d237-4203-b838-8596bdbd4935/observations/quadrat_repeat[15],uuid:359a5da6-d237-4203-b838-8596bdbd4935/observations/quadrat_repeat[15]/additional_species_repeat[1]
2,new_missing,12,895bce64-ba76-494b-9f25-aef306fddca0,13,,,,,,herb_013,Xenostegia tridentata,,,,,herb_013 (Xenostegia tridentata),Xenostegia tridentata,pending,missing_species,active,,1779192318895.jpg,,,,,Xenostegia tridentata,uuid:359a5da6-d237-4203-b838-8596bdbd4935/observations/quadrat_repeat[15],uuid:359a5da6-d237-4203-b838-8596bdbd4935/observations/quadrat_repeat[15]/additional_species_repeat[2]
1,reuse_unknown,,,,,,fee329ca-e301-4c77-9fe8-dda15a1ef3cc,herb_002,,,,,,,,herb_002,,,,,,,,,,,,uuid:359a5da6-d237-4203-b838-8596bdbd4935/observations/quadrat_repeat[16],uuid:359a5da6-d237-4203-b838-8596bdbd4935/observations/quadrat_repeat[16]/additional_species_repeat[1]
2,reuse_unknown,,,,,,d1253ccd-3e9e-41b4-a30e-c61f8e021075,herb_008,,,,,,,,herb_008,,,,,,,,,,,,uuid:359a5da6-d237-4203-b838-8596bdbd4935/observations/quadrat_repeat[16],uuid:359a5da6-d237-4203-b838-8596bdbd4935/observations/quadrat_repeat[16]/additional_species_repeat[2]
3,new_unknown,13,a4d50a1b-ce08-476f-aede-c9b5c724ffc6,14,herb_014,,,,,,,,,,,herb_014,herb_014,pending,unknown_species,active,,1779192745577.jpg,,,,,herb_014,uuid:359a5da6-d237-4203-b838-8596bdbd4935/observations/quadrat_repeat[16],uuid:359a5da6-d237-4203-b838-8596bdbd4935/observations/quadrat_repeat[16]/additional_species_repeat[3]
1,reuse_unknown,,,,,,861c0749-4626-47d9-aa35-25d7cbdec26a,herb_009,,,,,,,,herb_009,,,,,,,,,,,,uuid:359a5da6-d237-4203-b838-8596bdbd4935/observations/quadrat_repeat[17],uuid:359a5da6-d237-4203-b838-8596bdbd4935/observations/quadrat_repeat[17]/additional_species_repeat[1]
2,new_missing,14,c9c6df41-df82-4bc5-87b7-63b84898087d,15,,,,,,herb_015,Rhynchosia totta,,,,,herb_015 (Rhynchosia totta),Rhynchosia totta,pending,missing_species,active,,1779193277867.jpg,,,,,Rhynchosia totta,uuid:359a5da6-d237-4203-b838-8596bdbd4935/observations/quadrat_repeat[17],uuid:359a5da6-d237-4203-b838-8596bdbd4935/observations/quadrat_repeat[17]/additional_species_repeat[2]
1,reuse_unknown,,,,,,861c0749-4626-47d9-aa35-25d7cbdec26a,herb_009,,,,,,,,herb_009,,,,,,,,,,,,uuid:359a5da6-d237-4203-b838-8596bdbd4935/observations/quadrat_repeat[19],uuid:359a5da6-d237-4203-b838-8596bdbd4935/observations/quadrat_repeat[19]/additional_species_repeat[1]
2,new_unknown,15,795b0715-6af6-4249-914c-0d4ec9f55692,16,herb_016,,,,,,,,,,,herb_016,herb_016,pending,unknown_species,active,,1779193965898.jpg,,,,,herb_016,uuid:359a5da6-d237-4203-b838-8596bdbd4935/observations/quadrat_repeat[19],uuid:359a5da6-d237-4203-b838-8596bdbd4935/observations/quadrat_repeat[19]/additional_species_repeat[2]
1,reuse_missing,,,,,,,,,,,,c9c6df41-df82-4bc5-87b7-63b84898087d,herb_015,,herb_015,,,,,,,,,,,,uuid:359a5da6-d237-4203-b838-8596bdbd4935/observations/quadrat_repeat[20],uuid:359a5da6-d237-4203-b838-8596bdbd4935/observations/quadrat_repeat[20]/additional_species_repeat[1]
2,reuse_unknown,,,,,,1c7e36b1-3abf-447f-bf83-377eddf82870,herb_010,,,,,,,,herb_010,,,,,,,,,,,,uuid:359a5da6-d237-4203-b838-8596bdbd4935/observations/quadrat_repeat[20],uuid:359a5da6-d237-4203-b838-8596bdbd4935/observations/quadrat_repeat[20]/additional_species_repeat[2]
